new_scenario,new_mode,new_solve_time_s,new_mipgap_filled,new_feasible,new_objective,new_Tmax,new_client_delay_sum,new_viol_C_sum,new_client_switches,new_n_planes,new_n_jobs,new_n_positions,new_H,new_scenario_type,new_window_tightness,new_n_bin,new_n_vars,new_n_cons,scenario,mode,old_scenario,old_mode,old_solve_time_s,old_mipgap_filled,old_feasible,old_objective,old_Tmax,old_client_delay_sum,old_viol_C_sum,old_client_switches,old_n_planes,old_n_jobs,old_n_positions,old_H,old_scenario_type,old_window_tightness,old_n_bin,old_n_vars,old_n_cons,both_feasible,time_ratio_old_over_new,log_time_ratio,gap_diff_old_minus_new,Tmax_diff_old_minus_new,delay_diff_old_minus_new,violC_diff_old_minus_new,switch_diff_old_minus_new,win_time_new,win_gap_new,win_Tmax_new,win_delay_new,win_violC_new,win_switch_new
scn_custom_many_tight_pl10.xlsx,soft12,2214.0,,True,889563.0,69563.0,0.0,0.0,,10.0,25.0,5.0,71587.0,many,tight,,,,scn_custom_many_tight_pl10.xlsx,soft12,scn_custom_many_tight_pl10.xlsx,soft12,8318.0,,True,,90617.0,0.0,0.0,,10.0,25.0,5.0,90617.0,many,tight,30995.0,31312.0,43276.0,True,3.757000903342367,1.3236210070342749,,21054.0,0.0,0.0,,True,False,True,False,False,False
scn_custom_many_tight_pl10.xlsx,soft,1726.0,,True,889563.0,69563.0,0.0,0.0,,10.0,25.0,5.0,71587.0,many,tight,,,,scn_custom_many_tight_pl10.xlsx,soft,scn_custom_many_tight_pl10.xlsx,soft,9.16,,True,,90617.0,0.0,0.0,,10.0,25.0,5.0,90617.0,many,tight,30995.0,31324.0,43282.0,True,0.005307068366164542,-5.238715692957334,,21054.0,0.0,0.0,,False,False,True,False,False,False
scn_custom_many_tight_pl10.xlsx,medium,7608.0,,True,12000889563.0,69563.0,0.0,0.0,12.0,10.0,25.0,5.0,71587.0,many,tight,,,,scn_custom_many_tight_pl10.xlsx,medium,scn_custom_many_tight_pl10.xlsx,medium,65362.0,,True,,90617.0,0.0,0.0,0.0,10.0,25.0,5.0,90617.0,many,tight,32280.0,32609.0,48422.0,True,8.591219768664564,2.150740724595697,,21054.0,0.0,0.0,-12.0,True,False,True,False,False,False
scn_custom_many_tight_pl10.xlsx,hard,3509.0,,False,0.0,0.0,0.0,0.0,0.0,10.0,25.0,5.0,71587.0,many,tight,,,,scn_custom_many_tight_pl10.xlsx,hard,scn_custom_many_tight_pl10.xlsx,hard,14407.0,,True,,90617.0,0.0,0.0,0.0,10.0,25.0,5.0,90617.0,many,tight,32285.0,32614.0,48427.0,False,4.105728127671702,1.4123831029782579,,90617.0,0.0,0.0,0.0,False,False,False,False,False,False
scn_custom_many_tight_pl12.xlsx,soft12,1543.0,,True,1014914.0,66914.0,0.0,0.0,,12.0,24.0,5.0,68841.0,many,tight,,,,scn_custom_many_tight_pl12.xlsx,soft12,scn_custom_many_tight_pl12.xlsx,soft12,5337.0,,True,,8939099999999990.0,0.0,0.0,,12.0,24.0,5.0,8939099999999990.0,many,tight,31922.0,32229.0,44577.0,True,3.4588464031108233,1.240935123970784,,8939099999933076.0,0.0,0.0,,True,False,True,False,False,False
scn_custom_many_tight_pl12.xlsx,soft,1635.0,,True,1014914.0,66914.0,0.0,0.0,,12.0,24.0,5.0,68841.0,many,tight,,,,scn_custom_many_tight_pl12.xlsx,soft,scn_custom_many_tight_pl12.xlsx,soft,6564.0,,True,,8939099999999990.0,0.0,0.0,,12.0,24.0,5.0,8939099999999990.0,many,tight,31922.0,32241.0,44583.0,True,4.014678899082568,1.3899573688786275,,8939099999933076.0,0.0,0.0,,True,False,True,False,False,False
scn_custom_many_tight_pl12.xlsx,medium,4081.0,,True,7001014914.0,66914.0,0.0,0.0,7.0,12.0,24.0,5.0,68841.0,many,tight,,,,scn_custom_many_tight_pl12.xlsx,medium,scn_custom_many_tight_pl12.xlsx,medium,12394.0,,True,,8939099999999990.0,0.0,0.0,0.0,12.0,24.0,5.0,8939099999999990.0,many,tight,33107.0,33426.0,49323.0,True,3.0370007351139425,1.1108704281162471,,8939099999933076.0,0.0,0.0,-7.0,True,False,True,False,False,False
scn_custom_many_tight_pl12.xlsx,hard,3.2,,True,87001014914.0,66914.0,0.0,0.0,7.0,12.0,24.0,5.0,68841.0,many,tight,,,,scn_custom_many_tight_pl12.xlsx,hard,scn_custom_many_tight_pl12.xlsx,hard,19429.0,,True,,8939099999999990.0,0.0,0.0,2.0,12.0,24.0,5.0,8939099999999990.0,many,tight,33112.0,33431.0,49328.0,True,6071.5625,8.711371264437432,,8939099999933076.0,0.0,0.0,-5.0,True,False,True,False,False,False
scn_custom_many_tight_pl14.xlsx,soft12,1859.0,,True,1247638.0,71638.0,0.0,0.0,,14.0,25.0,5.0,73891.0,many,tight,,,,scn_custom_many_tight_pl14.xlsx,soft12,scn_custom_many_tight_pl14.xlsx,soft12,8.03,,True,,9637100000000000.0,0.0,0.0,,14.0,25.0,5.0,9637100000000000.0,many,tight,37143.0,37464.0,51824.0,True,0.0043195266272189345,-5.444609459762773,,9637099999928362.0,0.0,0.0,,False,False,True,False,False,False
scn_custom_many_tight_pl14.xlsx,soft,2005.0,,True,1247638.0,71638.0,0.0,0.0,,14.0,25.0,5.0,73891.0,many,tight,,,,scn_custom_many_tight_pl14.xlsx,soft,scn_custom_many_tight_pl14.xlsx,soft,7781.0,,True,,9637100000000000.0,0.0,0.0,,14.0,25.0,5.0,9637100000000000.0,many,tight,37143.0,37476.0,51830.0,True,3.8807980049875312,1.3560408038762606,,9637099999928362.0,0.0,0.0,,True,False,True,False,False,False
scn_custom_many_tight_pl14.xlsx,medium,4131.0,,True,13001247638.0,71638.0,0.0,0.0,13.0,14.0,25.0,5.0,73891.0,many,tight,,,,scn_custom_many_tight_pl14.xlsx,medium,scn_custom_many_tight_pl14.xlsx,medium,42585.0,,True,,9637100000000000.0,0.0,0.0,0.0,14.0,25.0,5.0,9637100000000000.0,many,tight,38418.0,38751.0,56930.0,True,10.308641975308642,2.332982570178417,,9637099999928362.0,0.0,0.0,-13.0,True,False,True,False,False,False
scn_custom_many_tight_pl14.xlsx,hard,2858.0,,False,0.0,0.0,0.0,0.0,0.0,14.0,25.0,5.0,73891.0,many,tight,,,,scn_custom_many_tight_pl14.xlsx,hard,scn_custom_many_tight_pl14.xlsx,hard,39885.0,,True,,9637100000000000.0,0.0,0.0,3.0,14.0,25.0,5.0,9637100000000000.0,many,tight,38423.0,38756.0,56935.0,False,13.9555633310007,2.635878233855417,,9637100000000000.0,0.0,0.0,3.0,False,False,False,False,False,False
scn_custom_many_tight_pl16.xlsx,soft12,3547.0,,True,1840.16,96.16,0.0,0.0,,16.0,33.0,5.0,98223.0,many,tight,,,,scn_custom_many_tight_pl16.xlsx,soft12,scn_custom_many_tight_pl16.xlsx,soft12,12.86,,True,,118863.0,0.0,0.0,,16.0,33.0,5.0,118863.0,many,tight,56445.0,56864.0,79176.0,True,0.003625599097829151,-5.619735735964149,,118766.84,0.0,0.0,,False,False,True,False,False,False
scn_custom_many_tight_pl16.xlsx,soft,3137.0,,True,1840.16,96.16,0.0,0.0,,16.0,33.0,5.0,98223.0,many,tight,,,,scn_custom_many_tight_pl16.xlsx,soft,scn_custom_many_tight_pl16.xlsx,soft,14048.0,,True,,118863.0,0.0,0.0,,16.0,33.0,5.0,118863.0,many,tight,56445.0,56876.0,79182.0,True,4.478163850812878,1.4992131076842197,,118766.84,0.0,0.0,,True,False,True,False,False,False
scn_custom_many_tight_pl16.xlsx,medium,14135.0,,True,21001840.16,96.16,0.0,0.0,21.0,16.0,33.0,5.0,98223.0,many,tight,,,,scn_custom_many_tight_pl16.xlsx,medium,scn_custom_many_tight_pl16.xlsx,medium,307209.0,,False,,118863.0,0.0,0.0,5.0,16.0,33.0,5.0,118863.0,many,tight,58705.0,59136.0,88222.0,False,21.73392288645207,3.078874306573818,,118766.84,0.0,0.0,-16.0,False,False,False,False,False,False
scn_custom_many_tight_pl16.xlsx,hard,4609.0,,False,0.0,0.0,0.0,0.0,0.0,16.0,33.0,5.0,98223.0,many,tight,,,,scn_custom_many_tight_pl16.xlsx,hard,scn_custom_many_tight_pl16.xlsx,hard,309689.0,,False,,118863.0,0.0,0.0,8.0,16.0,33.0,5.0,118863.0,many,tight,58710.0,59141.0,88227.0,False,67.19223258841397,4.2075576543665365,,118863.0,0.0,0.0,8.0,False,False,False,False,False,False
scn_custom_many_tight_pl18.xlsx,soft12,4714.0,,True,2513209.0,119209.0,0.0,0.0,,18.0,41.0,5.0,122524.0,many,tight,,,,scn_custom_many_tight_pl18.xlsx,soft12,scn_custom_many_tight_pl18.xlsx,soft12,22881.0,,True,,145194.0,0.0,0.0,,18.0,41.0,5.0,145194.0,many,tight,81923.0,82440.0,115002.0,True,4.853839626644039,1.5797700673362718,,25985.0,0.0,0.0,,True,False,True,False,False,False
scn_custom_many_tight_pl18.xlsx,soft,4609.0,,True,2513209.0,119209.0,0.0,0.0,,18.0,41.0,5.0,122524.0,many,tight,,,,scn_custom_many_tight_pl18.xlsx,soft,scn_custom_many_tight_pl18.xlsx,soft,24136.0,,True,,145194.0,0.0,0.0,,18.0,41.0,5.0,145194.0,many,tight,81923.0,82452.0,115008.0,True,5.236710783250163,1.6556935881183887,,25985.0,0.0,0.0,,True,False,True,False,False,False
scn_custom_many_tight_pl18.xlsx,medium,24756.0,,True,36002513352.0,119352.0,0.0,0.0,36.0,18.0,41.0,5.0,122524.0,many,tight,,,,scn_custom_many_tight_pl18.xlsx,medium,scn_custom_many_tight_pl18.xlsx,medium,176387.0,,True,,145194.0,0.0,0.0,0.0,18.0,41.0,5.0,145194.0,many,tight,85413.0,85942.0,128968.0,True,7.12502019712393,1.9636125608347568,,25842.0,0.0,0.0,-36.0,True,False,True,False,False,False
scn_custom_many_tight_pl18.xlsx,hard,6863.0,,False,0.0,0.0,0.0,0.0,0.0,18.0,41.0,5.0,122524.0,many,tight,,,,scn_custom_many_tight_pl18.xlsx,hard,scn_custom_many_tight_pl18.xlsx,hard,311672.0,,False,,145194.0,0.0,0.0,3.0,18.0,41.0,5.0,145194.0,many,tight,85418.0,85947.0,128973.0,False,45.413376074602944,3.815806688847131,,145194.0,0.0,0.0,3.0,False,False,False,False,False,False
scn_custom_many_tight_pl20.xlsx,soft12,3527.0,,True,2.128644e+16,88644.0,0.0,0.0,,20.0,35.0,5.0,91298.0,many,tight,,,,scn_custom_many_tight_pl20.xlsx,soft12,scn_custom_many_tight_pl20.xlsx,soft12,16624.0,,True,,112568.0,0.0,0.0,,20.0,35.0,5.0,112568.0,many,tight,62495.0,62942.0,88696.0,True,4.713354125318968,1.5503997831029568,,23924.0,0.0,0.0,,True,False,True,False,False,False
scn_custom_many_tight_pl20.xlsx,soft,3716.0,,True,2.128644e+16,88644.0,0.0,0.0,,20.0,35.0,5.0,91298.0,many,tight,,,,scn_custom_many_tight_pl20.xlsx,soft,scn_custom_many_tight_pl20.xlsx,soft,17305.0,,True,,112568.0,0.0,0.0,,20.0,35.0,5.0,112568.0,many,tight,62495.0,62954.0,88702.0,True,4.6568891280947255,1.5383476561357154,,23924.0,0.0,0.0,,True,False,True,False,False,False
scn_custom_many_tight_pl20.xlsx,medium,20199.0,,True,23002128644.0,88644.0,0.0,0.0,23.0,20.0,35.0,5.0,91298.0,many,tight,,,,scn_custom_many_tight_pl20.xlsx,medium,scn_custom_many_tight_pl20.xlsx,medium,45793.0,,True,,112568.0,0.0,0.0,1.0,20.0,35.0,5.0,112568.0,many,tight,65010.0,65469.0,98762.0,True,2.2670924303183324,0.8184981427799554,,23924.0,0.0,0.0,-22.0,True,False,True,False,False,False
scn_custom_many_tight_pl20.xlsx,hard,6422.0,,True,112002129301.0,8930099999999990.0,0.0,0.0,32.0,20.0,35.0,5.0,91298.0,many,tight,,,,scn_custom_many_tight_pl20.xlsx,hard,scn_custom_many_tight_pl20.xlsx,hard,70754.0,,True,,112568.0,0.0,0.0,2.0,20.0,35.0,5.0,112568.0,many,tight,65015.0,65474.0,98767.0,True,11.017440049828714,2.3994794763603364,,-8930099999887422.0,0.0,0.0,-30.0,True,False,False,False,False,False
scn_few-loose_seed10_P3_pl5.xlsx,soft12,0.688,,True,417573.0,37573.0,0.0,0.0,,5.0,14.0,5.0,65039.0,few,loose,,,,scn_few-loose_seed10_P3_pl5.xlsx,soft12,scn_few-loose_seed10_P3_pl5.xlsx,soft12,4291.0,,True,,86569.0,0.0,0.0,,5.0,14.0,5.0,86569.0,few,loose,14697.0,14874.0,19479.0,True,6236.918604651163,8.738241526040317,,48996.0,0.0,0.0,,True,False,True,False,False,False
scn_few-loose_seed10_P3_pl5.xlsx,soft,0.704,,True,417573.0,37573.0,0.0,0.0,,5.0,14.0,5.0,65039.0,few,loose,,,,scn_few-loose_seed10_P3_pl5.xlsx,soft,scn_few-loose_seed10_P3_pl5.xlsx,soft,3428.0,,True,,86569.0,0.0,0.0,,5.0,14.0,5.0,86569.0,few,loose,14697.0,14880.0,19482.0,True,4869.318181818182,8.490709202541765,,48996.0,0.0,0.0,,True,False,True,False,False,False
scn_few-loose_seed10_P3_pl5.xlsx,medium,0.858,,True,423.15,43.15,0.0,0.0,0.0,5.0,14.0,5.0,65039.0,few,loose,,,,scn_few-loose_seed10_P3_pl5.xlsx,medium,scn_few-loose_seed10_P3_pl5.xlsx,medium,3647.0,,True,,86569.0,0.0,0.0,0.0,5.0,14.0,5.0,86569.0,few,loose,14997.0,15180.0,20682.0,True,4250.582750582751,8.354811370302855,,86525.85,0.0,0.0,0.0,True,False,True,False,False,False
scn_few-loose_seed10_P3_pl5.xlsx,hard,0.843,,True,422.8,42.8,0.0,0.0,0.0,5.0,14.0,5.0,65039.0,few,loose,,,,scn_few-loose_seed10_P3_pl5.xlsx,hard,scn_few-loose_seed10_P3_pl5.xlsx,hard,3197.0,,True,,86569.0,0.0,0.0,0.0,5.0,14.0,5.0,86569.0,few,loose,15002.0,15185.0,20687.0,True,3792.408066429419,8.240756470040123,,86526.2,0.0,0.0,0.0,True,False,True,False,False,False
scn_few-loose_seed11_P3_pl5.xlsx,soft12,0.464,,True,356554.0,3655399999999990.0,0.0,0.0,,5.0,9.0,5.0,53888.0,few,loose,,,,scn_few-loose_seed11_P3_pl5.xlsx,soft12,scn_few-loose_seed11_P3_pl5.xlsx,soft12,2755.0,,True,,77588.0,0.0,0.0,,5.0,9.0,5.0,77588.0,few,loose,10092.0,10209.0,13299.0,True,5937.5,8.689043448342897,,-3655399999922402.0,0.0,0.0,,True,False,False,False,False,False
scn_few-loose_seed11_P3_pl5.xlsx,soft,0.441,,True,356554.0,3655399999999990.0,0.0,0.0,,5.0,9.0,5.0,53888.0,few,loose,,,,scn_few-loose_seed11_P3_pl5.xlsx,soft,scn_few-loose_seed11_P3_pl5.xlsx,soft,2918.0,,True,,77588.0,0.0,0.0,,5.0,9.0,5.0,77588.0,few,loose,10092.0,10215.0,13302.0,True,6616.780045351474,8.797364132618021,,-3655399999922402.0,0.0,0.0,,True,False,False,False,False,False
scn_few-loose_seed11_P3_pl5.xlsx,medium,0.438,,True,356554.0,3655399999999990.0,0.0,0.0,0.0,5.0,9.0,5.0,53888.0,few,loose,,,,scn_few-loose_seed11_P3_pl5.xlsx,medium,scn_few-loose_seed11_P3_pl5.xlsx,medium,2732.0,,True,,77588.0,0.0,0.0,0.0,5.0,9.0,5.0,77588.0,few,loose,10222.0,10345.0,13822.0,True,6237.442922374429,8.738325589296371,,-3655399999922402.0,0.0,0.0,0.0,True,False,False,False,False,False
scn_few-loose_seed11_P3_pl5.xlsx,hard,0.443,,True,356554.0,3655399999999990.0,0.0,0.0,0.0,5.0,9.0,5.0,53888.0,few,loose,,,,scn_few-loose_seed11_P3_pl5.xlsx,hard,scn_few-loose_seed11_P3_pl5.xlsx,hard,2481.0,,True,,77588.0,0.0,0.0,0.0,5.0,9.0,5.0,77588.0,few,loose,10227.0,10350.0,13827.0,True,5600.451467268623,8.630602492628803,,-3655399999922402.0,0.0,0.0,0.0,True,False,False,False,False,False
scn_few-loose_seed12_P3_pl5.xlsx,soft12,0.359,,True,295.36,25.36,0.0,0.0,,5.0,8.0,5.0,43678.0,few,loose,,,,scn_few-loose_seed12_P3_pl5.xlsx,soft12,scn_few-loose_seed12_P3_pl5.xlsx,soft12,2256.0,,True,,65818.0,0.0,0.0,,5.0,8.0,5.0,65818.0,few,loose,8271.0,8376.0,10974.0,True,6284.122562674095,8.745781503111807,,65792.64,0.0,0.0,,True,False,True,False,False,False
scn_few-loose_seed12_P3_pl5.xlsx,soft,0.364,,True,295.36,25.36,0.0,0.0,,5.0,8.0,5.0,43678.0,few,loose,,,,scn_few-loose_seed12_P3_pl5.xlsx,soft,scn_few-loose_seed12_P3_pl5.xlsx,soft,1862.0,,True,,65818.0,0.0,0.0,,5.0,8.0,5.0,65818.0,few,loose,8271.0,8382.0,10977.0,True,5115.384615384615,8.540007869182409,,65792.64,0.0,0.0,,True,False,True,False,False,False
scn_few-loose_seed12_P3_pl5.xlsx,medium,0.347,,True,295.36,25.36,0.0,0.0,0.0,5.0,8.0,5.0,43678.0,few,loose,,,,scn_few-loose_seed12_P3_pl5.xlsx,medium,scn_few-loose_seed12_P3_pl5.xlsx,medium,2371.0,,True,,65818.0,0.0,0.0,0.0,5.0,8.0,5.0,65818.0,few,loose,8371.0,8482.0,11377.0,True,6832.8530259366,8.829497585100684,,65792.64,0.0,0.0,0.0,True,False,True,False,False,False
scn_few-loose_seed12_P3_pl5.xlsx,hard,0.406,,True,295.36,25.36,0.0,0.0,0.0,5.0,8.0,5.0,43678.0,few,loose,,,,scn_few-loose_seed12_P3_pl5.xlsx,hard,scn_few-loose_seed12_P3_pl5.xlsx,hard,2723.0,,True,,65818.0,0.0,0.0,0.0,5.0,8.0,5.0,65818.0,few,loose,8376.0,8487.0,11382.0,True,6706.896551724138,8.810891612054164,,65792.64,0.0,0.0,0.0,True,False,True,False,False,False
scn_few-loose_seed1_P3_pl5.xlsx,soft12,0.547,,True,3.95912e+16,3.5912e+16,0.0,0.0,,5.0,12.0,5.0,61065.0,few,loose,,,,scn_few-loose_seed1_P3_pl5.xlsx,soft12,scn_few-loose_seed1_P3_pl5.xlsx,soft12,3251.0,,True,,82785.0,0.0,0.0,,5.0,12.0,5.0,82785.0,few,loose,12687.0,12840.0,16763.0,True,5943.327239488117,8.690024396864061,,-3.5911999999917216e+16,0.0,0.0,,True,False,False,False,False,False
scn_few-loose_seed1_P3_pl5.xlsx,soft,0.54,,True,3.95912e+16,3.5912e+16,0.0,0.0,,5.0,12.0,5.0,61065.0,few,loose,,,,scn_few-loose_seed1_P3_pl5.xlsx,soft,scn_few-loose_seed1_P3_pl5.xlsx,soft,2547.0,,True,,82785.0,0.0,0.0,,5.0,12.0,5.0,82785.0,few,loose,12687.0,12846.0,16766.0,True,4716.666666666666,8.458857614403273,,-3.5911999999917216e+16,0.0,0.0,,True,False,False,False,False,False
scn_few-loose_seed1_P3_pl5.xlsx,medium,0.614,,True,4019709999999990.0,4197099999999970.0,0.0,0.0,0.0,5.0,12.0,5.0,61065.0,few,loose,,,,scn_few-loose_seed1_P3_pl5.xlsx,medium,scn_few-loose_seed1_P3_pl5.xlsx,medium,2639.0,,True,,82785.0,0.0,0.0,0.0,5.0,12.0,5.0,82785.0,few,loose,12922.0,13081.0,17706.0,True,4298.045602605864,8.365915687338319,,-4197099999917185.0,0.0,0.0,0.0,True,False,False,False,False,False
scn_few-loose_seed1_P3_pl5.xlsx,hard,0.756,,True,4.01669999999999e+16,4166999999999970.0,0.0,0.0,0.0,5.0,12.0,5.0,61065.0,few,loose,,,,scn_few-loose_seed1_P3_pl5.xlsx,hard,scn_few-loose_seed1_P3_pl5.xlsx,hard,2425.0,,True,,82785.0,0.0,0.0,0.0,5.0,12.0,5.0,82785.0,few,loose,12927.0,13086.0,17711.0,True,3207.6719576719574,8.073300706174187,,-4166999999917185.0,0.0,0.0,0.0,True,False,False,False,False,False
scn_few-loose_seed2_P3_pl5.xlsx,soft12,0.607,,True,4.07361999999999e+16,3.73619999999999e+16,0.0,0.0,,5.0,13.0,5.0,63423.0,few,loose,,,,scn_few-loose_seed2_P3_pl5.xlsx,soft12,scn_few-loose_seed2_P3_pl5.xlsx,soft12,2853.0,,True,,8782300000000000.0,0.0,0.0,,5.0,13.0,5.0,8782300000000000.0,few,loose,14046.0,14211.0,18539.0,True,4700.164744645799,8.45535283913614,,-2.8579699999999904e+16,0.0,0.0,,True,False,False,False,False,False
scn_few-loose_seed2_P3_pl5.xlsx,soft,0.729,,True,4.07361999999999e+16,3.73619999999999e+16,0.0,0.0,,5.0,13.0,5.0,63423.0,few,loose,,,,scn_few-loose_seed2_P3_pl5.xlsx,soft,scn_few-loose_seed2_P3_pl5.xlsx,soft,3.21,,True,,8782300000000000.0,0.0,0.0,,5.0,13.0,5.0,8782300000000000.0,few,loose,14046.0,14217.0,18542.0,True,4.403292181069959,1.4823524841154034,,-2.8579699999999904e+16,0.0,0.0,,True,False,False,False,False,False
scn_few-loose_seed2_P3_pl5.xlsx,medium,0.973,,True,4.14079999999999e+16,4.40799999999997e+16,0.0,0.0,0.0,5.0,13.0,5.0,63423.0,few,loose,,,,scn_few-loose_seed2_P3_pl5.xlsx,medium,scn_few-loose_seed2_P3_pl5.xlsx,medium,3.29,,True,,8782300000000000.0,0.0,0.0,0.0,5.0,13.0,5.0,8782300000000000.0,few,loose,14316.0,14487.0,19622.0,True,3.3812949640287773,1.2182587615734126,,-3.5297699999999696e+16,0.0,0.0,0.0,True,False,False,False,False,False
scn_few-loose_seed2_P3_pl5.xlsx,hard,0.68,,True,4.07361999999999e+16,3.73619999999999e+16,0.0,0.0,0.0,5.0,13.0,5.0,63423.0,few,loose,,,,scn_few-loose_seed2_P3_pl5.xlsx,hard,scn_few-loose_seed2_P3_pl5.xlsx,hard,2297.0,,True,,8782300000000000.0,0.0,0.0,0.0,5.0,13.0,5.0,8782300000000000.0,few,loose,14321.0,14492.0,19627.0,True,3377.941176470588,8.125021683501084,,-2.8579699999999904e+16,0.0,0.0,0.0,True,False,False,False,False,False
scn_few-loose_seed3_P3_pl5.xlsx,soft12,0.286,,True,256.88,2.18799999999999e+16,0.0,0.0,,5.0,8.0,5.0,36841.0,few,loose,,,,scn_few-loose_seed3_P3_pl5.xlsx,soft12,scn_few-loose_seed3_P3_pl5.xlsx,soft12,1153.0,,True,,57091.0,0.0,0.0,,5.0,8.0,5.0,57091.0,few,loose,7471.0,7576.0,9974.0,True,4031.4685314685316,8.301885988431344,,-2.187999999994281e+16,0.0,0.0,,True,False,False,False,False,False
scn_few-loose_seed3_P3_pl5.xlsx,soft,0.284,,True,256.88,2.18799999999999e+16,0.0,0.0,,5.0,8.0,5.0,36841.0,few,loose,,,,scn_few-loose_seed3_P3_pl5.xlsx,soft,scn_few-loose_seed3_P3_pl5.xlsx,soft,1051.0,,True,,57091.0,0.0,0.0,,5.0,8.0,5.0,57091.0,few,loose,7471.0,7582.0,9977.0,True,3700.704225352113,8.216278411697882,,-2.187999999994281e+16,0.0,0.0,,True,False,False,False,False,False
scn_few-loose_seed3_P3_pl5.xlsx,medium,0.389,,True,256.88,2.18799999999999e+16,0.0,0.0,0.0,5.0,8.0,5.0,36841.0,few,loose,,,,scn_few-loose_seed3_P3_pl5.xlsx,medium,scn_few-loose_seed3_P3_pl5.xlsx,medium,1194.0,,True,,57091.0,0.0,0.0,0.0,5.0,8.0,5.0,57091.0,few,loose,7556.0,7667.0,10317.0,True,3069.408740359897,8.029240229316239,,-2.187999999994281e+16,0.0,0.0,0.0,True,False,False,False,False,False
scn_few-loose_seed3_P3_pl5.xlsx,hard,0.367,,True,256.88,2.18799999999999e+16,0.0,0.0,0.0,5.0,8.0,5.0,36841.0,few,loose,,,,scn_few-loose_seed3_P3_pl5.xlsx,hard,scn_few-loose_seed3_P3_pl5.xlsx,hard,1.33,,True,,57091.0,0.0,0.0,0.0,5.0,8.0,5.0,57091.0,few,loose,7561.0,7672.0,10322.0,True,3.623978201634878,1.2875723731612292,,-2.187999999994281e+16,0.0,0.0,0.0,True,False,False,False,False,False
scn_few-loose_seed4_P3_pl5.xlsx,soft12,0.608,,True,361.45,36.45,0.0,0.0,,5.0,10.0,5.0,54748.0,few,loose,,,,scn_few-loose_seed4_P3_pl5.xlsx,soft12,scn_few-loose_seed4_P3_pl5.xlsx,soft12,1522.0,,True,,78738.0,0.0,0.0,,5.0,10.0,5.0,78738.0,few,loose,10845.0,10974.0,14303.0,True,2503.2894736842104,7.825360935437601,,78701.55,0.0,0.0,,True,False,True,False,False,False
scn_few-loose_seed4_P3_pl5.xlsx,soft,0.474,,True,361.45,36.45,0.0,0.0,,5.0,10.0,5.0,54748.0,few,loose,,,,scn_few-loose_seed4_P3_pl5.xlsx,soft,scn_few-loose_seed4_P3_pl5.xlsx,soft,1379.0,,True,,78738.0,0.0,0.0,,5.0,10.0,5.0,78738.0,few,loose,10845.0,10980.0,14306.0,True,2909.282700421941,7.975661835080363,,78701.55,0.0,0.0,,True,False,True,False,False,False
scn_few-loose_seed4_P3_pl5.xlsx,medium,0.565,,True,3686299999999990.0,436299999999996.0,0.0,0.0,0.0,5.0,10.0,5.0,54748.0,few,loose,,,,scn_few-loose_seed4_P3_pl5.xlsx,medium,scn_few-loose_seed4_P3_pl5.xlsx,medium,1414.0,,True,,78738.0,0.0,0.0,0.0,5.0,10.0,5.0,78738.0,few,loose,11005.0,11140.0,14946.0,True,2502.6548672566373,7.825107394292214,,-436299999921258.0,0.0,0.0,0.0,True,False,False,False,False,False
scn_few-loose_seed4_P3_pl5.xlsx,hard,0.54,,True,361.45,36.45,0.0,0.0,0.0,5.0,10.0,5.0,54748.0,few,loose,,,,scn_few-loose_seed4_P3_pl5.xlsx,hard,scn_few-loose_seed4_P3_pl5.xlsx,hard,1491.0,,True,,78738.0,0.0,0.0,0.0,5.0,10.0,5.0,78738.0,few,loose,11010.0,11145.0,14951.0,True,2761.111111111111,7.923388454188555,,78701.55,0.0,0.0,0.0,True,False,True,False,False,False
scn_few-loose_seed5_P3_pl5.xlsx,soft12,0.408,,True,342.08,32.08,0.0,0.0,,5.0,9.0,5.0,51623.0,few,loose,,,,scn_few-loose_seed5_P3_pl5.xlsx,soft12,scn_few-loose_seed5_P3_pl5.xlsx,soft12,1431.0,,True,,75523.0,0.0,0.0,,5.0,9.0,5.0,75523.0,few,loose,9882.0,9999.0,13039.0,True,3507.3529411764707,8.162616884134426,,75490.92,0.0,0.0,,True,False,True,False,False,False
scn_few-loose_seed5_P3_pl5.xlsx,soft,0.433,,True,342.08,32.08,0.0,0.0,,5.0,9.0,5.0,51623.0,few,loose,,,,scn_few-loose_seed5_P3_pl5.xlsx,soft,scn_few-loose_seed5_P3_pl5.xlsx,soft,1276.0,,True,,75523.0,0.0,0.0,,5.0,9.0,5.0,75523.0,few,loose,9882.0,10005.0,13042.0,True,2946.8822170900694,7.988503014884382,,75490.92,0.0,0.0,,True,False,True,False,False,False
scn_few-loose_seed5_P3_pl5.xlsx,medium,0.417,,True,342.08,32.08,0.0,0.0,0.0,5.0,9.0,5.0,51623.0,few,loose,,,,scn_few-loose_seed5_P3_pl5.xlsx,medium,scn_few-loose_seed5_P3_pl5.xlsx,medium,1321.0,,True,,75523.0,0.0,0.0,0.0,5.0,9.0,5.0,75523.0,few,loose,10002.0,10125.0,13522.0,True,3167.865707434053,8.06081336170566,,75490.92,0.0,0.0,0.0,True,False,True,False,False,False
scn_few-loose_seed5_P3_pl5.xlsx,hard,0.439,,True,342.08,32.08,0.0,0.0,0.0,5.0,9.0,5.0,51623.0,few,loose,,,,scn_few-loose_seed5_P3_pl5.xlsx,hard,scn_few-loose_seed5_P3_pl5.xlsx,hard,1365.0,,True,,75523.0,0.0,0.0,0.0,5.0,9.0,5.0,75523.0,few,loose,10007.0,10130.0,13527.0,True,3109.3394077448747,8.042165573526026,,75490.92,0.0,0.0,0.0,True,False,True,False,False,False
scn_few-loose_seed6_P3_pl5.xlsx,soft12,0.542,,True,387.32,37.32,0.0,0.0,,5.0,11.0,5.0,59941.0,few,loose,,,,scn_few-loose_seed6_P3_pl5.xlsx,soft12,scn_few-loose_seed6_P3_pl5.xlsx,soft12,1701.0,,True,,84271.0,0.0,0.0,,5.0,11.0,5.0,84271.0,few,loose,12205.0,12346.0,16061.0,True,3138.3763837638376,8.051460869938353,,84233.68,0.0,0.0,,True,False,True,False,False,False
scn_few-loose_seed6_P3_pl5.xlsx,soft,0.795,,True,387.32,37.32,0.0,0.0,,5.0,11.0,5.0,59941.0,few,loose,,,,scn_few-loose_seed6_P3_pl5.xlsx,soft,scn_few-loose_seed6_P3_pl5.xlsx,soft,2357.0,,True,,84271.0,0.0,0.0,,5.0,11.0,5.0,84271.0,few,loose,12205.0,12352.0,16064.0,True,2964.779874213836,7.994558067263936,,84233.68,0.0,0.0,,True,False,True,False,False,False
scn_few-loose_seed6_P3_pl5.xlsx,medium,0.634,,True,387.32,37.32,0.0,0.0,0.0,5.0,11.0,5.0,59941.0,few,loose,,,,scn_few-loose_seed6_P3_pl5.xlsx,medium,scn_few-loose_seed6_P3_pl5.xlsx,medium,1735.0,,True,,84271.0,0.0,0.0,0.0,5.0,11.0,5.0,84271.0,few,loose,12400.0,12547.0,16844.0,True,2736.5930599369085,7.914469016925871,,84233.68,0.0,0.0,0.0,True,False,True,False,False,False
scn_few-loose_seed6_P3_pl5.xlsx,hard,0.591,,True,387.32,37.32,0.0,0.0,0.0,5.0,11.0,5.0,59941.0,few,loose,,,,scn_few-loose_seed6_P3_pl5.xlsx,hard,scn_few-loose_seed6_P3_pl5.xlsx,hard,2747.0,,True,,84271.0,0.0,0.0,0.0,5.0,11.0,5.0,84271.0,few,loose,12405.0,12552.0,16849.0,True,4648.054145516075,8.444203947671312,,84233.68,0.0,0.0,0.0,True,False,True,False,False,False
scn_few-loose_seed7_P3_pl5.xlsx,soft12,0.523,,True,341.85,31.85,0.0,0.0,,5.0,11.0,5.0,51671.0,few,loose,,,,scn_few-loose_seed7_P3_pl5.xlsx,soft12,scn_few-loose_seed7_P3_pl5.xlsx,soft12,2591.0,,True,,74691.0,0.0,0.0,,5.0,11.0,5.0,74691.0,few,loose,11055.0,11196.0,14661.0,True,4954.110898661567,8.507972995479324,,74659.15,0.0,0.0,,True,False,True,False,False,False
scn_few-loose_seed7_P3_pl5.xlsx,soft,0.468,,True,341.85,31.85,0.0,0.0,,5.0,11.0,5.0,51671.0,few,loose,,,,scn_few-loose_seed7_P3_pl5.xlsx,soft,scn_few-loose_seed7_P3_pl5.xlsx,soft,2735.0,,True,,74691.0,0.0,0.0,,5.0,11.0,5.0,74691.0,few,loose,11055.0,11202.0,14664.0,True,5844.017094017094,8.673173697920571,,74659.15,0.0,0.0,,True,False,True,False,False,False
scn_few-loose_seed7_P3_pl5.xlsx,medium,0.487,,True,341.85,31.85,0.0,0.0,0.0,5.0,11.0,5.0,51671.0,few,loose,,,,scn_few-loose_seed7_P3_pl5.xlsx,medium,scn_few-loose_seed7_P3_pl5.xlsx,medium,2659.0,,True,,74691.0,0.0,0.0,0.0,5.0,11.0,5.0,74691.0,few,loose,11255.0,11402.0,15464.0,True,5459.9589322381935,8.605196547142567,,74659.15,0.0,0.0,0.0,True,False,True,False,False,False
scn_few-loose_seed7_P3_pl5.xlsx,hard,0.634,,True,343.2,33.2,0.0,0.0,0.0,5.0,11.0,5.0,51671.0,few,loose,,,,scn_few-loose_seed7_P3_pl5.xlsx,hard,scn_few-loose_seed7_P3_pl5.xlsx,hard,2514.0,,True,,74691.0,0.0,0.0,0.0,5.0,11.0,5.0,74691.0,few,loose,11260.0,11407.0,15469.0,True,3965.299684542587,8.285336713695104,,74657.8,0.0,0.0,0.0,True,False,True,False,False,False
scn_few-loose_seed8_P3_pl5.xlsx,soft12,0.427,,True,315.55,25.55,0.0,0.0,,5.0,9.0,5.0,47597.0,few,loose,,,,scn_few-loose_seed8_P3_pl5.xlsx,soft12,scn_few-loose_seed8_P3_pl5.xlsx,soft12,2143.0,,True,,69467.0,0.0,0.0,,5.0,9.0,5.0,69467.0,few,loose,9252.0,9369.0,12259.0,True,5018.735362997658,8.52093326122709,,69441.45,0.0,0.0,,True,False,True,False,False,False
scn_few-loose_seed8_P3_pl5.xlsx,soft,0.384,,True,315.55,25.55,0.0,0.0,,5.0,9.0,5.0,47597.0,few,loose,,,,scn_few-loose_seed8_P3_pl5.xlsx,soft,scn_few-loose_seed8_P3_pl5.xlsx,soft,3158.0,,True,,69467.0,0.0,0.0,,5.0,9.0,5.0,69467.0,few,loose,9252.0,9375.0,12262.0,True,8223.958333333334,9.014806921209997,,69441.45,0.0,0.0,,True,False,True,False,False,False
scn_few-loose_seed8_P3_pl5.xlsx,medium,0.524,,True,315.55,25.55,0.0,0.0,0.0,5.0,9.0,5.0,47597.0,few,loose,,,,scn_few-loose_seed8_P3_pl5.xlsx,medium,scn_few-loose_seed8_P3_pl5.xlsx,medium,2156.0,,True,,69467.0,0.0,0.0,0.0,5.0,9.0,5.0,69467.0,few,loose,9367.0,9490.0,12722.0,True,4114.503816793893,8.322273526689983,,69441.45,0.0,0.0,0.0,True,False,True,False,False,False
scn_few-loose_seed8_P3_pl5.xlsx,hard,0.439,,True,315.55,25.55,0.0,0.0,0.0,5.0,9.0,5.0,47597.0,few,loose,,,,scn_few-loose_seed8_P3_pl5.xlsx,hard,scn_few-loose_seed8_P3_pl5.xlsx,hard,1951.0,,True,,69467.0,0.0,0.0,0.0,5.0,9.0,5.0,69467.0,few,loose,9372.0,9495.0,12727.0,True,4444.191343963554,8.399353206530076,,69441.45,0.0,0.0,0.0,True,False,True,False,False,False
scn_few-loose_seed9_P3_pl5.xlsx,soft12,0.611,,True,393632.0,4.3632e+16,0.0,0.0,,5.0,12.0,5.0,59.92,few,loose,,,,scn_few-loose_seed9_P3_pl5.xlsx,soft12,scn_few-loose_seed9_P3_pl5.xlsx,soft12,2992.0,,True,,83.15,0.0,0.0,,5.0,12.0,5.0,83.15,few,loose,12807.0,12960.0,16908.0,True,4896.890343698855,8.49635565890491,,-4.363199999999992e+16,0.0,0.0,,True,False,False,False,False,False
scn_few-loose_seed9_P3_pl5.xlsx,soft,0.768,,True,393632.0,4.3632e+16,0.0,0.0,,5.0,12.0,5.0,59.92,few,loose,,,,scn_few-loose_seed9_P3_pl5.xlsx,soft,scn_few-loose_seed9_P3_pl5.xlsx,soft,2719.0,,True,,83.15,0.0,0.0,,5.0,12.0,5.0,83.15,few,loose,12807.0,12966.0,16911.0,True,3540.3645833333335,8.171984990466935,,-4.363199999999992e+16,0.0,0.0,,True,False,False,False,False,False
scn_few-loose_seed9_P3_pl5.xlsx,medium,0.588,,True,393632.0,4.3632e+16,0.0,0.0,0.0,5.0,12.0,5.0,59.92,few,loose,,,,scn_few-loose_seed9_P3_pl5.xlsx,medium,scn_few-loose_seed9_P3_pl5.xlsx,medium,3091.0,,True,,83.15,0.0,0.0,0.0,5.0,12.0,5.0,83.15,few,loose,13042.0,13201.0,17851.0,True,5256.802721088436,8.567278273215626,,-4.363199999999992e+16,0.0,0.0,0.0,True,False,False,False,False,False
scn_few-loose_seed9_P3_pl5.xlsx,hard,0.645,,True,393632.0,4.3632e+16,0.0,0.0,0.0,5.0,12.0,5.0,59.92,few,loose,,,,scn_few-loose_seed9_P3_pl5.xlsx,hard,scn_few-loose_seed9_P3_pl5.xlsx,hard,3309.0,,True,,83.15,0.0,0.0,0.0,5.0,12.0,5.0,83.15,few,loose,13047.0,13206.0,17856.0,True,5130.232558139534,8.542906270107977,,-4.363199999999992e+16,0.0,0.0,0.0,True,False,False,False,False,False
scn_few-tight_seed10_P2_pl5.xlsx,soft12,1152.0,,True,700604.0,105604.0,0.0,0.0,,5.0,19.0,5.0,108371.0,few,tight,,,,scn_few-tight_seed10_P2_pl5.xlsx,soft12,scn_few-tight_seed10_P2_pl5.xlsx,soft12,5723.0,,True,,1.32370999999999e+16,0.0,0.0,,5.0,19.0,5.0,1.32370999999999e+16,few,tight,26037.0,26274.0,33869.0,True,4.967881944444445,1.6029935811532658,,1.3237099999894296e+16,0.0,0.0,,True,False,True,False,False,False
scn_few-tight_seed10_P2_pl5.xlsx,soft,1127.0,,True,700604.0,105604.0,0.0,0.0,,5.0,19.0,5.0,108371.0,few,tight,,,,scn_few-tight_seed10_P2_pl5.xlsx,soft,scn_few-tight_seed10_P2_pl5.xlsx,soft,4803.0,,True,,1.32370999999999e+16,0.0,0.0,,5.0,19.0,5.0,1.32370999999999e+16,few,tight,26037.0,26280.0,33872.0,True,4.261756876663709,1.4496814876250481,,1.3237099999894296e+16,0.0,0.0,,True,False,True,False,False,False
scn_few-tight_seed10_P2_pl5.xlsx,medium,1151.0,,True,700604.0,105604.0,0.0,0.0,0.0,5.0,19.0,5.0,108371.0,few,tight,,,,scn_few-tight_seed10_P2_pl5.xlsx,medium,scn_few-tight_seed10_P2_pl5.xlsx,medium,5983.0,,True,,1.32370999999999e+16,0.0,0.0,0.0,5.0,19.0,5.0,1.32370999999999e+16,few,tight,26597.0,26840.0,36112.0,True,5.198088618592529,1.6482909846681493,,1.3237099999894296e+16,0.0,0.0,0.0,True,False,True,False,False,False
scn_few-tight_seed10_P2_pl5.xlsx,hard,1191.0,,True,700604.0,105604.0,0.0,0.0,0.0,5.0,19.0,5.0,108371.0,few,tight,,,,scn_few-tight_seed10_P2_pl5.xlsx,hard,scn_few-tight_seed10_P2_pl5.xlsx,hard,5634.0,,True,,1.32370999999999e+16,0.0,0.0,0.0,5.0,19.0,5.0,1.32370999999999e+16,few,tight,26602.0,26845.0,36117.0,True,4.730478589420655,1.5540263790810178,,1.3237099999894296e+16,0.0,0.0,0.0,True,False,True,False,False,False
scn_few-tight_seed11_P2_pl5.xlsx,soft12,1165.0,,True,677345.0,102345.0,0.0,0.0,,5.0,15.0,5.0,104659.0,few,tight,,,,scn_few-tight_seed11_P2_pl5.xlsx,soft12,scn_few-tight_seed11_P2_pl5.xlsx,soft12,4518.0,,True,,131139.0,0.0,0.0,,5.0,15.0,5.0,131139.0,few,tight,21570.0,21759.0,27813.0,True,3.8781115879828327,1.3553483310281476,,28794.0,0.0,0.0,,True,False,True,False,False,False
scn_few-tight_seed11_P2_pl5.xlsx,soft,0.883,,True,677345.0,102345.0,0.0,0.0,,5.0,15.0,5.0,104659.0,few,tight,,,,scn_few-tight_seed11_P2_pl5.xlsx,soft,scn_few-tight_seed11_P2_pl5.xlsx,soft,4413.0,,True,,131139.0,0.0,0.0,,5.0,15.0,5.0,131139.0,few,tight,21570.0,21765.0,27816.0,True,4997.734994337486,8.516740087647724,,28794.0,0.0,0.0,,True,False,True,False,False,False
scn_few-tight_seed11_P2_pl5.xlsx,medium,1027.0,,True,677345.0,102345.0,0.0,0.0,0.0,5.0,15.0,5.0,104659.0,few,tight,,,,scn_few-tight_seed11_P2_pl5.xlsx,medium,scn_few-tight_seed11_P2_pl5.xlsx,medium,6764.0,,True,,131139.0,0.0,0.0,0.0,5.0,15.0,5.0,131139.0,few,tight,21930.0,22125.0,29256.0,True,6.586173320350536,1.8849725000899127,,28794.0,0.0,0.0,0.0,True,False,True,False,False,False
scn_few-tight_seed11_P2_pl5.xlsx,hard,1005.0,,True,677345.0,102345.0,0.0,0.0,0.0,5.0,15.0,5.0,104659.0,few,tight,,,,scn_few-tight_seed11_P2_pl5.xlsx,hard,scn_few-tight_seed11_P2_pl5.xlsx,hard,5769.0,,True,,131139.0,0.0,0.0,0.0,5.0,15.0,5.0,131139.0,few,tight,21935.0,22130.0,29261.0,True,5.740298507462686,1.7475112137637132,,28794.0,0.0,0.0,0.0,True,False,True,False,False,False
scn_few-tight_seed12_P2_pl5.xlsx,soft12,1032.0,,True,634729.0,94729.0,0.0,0.0,,5.0,15.0,5.0,97301.0,few,tight,,,,scn_few-tight_seed12_P2_pl5.xlsx,soft12,scn_few-tight_seed12_P2_pl5.xlsx,soft12,5772.0,,True,,123971.0,0.0,0.0,,5.0,15.0,5.0,123971.0,few,tight,20490.0,20679.0,26533.0,True,5.593023255813954,1.7215199738522535,,29242.0,0.0,0.0,,True,False,True,False,False,False
scn_few-tight_seed12_P2_pl5.xlsx,soft,0.852,,True,634729.0,94729.0,0.0,0.0,,5.0,15.0,5.0,97301.0,few,tight,,,,scn_few-tight_seed12_P2_pl5.xlsx,soft,scn_few-tight_seed12_P2_pl5.xlsx,soft,4678.0,,True,,123971.0,0.0,0.0,,5.0,15.0,5.0,123971.0,few,tight,20490.0,20685.0,26536.0,True,5490.610328638498,8.610794699296946,,29242.0,0.0,0.0,,True,False,True,False,False,False
scn_few-tight_seed12_P2_pl5.xlsx,medium,1047.0,,True,634729.0,94729.0,0.0,0.0,0.0,5.0,15.0,5.0,97301.0,few,tight,,,,scn_few-tight_seed12_P2_pl5.xlsx,medium,scn_few-tight_seed12_P2_pl5.xlsx,medium,4898.0,,True,,123971.0,0.0,0.0,0.0,5.0,15.0,5.0,123971.0,few,tight,20850.0,21045.0,27976.0,True,4.678127984718243,1.5428980266415762,,29242.0,0.0,0.0,0.0,True,False,True,False,False,False
scn_few-tight_seed12_P2_pl5.xlsx,hard,3712.0,,True,634729.0,94729.0,0.0,0.0,0.0,5.0,15.0,5.0,97301.0,few,tight,,,,scn_few-tight_seed12_P2_pl5.xlsx,hard,scn_few-tight_seed12_P2_pl5.xlsx,hard,5107.0,,True,,123971.0,0.0,0.0,0.0,5.0,15.0,5.0,123971.0,few,tight,20855.0,21050.0,27981.0,True,1.3758081896551724,0.31904133274155266,,29242.0,0.0,0.0,0.0,True,False,True,False,False,False
scn_few-tight_seed1_P2_pl5.xlsx,soft12,0.786,,True,610.07,9007000000000000.0,0.0,0.0,,5.0,14.0,5.0,93703.0,few,tight,,,,scn_few-tight_seed1_P2_pl5.xlsx,soft12,scn_few-tight_seed1_P2_pl5.xlsx,soft12,4738.0,,True,,117873.0,0.0,0.0,,5.0,14.0,5.0,117873.0,few,tight,18727.0,18904.0,24284.0,True,6027.989821882951,8.704168871271662,,-9006999999882127.0,0.0,0.0,,True,False,False,False,False,False
scn_few-tight_seed1_P2_pl5.xlsx,soft,0.882,,True,610.07,9007000000000000.0,0.0,0.0,,5.0,14.0,5.0,93703.0,few,tight,,,,scn_few-tight_seed1_P2_pl5.xlsx,soft,scn_few-tight_seed1_P2_pl5.xlsx,soft,5.65,,True,,117873.0,0.0,0.0,,5.0,14.0,5.0,117873.0,few,tight,18727.0,18910.0,24287.0,True,6.405895691609977,1.8572187681336954,,-9006999999882127.0,0.0,0.0,,True,False,False,False,False,False
scn_few-tight_seed1_P2_pl5.xlsx,medium,1038.0,,True,610.07,9007000000000000.0,0.0,0.0,0.0,5.0,14.0,5.0,93703.0,few,tight,,,,scn_few-tight_seed1_P2_pl5.xlsx,medium,scn_few-tight_seed1_P2_pl5.xlsx,medium,5.45,,True,,117873.0,0.0,0.0,0.0,5.0,14.0,5.0,117873.0,few,tight,19027.0,19210.0,25487.0,True,0.005250481695568401,-5.249435455050681,,-9006999999882127.0,0.0,0.0,0.0,False,False,False,False,False,False
scn_few-tight_seed1_P2_pl5.xlsx,hard,1306.0,,True,610.07,9007000000000000.0,0.0,0.0,0.0,5.0,14.0,5.0,93703.0,few,tight,,,,scn_few-tight_seed1_P2_pl5.xlsx,hard,scn_few-tight_seed1_P2_pl5.xlsx,hard,4816.0,,True,,117873.0,0.0,0.0,0.0,5.0,14.0,5.0,117873.0,few,tight,19032.0,19215.0,25492.0,True,3.6875957120980094,1.3049746771522805,,-9006999999882127.0,0.0,0.0,0.0,True,False,False,False,False,False
scn_few-tight_seed2_P2_pl5.xlsx,soft12,1.54,,True,646822.0,96822.0,0.0,0.0,,5.0,16.0,5.0,99328.0,few,tight,,,,scn_few-tight_seed2_P2_pl5.xlsx,soft12,scn_few-tight_seed2_P2_pl5.xlsx,soft12,5.41,,True,,126628.0,0.0,0.0,,5.0,16.0,5.0,126628.0,few,tight,21915.0,22116.0,28391.0,True,3.512987012987013,1.2564666764328525,,29806.0,0.0,0.0,,True,False,True,False,False,False
scn_few-tight_seed2_P2_pl5.xlsx,soft,2018.0,,True,646822.0,96822.0,0.0,0.0,,5.0,16.0,5.0,99328.0,few,tight,,,,scn_few-tight_seed2_P2_pl5.xlsx,soft,scn_few-tight_seed2_P2_pl5.xlsx,soft,4979.0,,True,,126628.0,0.0,0.0,,5.0,16.0,5.0,126628.0,few,tight,21915.0,22122.0,28394.0,True,2.467294350842418,0.9031221457286284,,29806.0,0.0,0.0,,True,False,True,False,False,False
scn_few-tight_seed2_P2_pl5.xlsx,medium,1219.0,,True,646822.0,96822.0,0.0,0.0,0.0,5.0,16.0,5.0,99328.0,few,tight,,,,scn_few-tight_seed2_P2_pl5.xlsx,medium,scn_few-tight_seed2_P2_pl5.xlsx,medium,5457.0,,True,,126628.0,0.0,0.0,0.0,5.0,16.0,5.0,126628.0,few,tight,22335.0,22542.0,30074.0,True,4.4766201804758,1.4988683377049605,,29806.0,0.0,0.0,0.0,True,False,True,False,False,False
scn_few-tight_seed2_P2_pl5.xlsx,hard,1201.0,,True,646822.0,96822.0,0.0,0.0,0.0,5.0,16.0,5.0,99328.0,few,tight,,,,scn_few-tight_seed2_P2_pl5.xlsx,hard,scn_few-tight_seed2_P2_pl5.xlsx,hard,5435.0,,True,,126628.0,0.0,0.0,0.0,5.0,16.0,5.0,126628.0,few,tight,22340.0,22547.0,30079.0,True,4.525395503746878,1.5097049774753262,,29806.0,0.0,0.0,0.0,True,False,True,False,False,False
scn_few-tight_seed3_P2_pl5.xlsx,soft12,0.693,,True,502932.0,72932.0,0.0,0.0,,5.0,13.0,5.0,75761.0,few,tight,,,,scn_few-tight_seed3_P2_pl5.xlsx,soft12,scn_few-tight_seed3_P2_pl5.xlsx,soft12,3345.0,,True,,1.08390999999999e+16,0.0,0.0,,5.0,13.0,5.0,1.08390999999999e+16,few,tight,16671.0,16836.0,21689.0,True,4826.839826839827,8.481947252354562,,1.0839099999926968e+16,0.0,0.0,,True,False,True,False,False,False
scn_few-tight_seed3_P2_pl5.xlsx,soft,0.815,,True,502932.0,72932.0,0.0,0.0,,5.0,13.0,5.0,75761.0,few,tight,,,,scn_few-tight_seed3_P2_pl5.xlsx,soft,scn_few-tight_seed3_P2_pl5.xlsx,soft,3705.0,,True,,1.08390999999999e+16,0.0,0.0,,5.0,13.0,5.0,1.08390999999999e+16,few,tight,16671.0,16842.0,21692.0,True,4546.01226993865,8.422005703471461,,1.0839099999926968e+16,0.0,0.0,,True,False,True,False,False,False
scn_few-tight_seed3_P2_pl5.xlsx,medium,0.985,,True,502932.0,72932.0,0.0,0.0,0.0,5.0,13.0,5.0,75761.0,few,tight,,,,scn_few-tight_seed3_P2_pl5.xlsx,medium,scn_few-tight_seed3_P2_pl5.xlsx,medium,3992.0,,True,,1.08390999999999e+16,0.0,0.0,0.0,5.0,13.0,5.0,1.08390999999999e+16,few,tight,16931.0,17102.0,22732.0,True,4052.791878172589,8.307161275241402,,1.0839099999926968e+16,0.0,0.0,0.0,True,False,True,False,False,False
scn_few-tight_seed3_P2_pl5.xlsx,hard,1202.0,,True,502932.0,72932.0,0.0,0.0,0.0,5.0,13.0,5.0,75761.0,few,tight,,,,scn_few-tight_seed3_P2_pl5.xlsx,hard,scn_few-tight_seed3_P2_pl5.xlsx,hard,4078.0,,True,,1.08390999999999e+16,0.0,0.0,0.0,5.0,13.0,5.0,1.08390999999999e+16,few,tight,16936.0,17107.0,22737.0,True,3.3926788685524127,1.2216198360392476,,1.0839099999926968e+16,0.0,0.0,0.0,True,False,True,False,False,False
scn_few-tight_seed4_P2_pl5.xlsx,soft12,1158.0,,True,659.18,9917999999999990.0,0.0,0.0,,5.0,17.0,5.0,101358.0,few,tight,,,,scn_few-tight_seed4_P2_pl5.xlsx,soft12,scn_few-tight_seed4_P2_pl5.xlsx,soft12,5327.0,,True,,128178.0,0.0,0.0,,5.0,17.0,5.0,128178.0,few,tight,23247.0,23460.0,30153.0,True,4.600172711571675,1.5260938487840585,,-9917999999871812.0,0.0,0.0,,True,False,False,False,False,False
scn_few-tight_seed4_P2_pl5.xlsx,soft,0.926,,True,659.18,9917999999999990.0,0.0,0.0,,5.0,17.0,5.0,101358.0,few,tight,,,,scn_few-tight_seed4_P2_pl5.xlsx,soft,scn_few-tight_seed4_P2_pl5.xlsx,soft,6099.0,,True,,128178.0,0.0,0.0,,5.0,17.0,5.0,128178.0,few,tight,23247.0,23466.0,30156.0,True,6586.393088552915,8.792761146632413,,-9917999999871812.0,0.0,0.0,,True,False,False,False,False,False
scn_few-tight_seed4_P2_pl5.xlsx,medium,1078.0,,True,659.18,9917999999999990.0,0.0,0.0,0.0,5.0,17.0,5.0,101358.0,few,tight,,,,scn_few-tight_seed4_P2_pl5.xlsx,medium,scn_few-tight_seed4_P2_pl5.xlsx,medium,6955.0,,True,,128178.0,0.0,0.0,0.0,5.0,17.0,5.0,128178.0,few,tight,23677.0,23896.0,31876.0,True,6.4517625231910944,1.8643533528886007,,-9917999999871812.0,0.0,0.0,0.0,True,False,False,False,False,False
scn_few-tight_seed4_P2_pl5.xlsx,hard,1011.0,,True,659.18,9917999999999990.0,0.0,0.0,0.0,5.0,17.0,5.0,101358.0,few,tight,,,,scn_few-tight_seed4_P2_pl5.xlsx,hard,scn_few-tight_seed4_P2_pl5.xlsx,hard,5704.0,,True,,128178.0,0.0,0.0,0.0,5.0,17.0,5.0,128178.0,few,tight,23682.0,23901.0,31881.0,True,5.641938674579624,1.7302277430736603,,-9917999999871812.0,0.0,0.0,0.0,True,False,False,False,False,False
scn_few-tight_seed5_P2_pl5.xlsx,soft12,1869.0,,True,605177.0,90177.0,0.0,0.0,,5.0,16.0,5.0,92424.0,few,tight,,,,scn_few-tight_seed5_P2_pl5.xlsx,soft12,scn_few-tight_seed5_P2_pl5.xlsx,soft12,4928.0,,True,,119024.0,0.0,0.0,,5.0,16.0,5.0,119024.0,few,tight,20935.0,21136.0,27236.0,True,2.636704119850187,0.9695296977577927,,28847.0,0.0,0.0,,True,False,True,False,False,False
scn_few-tight_seed5_P2_pl5.xlsx,soft,1154.0,,True,605177.0,90177.0,0.0,0.0,,5.0,16.0,5.0,92424.0,few,tight,,,,scn_few-tight_seed5_P2_pl5.xlsx,soft,scn_few-tight_seed5_P2_pl5.xlsx,soft,4.35,,True,,119024.0,0.0,0.0,,5.0,16.0,5.0,119024.0,few,tight,20935.0,21142.0,27239.0,True,0.00376949740034662,-5.580813601967452,,28847.0,0.0,0.0,,False,False,True,False,False,False
scn_few-tight_seed5_P2_pl5.xlsx,medium,1026.0,,True,605177.0,90177.0,0.0,0.0,0.0,5.0,16.0,5.0,92424.0,few,tight,,,,scn_few-tight_seed5_P2_pl5.xlsx,medium,scn_few-tight_seed5_P2_pl5.xlsx,medium,2793.0,,True,,119024.0,0.0,0.0,0.0,5.0,16.0,5.0,119024.0,few,tight,21315.0,21522.0,28759.0,True,2.7222222222222223,1.001448540214462,,28847.0,0.0,0.0,0.0,True,False,True,False,False,False
scn_few-tight_seed5_P2_pl5.xlsx,hard,1008.0,,True,605177.0,90177.0,0.0,0.0,0.0,5.0,16.0,5.0,92424.0,few,tight,,,,scn_few-tight_seed5_P2_pl5.xlsx,hard,scn_few-tight_seed5_P2_pl5.xlsx,hard,3127.0,,True,,119024.0,0.0,0.0,0.0,5.0,16.0,5.0,119024.0,few,tight,21320.0,21527.0,28764.0,True,3.1021825396825395,1.1321059088265273,,28847.0,0.0,0.0,0.0,True,False,True,False,False,False
scn_few-tight_seed6_P2_pl5.xlsx,soft12,0.713,,False,0.0,0.0,0.0,0.0,,5.0,15.0,5.0,102366.0,few,tight,,,,scn_few-tight_seed6_P2_pl5.xlsx,soft12,scn_few-tight_seed6_P2_pl5.xlsx,soft12,3347.0,,True,,129666.0,0.0,0.0,,5.0,15.0,5.0,129666.0,few,tight,21300.0,21489.0,27493.0,False,4694.249649368864,8.454093559779167,,129666.0,0.0,0.0,,False,False,False,False,False,False
scn_few-tight_seed6_P2_pl5.xlsx,soft,0.744,,False,0.0,0.0,0.0,0.0,,5.0,15.0,5.0,102366.0,few,tight,,,,scn_few-tight_seed6_P2_pl5.xlsx,soft,scn_few-tight_seed6_P2_pl5.xlsx,soft,4366.0,,True,,129666.0,0.0,0.0,,5.0,15.0,5.0,129666.0,few,tight,21300.0,21495.0,27496.0,False,5868.279569892473,8.677316781258934,,129666.0,0.0,0.0,,False,False,False,False,False,False
scn_few-tight_seed6_P2_pl5.xlsx,medium,0.748,,False,0.0,0.0,0.0,0.0,0.0,5.0,15.0,5.0,102366.0,few,tight,,,,scn_few-tight_seed6_P2_pl5.xlsx,medium,scn_few-tight_seed6_P2_pl5.xlsx,medium,3263.0,,True,,129666.0,0.0,0.0,0.0,5.0,15.0,5.0,129666.0,few,tight,21655.0,21850.0,28916.0,False,4362.299465240641,8.38075459760098,,129666.0,0.0,0.0,0.0,False,False,False,False,False,False
scn_few-tight_seed6_P2_pl5.xlsx,hard,0.702,,False,0.0,0.0,0.0,0.0,0.0,5.0,15.0,5.0,102366.0,few,tight,,,,scn_few-tight_seed6_P2_pl5.xlsx,hard,scn_few-tight_seed6_P2_pl5.xlsx,hard,2671.0,,True,,129666.0,0.0,0.0,0.0,5.0,15.0,5.0,129666.0,few,tight,21660.0,21855.0,28921.0,False,3804.843304843305,8.244030088066287,,129666.0,0.0,0.0,0.0,False,False,False,False,False,False
scn_few-tight_seed7_P2_pl5.xlsx,soft12,0.855,,True,593862.0,8886200000000000.0,0.0,0.0,,5.0,16.0,5.0,90961.0,few,tight,,,,scn_few-tight_seed7_P2_pl5.xlsx,soft12,scn_few-tight_seed7_P2_pl5.xlsx,soft12,2529.0,,True,,116651.0,0.0,0.0,,5.0,16.0,5.0,116651.0,few,tight,20515.0,20716.0,26741.0,True,2957.8947368421054,7.992233056715342,,-8886199999883349.0,0.0,0.0,,True,False,False,False,False,False
scn_few-tight_seed7_P2_pl5.xlsx,soft,0.942,,True,593862.0,8886200000000000.0,0.0,0.0,,5.0,16.0,5.0,90961.0,few,tight,,,,scn_few-tight_seed7_P2_pl5.xlsx,soft,scn_few-tight_seed7_P2_pl5.xlsx,soft,2844.0,,True,,116651.0,0.0,0.0,,5.0,16.0,5.0,116651.0,few,tight,20515.0,20722.0,26744.0,True,3019.108280254777,8.012716795328906,,-8886199999883349.0,0.0,0.0,,True,False,False,False,False,False
scn_few-tight_seed7_P2_pl5.xlsx,medium,1061.0,,True,593862.0,8886200000000000.0,0.0,0.0,0.0,5.0,16.0,5.0,90961.0,few,tight,,,,scn_few-tight_seed7_P2_pl5.xlsx,medium,scn_few-tight_seed7_P2_pl5.xlsx,medium,4143.0,,True,,116651.0,0.0,0.0,0.0,5.0,16.0,5.0,116651.0,few,tight,20895.0,21102.0,28264.0,True,3.9048067860508953,1.3622083034634187,,-8886199999883349.0,0.0,0.0,0.0,True,False,False,False,False,False
scn_few-tight_seed7_P2_pl5.xlsx,hard,0.892,,True,593862.0,8886200000000000.0,0.0,0.0,0.0,5.0,16.0,5.0,90961.0,few,tight,,,,scn_few-tight_seed7_P2_pl5.xlsx,hard,scn_few-tight_seed7_P2_pl5.xlsx,hard,5011.0,,True,,116651.0,0.0,0.0,0.0,5.0,16.0,5.0,116651.0,few,tight,20900.0,21107.0,28269.0,True,5617.713004484305,8.633679921361852,,-8886199999883349.0,0.0,0.0,0.0,True,False,False,False,False,False
scn_few-tight_seed8_P2_pl5.xlsx,soft12,0.799,,False,0.0,0.0,0.0,0.0,,5.0,16.0,5.0,98785.0,few,tight,,,,scn_few-tight_seed8_P2_pl5.xlsx,soft12,scn_few-tight_seed8_P2_pl5.xlsx,soft12,4841.0,,True,,1.25054999999999e+16,0.0,0.0,,5.0,16.0,5.0,1.25054999999999e+16,few,tight,21775.0,21976.0,28226.0,False,6058.823529411764,8.709270923155557,,1.25054999999999e+16,0.0,0.0,,False,False,False,False,False,False
scn_few-tight_seed8_P2_pl5.xlsx,soft,0.697,,False,0.0,0.0,0.0,0.0,,5.0,16.0,5.0,98785.0,few,tight,,,,scn_few-tight_seed8_P2_pl5.xlsx,soft,scn_few-tight_seed8_P2_pl5.xlsx,soft,4135.0,,True,,1.25054999999999e+16,0.0,0.0,,5.0,16.0,5.0,1.25054999999999e+16,few,tight,21775.0,21982.0,28229.0,False,5932.568149210904,8.688212475679405,,1.25054999999999e+16,0.0,0.0,,False,False,False,False,False,False
scn_few-tight_seed8_P2_pl5.xlsx,medium,0.725,,False,0.0,0.0,0.0,0.0,0.0,5.0,16.0,5.0,98785.0,few,tight,,,,scn_few-tight_seed8_P2_pl5.xlsx,medium,scn_few-tight_seed8_P2_pl5.xlsx,medium,4689.0,,True,,1.25054999999999e+16,0.0,0.0,0.0,5.0,16.0,5.0,1.25054999999999e+16,few,tight,22180.0,22387.0,29849.0,False,6467.586206896552,8.774558243217049,,1.25054999999999e+16,0.0,0.0,0.0,False,False,False,False,False,False
scn_few-tight_seed8_P2_pl5.xlsx,hard,0.724,,False,0.0,0.0,0.0,0.0,0.0,5.0,16.0,5.0,98785.0,few,tight,,,,scn_few-tight_seed8_P2_pl5.xlsx,hard,scn_few-tight_seed8_P2_pl5.xlsx,hard,4796.0,,True,,1.25054999999999e+16,0.0,0.0,0.0,5.0,16.0,5.0,1.25054999999999e+16,few,tight,22185.0,22392.0,29854.0,False,6624.309392265193,8.798501402743826,,1.25054999999999e+16,0.0,0.0,0.0,False,False,False,False,False,False
scn_few-tight_seed9_P2_pl5.xlsx,soft12,0.582,,False,0.0,0.0,0.0,0.0,,5.0,13.0,5.0,86406.0,few,tight,,,,scn_few-tight_seed9_P2_pl5.xlsx,soft12,scn_few-tight_seed9_P2_pl5.xlsx,soft12,3585.0,,True,,112346.0,0.0,0.0,,5.0,13.0,5.0,112346.0,few,tight,17171.0,17336.0,22289.0,False,6159.79381443299,8.72579858428442,,112346.0,0.0,0.0,,False,False,False,False,False,False
scn_few-tight_seed9_P2_pl5.xlsx,soft,0.586,,False,0.0,0.0,0.0,0.0,,5.0,13.0,5.0,86406.0,few,tight,,,,scn_few-tight_seed9_P2_pl5.xlsx,soft,scn_few-tight_seed9_P2_pl5.xlsx,soft,4443.0,,True,,112346.0,0.0,0.0,,5.0,13.0,5.0,112346.0,few,tight,17171.0,17342.0,22292.0,False,7581.911262798635,8.933520592341033,,112346.0,0.0,0.0,,False,False,False,False,False,False
scn_few-tight_seed9_P2_pl5.xlsx,medium,1559.0,,False,0.0,0.0,0.0,0.0,0.0,5.0,13.0,5.0,86406.0,few,tight,,,,scn_few-tight_seed9_P2_pl5.xlsx,medium,scn_few-tight_seed9_P2_pl5.xlsx,medium,4.77,,True,,112346.0,0.0,0.0,0.0,5.0,13.0,5.0,112346.0,few,tight,17431.0,17602.0,23332.0,False,0.003059653624118024,-5.789453564157527,,112346.0,0.0,0.0,0.0,False,False,False,False,False,False
scn_few-tight_seed9_P2_pl5.xlsx,hard,0.708,,False,0.0,0.0,0.0,0.0,0.0,5.0,13.0,5.0,86406.0,few,tight,,,,scn_few-tight_seed9_P2_pl5.xlsx,hard,scn_few-tight_seed9_P2_pl5.xlsx,hard,3825.0,,True,,112346.0,0.0,0.0,0.0,5.0,13.0,5.0,112346.0,few,tight,17436.0,17607.0,23337.0,False,5402.542372881357,8.594624931549054,,112346.0,0.0,0.0,0.0,False,False,False,False,False,False
scn_heavy-tight_seed1_P4_pl30.xlsx,soft12,22074.0,,False,0.0,0.0,0.0,0.0,,30.0,95.0,5.0,202482.0,unknown,tight,,,,scn_heavy-tight_seed1_P4_pl30.xlsx,soft12,scn_heavy-tight_seed1_P4_pl30.xlsx,soft12,,,False,,,,,,,,,,unknown,tight,,,,False,,,,,,,,False,False,False,False,False,False
scn_heavy-tight_seed1_P4_pl30.xlsx,soft,20463.0,,False,0.0,0.0,0.0,0.0,,30.0,95.0,5.0,202482.0,unknown,tight,,,,scn_heavy-tight_seed1_P4_pl30.xlsx,soft,scn_heavy-tight_seed1_P4_pl30.xlsx,soft,,,False,,,,,,,,,,unknown,tight,,,,False,,,,,,,,False,False,False,False,False,False
scn_heavy-tight_seed1_P4_pl30.xlsx,medium,25952.0,,False,0.0,0.0,0.0,0.0,0.0,30.0,95.0,5.0,202482.0,unknown,tight,,,,scn_heavy-tight_seed1_P4_pl30.xlsx,medium,scn_heavy-tight_seed1_P4_pl30.xlsx,medium,,,False,,,,,,,,,,unknown,tight,,,,False,,,,,,,,False,False,False,False,False,False
scn_heavy-tight_seed1_P4_pl30.xlsx,hard,24781.0,,False,0.0,0.0,0.0,0.0,0.0,30.0,95.0,5.0,202482.0,unknown,tight,,,,scn_heavy-tight_seed1_P4_pl30.xlsx,hard,scn_heavy-tight_seed1_P4_pl30.xlsx,hard,,,False,,,,,,,,,,unknown,tight,,,,False,,,,,,,,False,False,False,False,False,False
scn_heavy-tight_seed2_P4_pl30.xlsx,soft12,20817.0,,False,0.0,0.0,0.0,0.0,,30.0,92.0,5.0,201798.0,unknown,tight,,,,scn_heavy-tight_seed2_P4_pl30.xlsx,soft12,scn_heavy-tight_seed2_P4_pl30.xlsx,soft12,,,False,,,,,,,,,,unknown,tight,,,,False,,,,,,,,False,False,False,False,False,False
scn_heavy-tight_seed2_P4_pl30.xlsx,soft,17472.0,,False,0.0,0.0,0.0,0.0,,30.0,92.0,5.0,201798.0,unknown,tight,,,,scn_heavy-tight_seed2_P4_pl30.xlsx,soft,scn_heavy-tight_seed2_P4_pl30.xlsx,soft,,,False,,,,,,,,,,unknown,tight,,,,False,,,,,,,,False,False,False,False,False,False
scn_heavy-tight_seed2_P4_pl30.xlsx,medium,21621.0,,False,0.0,0.0,0.0,0.0,0.0,30.0,92.0,5.0,201798.0,unknown,tight,,,,scn_heavy-tight_seed2_P4_pl30.xlsx,medium,scn_heavy-tight_seed2_P4_pl30.xlsx,medium,,,False,,,,,,,,,,unknown,tight,,,,False,,,,,,,,False,False,False,False,False,False
scn_heavy-tight_seed2_P4_pl30.xlsx,hard,21128.0,,False,0.0,0.0,0.0,0.0,0.0,30.0,92.0,5.0,201798.0,unknown,tight,,,,scn_heavy-tight_seed2_P4_pl30.xlsx,hard,scn_heavy-tight_seed2_P4_pl30.xlsx,hard,,,False,,,,,,,,,,unknown,tight,,,,False,,,,,,,,False,False,False,False,False,False
scn_heavy-tight_seed3_P4_pl30.xlsx,soft12,15914.0,,False,0.0,0.0,0.0,0.0,,30.0,86.0,5.0,193856.0,unknown,tight,,,,scn_heavy-tight_seed3_P4_pl30.xlsx,soft12,scn_heavy-tight_seed3_P4_pl30.xlsx,soft12,,,False,,,,,,,,,,unknown,tight,,,,False,,,,,,,,False,False,False,False,False,False
scn_heavy-tight_seed3_P4_pl30.xlsx,soft,15971.0,,False,0.0,0.0,0.0,0.0,,30.0,86.0,5.0,193856.0,unknown,tight,,,,scn_heavy-tight_seed3_P4_pl30.xlsx,soft,scn_heavy-tight_seed3_P4_pl30.xlsx,soft,,,False,,,,,,,,,,unknown,tight,,,,False,,,,,,,,False,False,False,False,False,False
scn_heavy-tight_seed3_P4_pl30.xlsx,medium,19134.0,,False,0.0,0.0,0.0,0.0,0.0,30.0,86.0,5.0,193856.0,unknown,tight,,,,scn_heavy-tight_seed3_P4_pl30.xlsx,medium,scn_heavy-tight_seed3_P4_pl30.xlsx,medium,,,False,,,,,,,,,,unknown,tight,,,,False,,,,,,,,False,False,False,False,False,False
scn_heavy-tight_seed3_P4_pl30.xlsx,hard,20295.0,,False,0.0,0.0,0.0,0.0,0.0,30.0,86.0,5.0,193856.0,unknown,tight,,,,scn_heavy-tight_seed3_P4_pl30.xlsx,hard,scn_heavy-tight_seed3_P4_pl30.xlsx,hard,,,False,,,,,,,,,,unknown,tight,,,,False,,,,,,,,False,False,False,False,False,False
scn_heavy-tight_seed4_P4_pl30.xlsx,soft12,16551.0,,False,0.0,0.0,0.0,0.0,,30.0,86.0,5.0,198971.0,unknown,tight,,,,scn_heavy-tight_seed4_P4_pl30.xlsx,soft12,scn_heavy-tight_seed4_P4_pl30.xlsx,soft12,,,False,,,,,,,,,,unknown,tight,,,,False,,,,,,,,False,False,False,False,False,False
scn_heavy-tight_seed4_P4_pl30.xlsx,soft,20627.0,,False,0.0,0.0,0.0,0.0,,30.0,86.0,5.0,198971.0,unknown,tight,,,,scn_heavy-tight_seed4_P4_pl30.xlsx,soft,scn_heavy-tight_seed4_P4_pl30.xlsx,soft,,,False,,,,,,,,,,unknown,tight,,,,False,,,,,,,,False,False,False,False,False,False
scn_heavy-tight_seed4_P4_pl30.xlsx,medium,25582.0,,False,0.0,0.0,0.0,0.0,0.0,30.0,86.0,5.0,198971.0,unknown,tight,,,,scn_heavy-tight_seed4_P4_pl30.xlsx,medium,scn_heavy-tight_seed4_P4_pl30.xlsx,medium,,,False,,,,,,,,,,unknown,tight,,,,False,,,,,,,,False,False,False,False,False,False
scn_heavy-tight_seed4_P4_pl30.xlsx,hard,21312.0,,False,0.0,0.0,0.0,0.0,0.0,30.0,86.0,5.0,198971.0,unknown,tight,,,,scn_heavy-tight_seed4_P4_pl30.xlsx,hard,scn_heavy-tight_seed4_P4_pl30.xlsx,hard,,,False,,,,,,,,,,unknown,tight,,,,False,,,,,,,,False,False,False,False,False,False
