scenario,mode,status,termination,solve_time_s,mipgap,best_bound,objective,Tmax,client_delay_sum,viol_C_sum,client_switches,positions_slack_used,switches_slot_sum,presence_sum,idle_sum,n_jobs,n_planes,n_clients,n_positions,H,model_id,preset,n_vars,n_cons,n_bin,scenario_type,window_tightness,jobs_per_plane_hint,positions_hint,seed,feasible,mipgap_filled
scn_custom_many_tight_pl10.xlsx,soft12,ok,optimal,2214.0,,,889563.0,69563.0,0.0,0.0,,,0.0,0.0,820.0,25.0,10.0,6.0,5.0,71587.0,final,,,,,many,tight,,10,,True,
scn_custom_many_tight_pl10.xlsx,soft,ok,optimal,1726.0,,,889563.0,69563.0,0.0,0.0,,,0.0,0.0,820.0,25.0,10.0,6.0,5.0,71587.0,final,,,,,many,tight,,10,,True,
scn_custom_many_tight_pl10.xlsx,medium,ok,optimal,7608.0,,,12000889563.0,69563.0,0.0,0.0,12.0,,0.0,0.0,820.0,25.0,10.0,6.0,5.0,71587.0,final,,,,,many,tight,,10,,True,
scn_custom_many_tight_pl10.xlsx,hard,warning,infeasible,3509.0,,,0.0,0.0,0.0,0.0,0.0,0.0,0.0,0.0,0.0,25.0,10.0,6.0,5.0,71587.0,final,,,,,many,tight,,10,,False,
scn_custom_many_tight_pl12.xlsx,soft12,ok,optimal,1543.0,,,1014914.0,66914.0,0.0,0.0,,,0.0,948.0,0.0,24.0,12.0,6.0,5.0,68841.0,final,,,,,many,tight,,12,,True,
scn_custom_many_tight_pl12.xlsx,soft,ok,optimal,1635.0,,,1014914.0,66914.0,0.0,0.0,,,0.0,948.0,0.0,24.0,12.0,6.0,5.0,68841.0,final,,,,,many,tight,,12,,True,
scn_custom_many_tight_pl12.xlsx,medium,ok,optimal,4081.0,,,7001014914.0,66914.0,0.0,0.0,7.0,,0.0,0.0,948.0,24.0,12.0,6.0,5.0,68841.0,final,,,,,many,tight,,12,,True,
scn_custom_many_tight_pl12.xlsx,hard,ok,optimal,3.2,,,87001014914.0,66914.0,0.0,0.0,7.0,4.0,0.0,0.0,948.0,24.0,12.0,6.0,5.0,68841.0,final,,,,,many,tight,,12,,True,
scn_custom_many_tight_pl14.xlsx,soft12,ok,optimal,1859.0,,,1247638.0,71638.0,0.0,0.0,,,0.0,0.0,1176.0,25.0,14.0,6.0,5.0,73891.0,final,,,,,many,tight,,14,,True,
scn_custom_many_tight_pl14.xlsx,soft,ok,optimal,2005.0,,,1247638.0,71638.0,0.0,0.0,,,0.0,0.0,1176.0,25.0,14.0,6.0,5.0,73891.0,final,,,,,many,tight,,14,,True,
scn_custom_many_tight_pl14.xlsx,medium,ok,optimal,4131.0,,,13001247638.0,71638.0,0.0,0.0,13.0,,0.0,0.0,1176.0,25.0,14.0,6.0,5.0,73891.0,final,,,,,many,tight,,14,,True,
scn_custom_many_tight_pl14.xlsx,hard,warning,infeasible,2858.0,,,0.0,0.0,0.0,0.0,0.0,0.0,0.0,0.0,0.0,25.0,14.0,6.0,5.0,73891.0,final,,,,,many,tight,,14,,False,
scn_custom_many_tight_pl16.xlsx,soft12,ok,optimal,3547.0,,,1840.16,96.16,0.0,0.0,,,0.0,0.0,1744.0,33.0,16.0,6.0,5.0,98223.0,final,,,,,many,tight,,16,,True,
scn_custom_many_tight_pl16.xlsx,soft,ok,optimal,3137.0,,,1840.16,96.16,0.0,0.0,,,0.0,0.0,1744.0,33.0,16.0,6.0,5.0,98223.0,final,,,,,many,tight,,16,,True,
scn_custom_many_tight_pl16.xlsx,medium,ok,optimal,14135.0,,,21001840.16,96.16,0.0,0.0,21.0,,0.0,0.0,1744.0,33.0,16.0,6.0,5.0,98223.0,final,,,,,many,tight,,16,,True,
scn_custom_many_tight_pl16.xlsx,hard,warning,infeasible,4609.0,,,0.0,0.0,0.0,0.0,0.0,0.0,0.0,0.0,0.0,33.0,16.0,6.0,5.0,98223.0,final,,,,,many,tight,,16,,False,
scn_custom_many_tight_pl18.xlsx,soft12,ok,optimal,4714.0,,,2513209.0,119209.0,0.0,0.0,,,0.0,0.0,2394.0,41.0,18.0,6.0,5.0,122524.0,final,,,,,many,tight,,18,,True,
scn_custom_many_tight_pl18.xlsx,soft,ok,optimal,4609.0,,,2513209.0,119209.0,0.0,0.0,,,0.0,0.0,2394.0,41.0,18.0,6.0,5.0,122524.0,final,,,,,many,tight,,18,,True,
scn_custom_many_tight_pl18.xlsx,medium,ok,optimal,24756.0,,,36002513352.0,119352.0,0.0,0.0,36.0,,0.0,0.0,2394.0,41.0,18.0,6.0,5.0,122524.0,final,,,,,many,tight,,18,,True,
scn_custom_many_tight_pl18.xlsx,hard,warning,infeasible,6863.0,,,0.0,0.0,0.0,0.0,0.0,0.0,0.0,0.0,0.0,41.0,18.0,6.0,5.0,122524.0,final,,,,,many,tight,,18,,False,
scn_custom_many_tight_pl20.xlsx,soft12,ok,optimal,3527.0,,,2.128644e+16,88644.0,0.0,0.0,,,0.0,0.0,2040.0,35.0,20.0,6.0,5.0,91298.0,final,,,,,many,tight,,20,,True,
scn_custom_many_tight_pl20.xlsx,soft,ok,optimal,3716.0,,,2.128644e+16,88644.0,0.0,0.0,,,0.0,0.0,2040.0,35.0,20.0,6.0,5.0,91298.0,final,,,,,many,tight,,20,,True,
scn_custom_many_tight_pl20.xlsx,medium,ok,optimal,20199.0,,,23002128644.0,88644.0,0.0,0.0,23.0,,0.0,0.0,2040.0,35.0,20.0,6.0,5.0,91298.0,final,,,,,many,tight,,20,,True,
scn_custom_many_tight_pl20.xlsx,hard,ok,optimal,6422.0,,,112002129301.0,8930099999999990.0,0.0,0.0,32.0,4.0,0.0,0.0,2040.0,35.0,20.0,6.0,5.0,91298.0,final,,,,,many,tight,,20,,True,
scn_few-loose_seed10_P3_pl5.xlsx,soft12,ok,optimal,0.688,,,417573.0,37573.0,0.0,0.0,,,0.0,0.0,380.0,14.0,5.0,3.0,5.0,65039.0,final,,,,,few,loose,3.0,5,10.0,True,
scn_few-loose_seed10_P3_pl5.xlsx,soft,ok,optimal,0.704,,,417573.0,37573.0,0.0,0.0,,,0.0,0.0,380.0,14.0,5.0,3.0,5.0,65039.0,final,,,,,few,loose,3.0,5,10.0,True,
scn_few-loose_seed10_P3_pl5.xlsx,medium,ok,optimal,0.858,,,423.15,43.15,0.0,0.0,0.0,,0.0,0.0,380.0,14.0,5.0,3.0,5.0,65039.0,final,,,,,few,loose,3.0,5,10.0,True,
scn_few-loose_seed10_P3_pl5.xlsx,hard,ok,optimal,0.843,,,422.8,42.8,0.0,0.0,0.0,0.0,0.0,0.0,380.0,14.0,5.0,3.0,5.0,65039.0,final,,,,,few,loose,3.0,5,10.0,True,
scn_few-loose_seed11_P3_pl5.xlsx,soft12,ok,optimal,0.464,,,356554.0,3655399999999990.0,0.0,0.0,,,0.0,0.0,320.0,9.0,5.0,3.0,5.0,53888.0,final,,,,,few,loose,3.0,5,11.0,True,
scn_few-loose_seed11_P3_pl5.xlsx,soft,ok,optimal,0.441,,,356554.0,3655399999999990.0,0.0,0.0,,,0.0,0.0,320.0,9.0,5.0,3.0,5.0,53888.0,final,,,,,few,loose,3.0,5,11.0,True,
scn_few-loose_seed11_P3_pl5.xlsx,medium,ok,optimal,0.438,,,356554.0,3655399999999990.0,0.0,0.0,0.0,,0.0,0.0,320.0,9.0,5.0,3.0,5.0,53888.0,final,,,,,few,loose,3.0,5,11.0,True,
scn_few-loose_seed11_P3_pl5.xlsx,hard,ok,optimal,0.443,,,356554.0,3655399999999990.0,0.0,0.0,0.0,0.0,0.0,0.0,320.0,9.0,5.0,3.0,5.0,53888.0,final,,,,,few,loose,3.0,5,11.0,True,
scn_few-loose_seed12_P3_pl5.xlsx,soft12,ok,optimal,0.359,,,295.36,25.36,0.0,0.0,,,0.0,0.0,270.0,8.0,5.0,3.0,5.0,43678.0,final,,,,,few,loose,3.0,5,12.0,True,
scn_few-loose_seed12_P3_pl5.xlsx,soft,ok,optimal,0.364,,,295.36,25.36,0.0,0.0,,,0.0,0.0,270.0,8.0,5.0,3.0,5.0,43678.0,final,,,,,few,loose,3.0,5,12.0,True,
scn_few-loose_seed12_P3_pl5.xlsx,medium,ok,optimal,0.347,,,295.36,25.36,0.0,0.0,0.0,,0.0,0.0,270.0,8.0,5.0,3.0,5.0,43678.0,final,,,,,few,loose,3.0,5,12.0,True,
scn_few-loose_seed12_P3_pl5.xlsx,hard,ok,optimal,0.406,,,295.36,25.36,0.0,0.0,0.0,0.0,0.0,0.0,270.0,8.0,5.0,3.0,5.0,43678.0,final,,,,,few,loose,3.0,5,12.0,True,
scn_few-loose_seed1_P3_pl5.xlsx,soft12,ok,optimal,0.547,,,3.95912e+16,3.5912e+16,0.0,0.0,,,0.0,0.0,360.0,12.0,5.0,3.0,5.0,61065.0,final,,,,,few,loose,3.0,5,1.0,True,
scn_few-loose_seed1_P3_pl5.xlsx,soft,ok,optimal,0.54,,,3.95912e+16,3.5912e+16,0.0,0.0,,,0.0,0.0,360.0,12.0,5.0,3.0,5.0,61065.0,final,,,,,few,loose,3.0,5,1.0,True,
scn_few-loose_seed1_P3_pl5.xlsx,medium,ok,optimal,0.614,,,4019709999999990.0,4197099999999970.0,0.0,0.0,0.0,,0.0,0.0,360.0,12.0,5.0,3.0,5.0,61065.0,final,,,,,few,loose,3.0,5,1.0,True,
scn_few-loose_seed1_P3_pl5.xlsx,hard,ok,optimal,0.756,,,4.01669999999999e+16,4166999999999970.0,0.0,0.0,0.0,0.0,0.0,0.0,360.0,12.0,5.0,3.0,5.0,61065.0,final,,,,,few,loose,3.0,5,1.0,True,
scn_few-loose_seed2_P3_pl5.xlsx,soft12,ok,optimal,0.607,,,4.07361999999999e+16,3.73619999999999e+16,0.0,0.0,,,0.0,0.0,370.0,13.0,5.0,3.0,5.0,63423.0,final,,,,,few,loose,3.0,5,2.0,True,
scn_few-loose_seed2_P3_pl5.xlsx,soft,ok,optimal,0.729,,,4.07361999999999e+16,3.73619999999999e+16,0.0,0.0,,,0.0,0.0,370.0,13.0,5.0,3.0,5.0,63423.0,final,,,,,few,loose,3.0,5,2.0,True,
scn_few-loose_seed2_P3_pl5.xlsx,medium,ok,optimal,0.973,,,4.14079999999999e+16,4.40799999999997e+16,0.0,0.0,0.0,,0.0,0.0,370.0,13.0,5.0,3.0,5.0,63423.0,final,,,,,few,loose,3.0,5,2.0,True,
scn_few-loose_seed2_P3_pl5.xlsx,hard,ok,optimal,0.68,,,4.07361999999999e+16,3.73619999999999e+16,0.0,0.0,0.0,0.0,0.0,0.0,370.0,13.0,5.0,3.0,5.0,63423.0,final,,,,,few,loose,3.0,5,2.0,True,
scn_few-loose_seed3_P3_pl5.xlsx,soft12,ok,optimal,0.286,,,256.88,2.18799999999999e+16,0.0,0.0,,,0.0,0.0,235.0,8.0,5.0,3.0,5.0,36841.0,final,,,,,few,loose,3.0,5,3.0,True,
scn_few-loose_seed3_P3_pl5.xlsx,soft,ok,optimal,0.284,,,256.88,2.18799999999999e+16,0.0,0.0,,,0.0,0.0,235.0,8.0,5.0,3.0,5.0,36841.0,final,,,,,few,loose,3.0,5,3.0,True,
scn_few-loose_seed3_P3_pl5.xlsx,medium,ok,optimal,0.389,,,256.88,2.18799999999999e+16,0.0,0.0,0.0,,0.0,0.0,235.0,8.0,5.0,3.0,5.0,36841.0,final,,,,,few,loose,3.0,5,3.0,True,
scn_few-loose_seed3_P3_pl5.xlsx,hard,ok,optimal,0.367,,,256.88,2.18799999999999e+16,0.0,0.0,0.0,0.0,0.0,0.0,235.0,8.0,5.0,3.0,5.0,36841.0,final,,,,,few,loose,3.0,5,3.0,True,
scn_few-loose_seed4_P3_pl5.xlsx,soft12,ok,optimal,0.608,,,361.45,36.45,0.0,0.0,,,0.0,0.0,325.0,10.0,5.0,3.0,5.0,54748.0,final,,,,,few,loose,3.0,5,4.0,True,
scn_few-loose_seed4_P3_pl5.xlsx,soft,ok,optimal,0.474,,,361.45,36.45,0.0,0.0,,,0.0,0.0,325.0,10.0,5.0,3.0,5.0,54748.0,final,,,,,few,loose,3.0,5,4.0,True,
scn_few-loose_seed4_P3_pl5.xlsx,medium,ok,optimal,0.565,,,3686299999999990.0,436299999999996.0,0.0,0.0,0.0,,0.0,0.0,325.0,10.0,5.0,3.0,5.0,54748.0,final,,,,,few,loose,3.0,5,4.0,True,
scn_few-loose_seed4_P3_pl5.xlsx,hard,ok,optimal,0.54,,,361.45,36.45,0.0,0.0,0.0,0.0,0.0,0.0,325.0,10.0,5.0,3.0,5.0,54748.0,final,,,,,few,loose,3.0,5,4.0,True,
scn_few-loose_seed5_P3_pl5.xlsx,soft12,ok,optimal,0.408,,,342.08,32.08,0.0,0.0,,,0.0,0.0,310.0,9.0,5.0,3.0,5.0,51623.0,final,,,,,few,loose,3.0,5,5.0,True,
scn_few-loose_seed5_P3_pl5.xlsx,soft,ok,optimal,0.433,,,342.08,32.08,0.0,0.0,,,0.0,0.0,310.0,9.0,5.0,3.0,5.0,51623.0,final,,,,,few,loose,3.0,5,5.0,True,
scn_few-loose_seed5_P3_pl5.xlsx,medium,ok,optimal,0.417,,,342.08,32.08,0.0,0.0,0.0,,0.0,0.0,310.0,9.0,5.0,3.0,5.0,51623.0,final,,,,,few,loose,3.0,5,5.0,True,
scn_few-loose_seed5_P3_pl5.xlsx,hard,ok,optimal,0.439,,,342.08,32.08,0.0,0.0,0.0,0.0,0.0,0.0,310.0,9.0,5.0,3.0,5.0,51623.0,final,,,,,few,loose,3.0,5,5.0,True,
scn_few-loose_seed6_P3_pl5.xlsx,soft12,ok,optimal,0.542,,,387.32,37.32,0.0,0.0,,,0.0,0.0,350.0,11.0,5.0,3.0,5.0,59941.0,final,,,,,few,loose,3.0,5,6.0,True,
scn_few-loose_seed6_P3_pl5.xlsx,soft,ok,optimal,0.795,,,387.32,37.32,0.0,0.0,,,0.0,0.0,350.0,11.0,5.0,3.0,5.0,59941.0,final,,,,,few,loose,3.0,5,6.0,True,
scn_few-loose_seed6_P3_pl5.xlsx,medium,ok,optimal,0.634,,,387.32,37.32,0.0,0.0,0.0,,0.0,0.0,350.0,11.0,5.0,3.0,5.0,59941.0,final,,,,,few,loose,3.0,5,6.0,True,
scn_few-loose_seed6_P3_pl5.xlsx,hard,ok,optimal,0.591,,,387.32,37.32,0.0,0.0,0.0,0.0,0.0,0.0,350.0,11.0,5.0,3.0,5.0,59941.0,final,,,,,few,loose,3.0,5,6.0,True,
scn_few-loose_seed7_P3_pl5.xlsx,soft12,ok,optimal,0.523,,,341.85,31.85,0.0,0.0,,,0.0,0.0,310.0,11.0,5.0,3.0,5.0,51671.0,final,,,,,few,loose,3.0,5,7.0,True,
scn_few-loose_seed7_P3_pl5.xlsx,soft,ok,optimal,0.468,,,341.85,31.85,0.0,0.0,,,0.0,0.0,310.0,11.0,5.0,3.0,5.0,51671.0,final,,,,,few,loose,3.0,5,7.0,True,
scn_few-loose_seed7_P3_pl5.xlsx,medium,ok,optimal,0.487,,,341.85,31.85,0.0,0.0,0.0,,0.0,0.0,310.0,11.0,5.0,3.0,5.0,51671.0,final,,,,,few,loose,3.0,5,7.0,True,
scn_few-loose_seed7_P3_pl5.xlsx,hard,ok,optimal,0.634,,,343.2,33.2,0.0,0.0,0.0,0.0,0.0,0.0,310.0,11.0,5.0,3.0,5.0,51671.0,final,,,,,few,loose,3.0,5,7.0,True,
scn_few-loose_seed8_P3_pl5.xlsx,soft12,ok,optimal,0.427,,,315.55,25.55,0.0,0.0,,,0.0,0.0,290.0,9.0,5.0,3.0,5.0,47597.0,final,,,,,few,loose,3.0,5,8.0,True,
scn_few-loose_seed8_P3_pl5.xlsx,soft,ok,optimal,0.384,,,315.55,25.55,0.0,0.0,,,0.0,0.0,290.0,9.0,5.0,3.0,5.0,47597.0,final,,,,,few,loose,3.0,5,8.0,True,
scn_few-loose_seed8_P3_pl5.xlsx,medium,ok,optimal,0.524,,,315.55,25.55,0.0,0.0,0.0,,0.0,0.0,290.0,9.0,5.0,3.0,5.0,47597.0,final,,,,,few,loose,3.0,5,8.0,True,
scn_few-loose_seed8_P3_pl5.xlsx,hard,ok,optimal,0.439,,,315.55,25.55,0.0,0.0,0.0,0.0,0.0,0.0,290.0,9.0,5.0,3.0,5.0,47597.0,final,,,,,few,loose,3.0,5,8.0,True,
scn_few-loose_seed9_P3_pl5.xlsx,soft12,ok,optimal,0.611,,,393632.0,4.3632e+16,0.0,0.0,,,0.0,0.0,350.0,12.0,5.0,3.0,5.0,59.92,final,,,,,few,loose,3.0,5,9.0,True,
scn_few-loose_seed9_P3_pl5.xlsx,soft,ok,optimal,0.768,,,393632.0,4.3632e+16,0.0,0.0,,,0.0,0.0,350.0,12.0,5.0,3.0,5.0,59.92,final,,,,,few,loose,3.0,5,9.0,True,
scn_few-loose_seed9_P3_pl5.xlsx,medium,ok,optimal,0.588,,,393632.0,4.3632e+16,0.0,0.0,0.0,,0.0,0.0,350.0,12.0,5.0,3.0,5.0,59.92,final,,,,,few,loose,3.0,5,9.0,True,
scn_few-loose_seed9_P3_pl5.xlsx,hard,ok,optimal,0.645,,,393632.0,4.3632e+16,0.0,0.0,0.0,0.0,0.0,0.0,350.0,12.0,5.0,3.0,5.0,59.92,final,,,,,few,loose,3.0,5,9.0,True,
scn_few-tight_seed10_P2_pl5.xlsx,soft12,ok,optimal,1152.0,,,700604.0,105604.0,0.0,0.0,,,0.0,0.0,595.0,19.0,5.0,3.0,5.0,108371.0,final,,,,,few,tight,2.0,5,10.0,True,
scn_few-tight_seed10_P2_pl5.xlsx,soft,ok,optimal,1127.0,,,700604.0,105604.0,0.0,0.0,,,0.0,0.0,595.0,19.0,5.0,3.0,5.0,108371.0,final,,,,,few,tight,2.0,5,10.0,True,
scn_few-tight_seed10_P2_pl5.xlsx,medium,ok,optimal,1151.0,,,700604.0,105604.0,0.0,0.0,0.0,,0.0,0.0,595.0,19.0,5.0,3.0,5.0,108371.0,final,,,,,few,tight,2.0,5,10.0,True,
scn_few-tight_seed10_P2_pl5.xlsx,hard,ok,optimal,1191.0,,,700604.0,105604.0,0.0,0.0,0.0,0.0,0.0,0.0,595.0,19.0,5.0,3.0,5.0,108371.0,final,,,,,few,tight,2.0,5,10.0,True,
scn_few-tight_seed11_P2_pl5.xlsx,soft12,ok,optimal,1165.0,,,677345.0,102345.0,0.0,0.0,,,0.0,575.0,0.0,15.0,5.0,3.0,5.0,104659.0,final,,,,,few,tight,2.0,5,11.0,True,
scn_few-tight_seed11_P2_pl5.xlsx,soft,ok,optimal,0.883,,,677345.0,102345.0,0.0,0.0,,,0.0,575.0,0.0,15.0,5.0,3.0,5.0,104659.0,final,,,,,few,tight,2.0,5,11.0,True,
scn_few-tight_seed11_P2_pl5.xlsx,medium,ok,optimal,1027.0,,,677345.0,102345.0,0.0,0.0,0.0,,0.0,0.0,575.0,15.0,5.0,3.0,5.0,104659.0,final,,,,,few,tight,2.0,5,11.0,True,
scn_few-tight_seed11_P2_pl5.xlsx,hard,ok,optimal,1005.0,,,677345.0,102345.0,0.0,0.0,0.0,0.0,0.0,0.0,575.0,15.0,5.0,3.0,5.0,104659.0,final,,,,,few,tight,2.0,5,11.0,True,
scn_few-tight_seed12_P2_pl5.xlsx,soft12,ok,optimal,1032.0,,,634729.0,94729.0,0.0,0.0,,,0.0,540.0,0.0,15.0,5.0,3.0,5.0,97301.0,final,,,,,few,tight,2.0,5,12.0,True,
scn_few-tight_seed12_P2_pl5.xlsx,soft,ok,optimal,0.852,,,634729.0,94729.0,0.0,0.0,,,0.0,540.0,0.0,15.0,5.0,3.0,5.0,97301.0,final,,,,,few,tight,2.0,5,12.0,True,
scn_few-tight_seed12_P2_pl5.xlsx,medium,ok,optimal,1047.0,,,634729.0,94729.0,0.0,0.0,0.0,,0.0,0.0,540.0,15.0,5.0,3.0,5.0,97301.0,final,,,,,few,tight,2.0,5,12.0,True,
scn_few-tight_seed12_P2_pl5.xlsx,hard,ok,optimal,3712.0,,,634729.0,94729.0,0.0,0.0,0.0,0.0,0.0,0.0,540.0,15.0,5.0,3.0,5.0,97301.0,final,,,,,few,tight,2.0,5,12.0,True,
scn_few-tight_seed1_P2_pl5.xlsx,soft12,ok,optimal,0.786,,,610.07,9007000000000000.0,0.0,0.0,,,0.0,520.0,0.0,14.0,5.0,3.0,5.0,93703.0,final,,,,,few,tight,2.0,5,1.0,True,
scn_few-tight_seed1_P2_pl5.xlsx,soft,ok,optimal,0.882,,,610.07,9007000000000000.0,0.0,0.0,,,0.0,520.0,0.0,14.0,5.0,3.0,5.0,93703.0,final,,,,,few,tight,2.0,5,1.0,True,
scn_few-tight_seed1_P2_pl5.xlsx,medium,ok,optimal,1038.0,,,610.07,9007000000000000.0,0.0,0.0,0.0,,0.0,0.0,520.0,14.0,5.0,3.0,5.0,93703.0,final,,,,,few,tight,2.0,5,1.0,True,
scn_few-tight_seed1_P2_pl5.xlsx,hard,ok,optimal,1306.0,,,610.07,9007000000000000.0,0.0,0.0,0.0,0.0,0.0,0.0,520.0,14.0,5.0,3.0,5.0,93703.0,final,,,,,few,tight,2.0,5,1.0,True,
scn_few-tight_seed2_P2_pl5.xlsx,soft12,ok,optimal,1.54,,,646822.0,96822.0,0.0,0.0,,,0.0,0.0,550.0,16.0,5.0,3.0,5.0,99328.0,final,,,,,few,tight,2.0,5,2.0,True,
scn_few-tight_seed2_P2_pl5.xlsx,soft,ok,optimal,2018.0,,,646822.0,96822.0,0.0,0.0,,,0.0,0.0,550.0,16.0,5.0,3.0,5.0,99328.0,final,,,,,few,tight,2.0,5,2.0,True,
scn_few-tight_seed2_P2_pl5.xlsx,medium,ok,optimal,1219.0,,,646822.0,96822.0,0.0,0.0,0.0,,0.0,0.0,550.0,16.0,5.0,3.0,5.0,99328.0,final,,,,,few,tight,2.0,5,2.0,True,
scn_few-tight_seed2_P2_pl5.xlsx,hard,ok,optimal,1201.0,,,646822.0,96822.0,0.0,0.0,0.0,0.0,0.0,0.0,550.0,16.0,5.0,3.0,5.0,99328.0,final,,,,,few,tight,2.0,5,2.0,True,
scn_few-tight_seed3_P2_pl5.xlsx,soft12,ok,optimal,0.693,,,502932.0,72932.0,0.0,0.0,,,0.0,430.0,0.0,13.0,5.0,3.0,5.0,75761.0,final,,,,,few,tight,2.0,5,3.0,True,
scn_few-tight_seed3_P2_pl5.xlsx,soft,ok,optimal,0.815,,,502932.0,72932.0,0.0,0.0,,,0.0,430.0,0.0,13.0,5.0,3.0,5.0,75761.0,final,,,,,few,tight,2.0,5,3.0,True,
scn_few-tight_seed3_P2_pl5.xlsx,medium,ok,optimal,0.985,,,502932.0,72932.0,0.0,0.0,0.0,,0.0,0.0,430.0,13.0,5.0,3.0,5.0,75761.0,final,,,,,few,tight,2.0,5,3.0,True,
scn_few-tight_seed3_P2_pl5.xlsx,hard,ok,optimal,1202.0,,,502932.0,72932.0,0.0,0.0,0.0,0.0,0.0,0.0,430.0,13.0,5.0,3.0,5.0,75761.0,final,,,,,few,tight,2.0,5,3.0,True,
scn_few-tight_seed4_P2_pl5.xlsx,soft12,ok,optimal,1158.0,,,659.18,9917999999999990.0,0.0,0.0,,,0.0,0.0,560.0,17.0,5.0,3.0,5.0,101358.0,final,,,,,few,tight,2.0,5,4.0,True,
scn_few-tight_seed4_P2_pl5.xlsx,soft,ok,optimal,0.926,,,659.18,9917999999999990.0,0.0,0.0,,,0.0,0.0,560.0,17.0,5.0,3.0,5.0,101358.0,final,,,,,few,tight,2.0,5,4.0,True,
scn_few-tight_seed4_P2_pl5.xlsx,medium,ok,optimal,1078.0,,,659.18,9917999999999990.0,0.0,0.0,0.0,,0.0,0.0,560.0,17.0,5.0,3.0,5.0,101358.0,final,,,,,few,tight,2.0,5,4.0,True,
scn_few-tight_seed4_P2_pl5.xlsx,hard,ok,optimal,1011.0,,,659.18,9917999999999990.0,0.0,0.0,0.0,0.0,0.0,0.0,560.0,17.0,5.0,3.0,5.0,101358.0,final,,,,,few,tight,2.0,5,4.0,True,
scn_few-tight_seed5_P2_pl5.xlsx,soft12,ok,optimal,1869.0,,,605177.0,90177.0,0.0,0.0,,,0.0,515.0,0.0,16.0,5.0,3.0,5.0,92424.0,final,,,,,few,tight,2.0,5,5.0,True,
scn_few-tight_seed5_P2_pl5.xlsx,soft,ok,optimal,1154.0,,,605177.0,90177.0,0.0,0.0,,,0.0,515.0,0.0,16.0,5.0,3.0,5.0,92424.0,final,,,,,few,tight,2.0,5,5.0,True,
scn_few-tight_seed5_P2_pl5.xlsx,medium,ok,optimal,1026.0,,,605177.0,90177.0,0.0,0.0,0.0,,0.0,0.0,515.0,16.0,5.0,3.0,5.0,92424.0,final,,,,,few,tight,2.0,5,5.0,True,
scn_few-tight_seed5_P2_pl5.xlsx,hard,ok,optimal,1008.0,,,605177.0,90177.0,0.0,0.0,0.0,0.0,0.0,0.0,515.0,16.0,5.0,3.0,5.0,92424.0,final,,,,,few,tight,2.0,5,5.0,True,
scn_few-tight_seed6_P2_pl5.xlsx,soft12,warning,infeasible,0.713,,,0.0,0.0,0.0,0.0,,,0.0,0.0,0.0,15.0,5.0,3.0,5.0,102366.0,final,,,,,few,tight,2.0,5,6.0,False,
scn_few-tight_seed6_P2_pl5.xlsx,soft,warning,infeasible,0.744,,,0.0,0.0,0.0,0.0,,,0.0,0.0,0.0,15.0,5.0,3.0,5.0,102366.0,final,,,,,few,tight,2.0,5,6.0,False,
scn_few-tight_seed6_P2_pl5.xlsx,medium,warning,infeasible,0.748,,,0.0,0.0,0.0,0.0,0.0,,0.0,0.0,0.0,15.0,5.0,3.0,5.0,102366.0,final,,,,,few,tight,2.0,5,6.0,False,
scn_few-tight_seed6_P2_pl5.xlsx,hard,warning,infeasible,0.702,,,0.0,0.0,0.0,0.0,0.0,0.0,0.0,0.0,0.0,15.0,5.0,3.0,5.0,102366.0,final,,,,,few,tight,2.0,5,6.0,False,
scn_few-tight_seed7_P2_pl5.xlsx,soft12,ok,optimal,0.855,,,593862.0,8886200000000000.0,0.0,0.0,,,0.0,505.0,0.0,16.0,5.0,3.0,5.0,90961.0,final,,,,,few,tight,2.0,5,7.0,True,
scn_few-tight_seed7_P2_pl5.xlsx,soft,ok,optimal,0.942,,,593862.0,8886200000000000.0,0.0,0.0,,,0.0,505.0,0.0,16.0,5.0,3.0,5.0,90961.0,final,,,,,few,tight,2.0,5,7.0,True,
scn_few-tight_seed7_P2_pl5.xlsx,medium,ok,optimal,1061.0,,,593862.0,8886200000000000.0,0.0,0.0,0.0,,0.0,0.0,505.0,16.0,5.0,3.0,5.0,90961.0,final,,,,,few,tight,2.0,5,7.0,True,
scn_few-tight_seed7_P2_pl5.xlsx,hard,ok,optimal,0.892,,,593862.0,8886200000000000.0,0.0,0.0,0.0,0.0,0.0,0.0,505.0,16.0,5.0,3.0,5.0,90961.0,final,,,,,few,tight,2.0,5,7.0,True,
scn_few-tight_seed8_P2_pl5.xlsx,soft12,warning,infeasible,0.799,,,0.0,0.0,0.0,0.0,,,0.0,0.0,0.0,16.0,5.0,3.0,5.0,98785.0,final,,,,,few,tight,2.0,5,8.0,False,
scn_few-tight_seed8_P2_pl5.xlsx,soft,warning,infeasible,0.697,,,0.0,0.0,0.0,0.0,,,0.0,0.0,0.0,16.0,5.0,3.0,5.0,98785.0,final,,,,,few,tight,2.0,5,8.0,False,
scn_few-tight_seed8_P2_pl5.xlsx,medium,warning,infeasible,0.725,,,0.0,0.0,0.0,0.0,0.0,,0.0,0.0,0.0,16.0,5.0,3.0,5.0,98785.0,final,,,,,few,tight,2.0,5,8.0,False,
scn_few-tight_seed8_P2_pl5.xlsx,hard,warning,infeasible,0.724,,,0.0,0.0,0.0,0.0,0.0,0.0,0.0,0.0,0.0,16.0,5.0,3.0,5.0,98785.0,final,,,,,few,tight,2.0,5,8.0,False,
scn_few-tight_seed9_P2_pl5.xlsx,soft12,warning,infeasible,0.582,,,0.0,0.0,0.0,0.0,,,0.0,0.0,0.0,13.0,5.0,3.0,5.0,86406.0,final,,,,,few,tight,2.0,5,9.0,False,
scn_few-tight_seed9_P2_pl5.xlsx,soft,warning,infeasible,0.586,,,0.0,0.0,0.0,0.0,,,0.0,0.0,0.0,13.0,5.0,3.0,5.0,86406.0,final,,,,,few,tight,2.0,5,9.0,False,
scn_few-tight_seed9_P2_pl5.xlsx,medium,warning,infeasible,1559.0,,,0.0,0.0,0.0,0.0,0.0,,0.0,0.0,0.0,13.0,5.0,3.0,5.0,86406.0,final,,,,,few,tight,2.0,5,9.0,False,
scn_few-tight_seed9_P2_pl5.xlsx,hard,warning,infeasible,0.708,,,0.0,0.0,0.0,0.0,0.0,0.0,0.0,0.0,0.0,13.0,5.0,3.0,5.0,86406.0,final,,,,,few,tight,2.0,5,9.0,False,
scn_heavy-tight_seed1_P4_pl30.xlsx,soft12,warning,infeasible,22074.0,,,0.0,0.0,0.0,0.0,,,0.0,0.0,0.0,95.0,30.0,8.0,5.0,202482.0,final,,,,,unknown,tight,4.0,30,1.0,False,
scn_heavy-tight_seed1_P4_pl30.xlsx,soft,warning,infeasible,20463.0,,,0.0,0.0,0.0,0.0,,,0.0,0.0,0.0,95.0,30.0,8.0,5.0,202482.0,final,,,,,unknown,tight,4.0,30,1.0,False,
scn_heavy-tight_seed1_P4_pl30.xlsx,medium,warning,infeasible,25952.0,,,0.0,0.0,0.0,0.0,0.0,,0.0,0.0,0.0,95.0,30.0,8.0,5.0,202482.0,final,,,,,unknown,tight,4.0,30,1.0,False,
scn_heavy-tight_seed1_P4_pl30.xlsx,hard,warning,infeasible,24781.0,,,0.0,0.0,0.0,0.0,0.0,0.0,0.0,0.0,0.0,95.0,30.0,8.0,5.0,202482.0,final,,,,,unknown,tight,4.0,30,1.0,False,
scn_heavy-tight_seed2_P4_pl30.xlsx,soft12,warning,infeasible,20817.0,,,0.0,0.0,0.0,0.0,,,0.0,0.0,0.0,92.0,30.0,8.0,5.0,201798.0,final,,,,,unknown,tight,4.0,30,2.0,False,
scn_heavy-tight_seed2_P4_pl30.xlsx,soft,warning,infeasible,17472.0,,,0.0,0.0,0.0,0.0,,,0.0,0.0,0.0,92.0,30.0,8.0,5.0,201798.0,final,,,,,unknown,tight,4.0,30,2.0,False,
scn_heavy-tight_seed2_P4_pl30.xlsx,medium,warning,infeasible,21621.0,,,0.0,0.0,0.0,0.0,0.0,,0.0,0.0,0.0,92.0,30.0,8.0,5.0,201798.0,final,,,,,unknown,tight,4.0,30,2.0,False,
scn_heavy-tight_seed2_P4_pl30.xlsx,hard,warning,infeasible,21128.0,,,0.0,0.0,0.0,0.0,0.0,0.0,0.0,0.0,0.0,92.0,30.0,8.0,5.0,201798.0,final,,,,,unknown,tight,4.0,30,2.0,False,
scn_heavy-tight_seed3_P4_pl30.xlsx,soft12,warning,infeasible,15914.0,,,0.0,0.0,0.0,0.0,,,0.0,0.0,0.0,86.0,30.0,8.0,5.0,193856.0,final,,,,,unknown,tight,4.0,30,3.0,False,
scn_heavy-tight_seed3_P4_pl30.xlsx,soft,warning,infeasible,15971.0,,,0.0,0.0,0.0,0.0,,,0.0,0.0,0.0,86.0,30.0,8.0,5.0,193856.0,final,,,,,unknown,tight,4.0,30,3.0,False,
scn_heavy-tight_seed3_P4_pl30.xlsx,medium,warning,infeasible,19134.0,,,0.0,0.0,0.0,0.0,0.0,,0.0,0.0,0.0,86.0,30.0,8.0,5.0,193856.0,final,,,,,unknown,tight,4.0,30,3.0,False,
scn_heavy-tight_seed3_P4_pl30.xlsx,hard,warning,infeasible,20295.0,,,0.0,0.0,0.0,0.0,0.0,0.0,0.0,0.0,0.0,86.0,30.0,8.0,5.0,193856.0,final,,,,,unknown,tight,4.0,30,3.0,False,
scn_heavy-tight_seed4_P4_pl30.xlsx,soft12,warning,infeasible,16551.0,,,0.0,0.0,0.0,0.0,,,0.0,0.0,0.0,86.0,30.0,8.0,5.0,198971.0,final,,,,,unknown,tight,4.0,30,4.0,False,
scn_heavy-tight_seed4_P4_pl30.xlsx,soft,warning,infeasible,20627.0,,,0.0,0.0,0.0,0.0,,,0.0,0.0,0.0,86.0,30.0,8.0,5.0,198971.0,final,,,,,unknown,tight,4.0,30,4.0,False,
scn_heavy-tight_seed4_P4_pl30.xlsx,medium,warning,infeasible,25582.0,,,0.0,0.0,0.0,0.0,0.0,,0.0,0.0,0.0,86.0,30.0,8.0,5.0,198971.0,final,,,,,unknown,tight,4.0,30,4.0,False,
scn_heavy-tight_seed4_P4_pl30.xlsx,hard,warning,infeasible,21312.0,,,0.0,0.0,0.0,0.0,0.0,0.0,0.0,0.0,0.0,86.0,30.0,8.0,5.0,198971.0,final,,,,,unknown,tight,4.0,30,4.0,False,
scn_custom_many_tight_pl10.xlsx,soft12,ok,optimal,8318.0,,,,90617.0,0.0,0.0,,,0.0,0.0,1010.0,25.0,10.0,6.0,5.0,90617.0,initial,base,31312.0,43276.0,30995.0,many,tight,,10,,True,
scn_custom_many_tight_pl10.xlsx,soft,ok,optimal,9.16,,,,90617.0,0.0,0.0,,,0.0,0.0,1010.0,25.0,10.0,6.0,5.0,90617.0,initial,base,31324.0,43282.0,30995.0,many,tight,,10,,True,
scn_custom_many_tight_pl10.xlsx,medium,ok,optimal,65362.0,,,,90617.0,0.0,0.0,0.0,,0.0,0.0,1010.0,25.0,10.0,6.0,5.0,90617.0,initial,base,32609.0,48422.0,32280.0,many,tight,,10,,True,
scn_custom_many_tight_pl10.xlsx,hard,ok,optimal,14407.0,,,,90617.0,0.0,0.0,0.0,1.0,0.0,0.0,1010.0,25.0,10.0,6.0,5.0,90617.0,initial,base,32614.0,48427.0,32285.0,many,tight,,10,,True,
scn_custom_many_tight_pl12.xlsx,soft12,ok,optimal,5337.0,,,,8939099999999990.0,0.0,0.0,,,0.0,0.0,1200.0,24.0,12.0,6.0,5.0,8939099999999990.0,initial,base,32229.0,44577.0,31922.0,many,tight,,12,,True,
scn_custom_many_tight_pl12.xlsx,soft,ok,optimal,6564.0,,,,8939099999999990.0,0.0,0.0,,,0.0,0.0,1200.0,24.0,12.0,6.0,5.0,8939099999999990.0,initial,base,32241.0,44583.0,31922.0,many,tight,,12,,True,
scn_custom_many_tight_pl12.xlsx,medium,ok,optimal,12394.0,,,,8939099999999990.0,0.0,0.0,0.0,,0.0,0.0,1200.0,24.0,12.0,6.0,5.0,8939099999999990.0,initial,base,33426.0,49323.0,33107.0,many,tight,,12,,True,
scn_custom_many_tight_pl12.xlsx,hard,ok,optimal,19429.0,,,,8939099999999990.0,0.0,0.0,2.0,1.0,0.0,0.0,1200.0,24.0,12.0,6.0,5.0,8939099999999990.0,initial,base,33431.0,49328.0,33112.0,many,tight,,12,,True,
scn_custom_many_tight_pl14.xlsx,soft12,ok,optimal,8.03,,,,9637100000000000.0,0.0,0.0,,,0.0,0.0,1498.0,25.0,14.0,6.0,5.0,9637100000000000.0,initial,base,37464.0,51824.0,37143.0,many,tight,,14,,True,
scn_custom_many_tight_pl14.xlsx,soft,ok,optimal,7781.0,,,,9637100000000000.0,0.0,0.0,,,0.0,0.0,1498.0,25.0,14.0,6.0,5.0,9637100000000000.0,initial,base,37476.0,51830.0,37143.0,many,tight,,14,,True,
scn_custom_many_tight_pl14.xlsx,medium,ok,optimal,42585.0,,,,9637100000000000.0,0.0,0.0,0.0,,0.0,0.0,1498.0,25.0,14.0,6.0,5.0,9637100000000000.0,initial,base,38751.0,56930.0,38418.0,many,tight,,14,,True,
scn_custom_many_tight_pl14.xlsx,hard,ok,optimal,39885.0,,,,9637100000000000.0,0.0,0.0,3.0,1.0,0.0,0.0,1498.0,25.0,14.0,6.0,5.0,9637100000000000.0,initial,base,38756.0,56935.0,38423.0,many,tight,,14,,True,
scn_custom_many_tight_pl16.xlsx,soft12,ok,optimal,12.86,,,,118863.0,0.0,0.0,,,0.0,0.0,2064.0,33.0,16.0,6.0,5.0,118863.0,initial,base,56864.0,79176.0,56445.0,many,tight,,16,,True,
scn_custom_many_tight_pl16.xlsx,soft,ok,optimal,14048.0,,,,118863.0,0.0,0.0,,,0.0,0.0,2064.0,33.0,16.0,6.0,5.0,118863.0,initial,base,56876.0,79182.0,56445.0,many,tight,,16,,True,
scn_custom_many_tight_pl16.xlsx,medium,aborted,maxTimeLimit,307209.0,,,,118863.0,0.0,0.0,5.0,,0.0,0.0,2064.0,33.0,16.0,6.0,5.0,118863.0,initial,base,59136.0,88222.0,58705.0,many,tight,,16,,False,
scn_custom_many_tight_pl16.xlsx,hard,aborted,maxTimeLimit,309689.0,,,,118863.0,0.0,0.0,8.0,1.0,0.0,0.0,2064.0,33.0,16.0,6.0,5.0,118863.0,initial,base,59141.0,88227.0,58710.0,many,tight,,16,,False,
scn_custom_many_tight_pl18.xlsx,soft12,ok,optimal,22881.0,,,,145194.0,0.0,0.0,,,0.0,0.0,2808.0,41.0,18.0,6.0,5.0,145194.0,initial,base,82440.0,115002.0,81923.0,many,tight,,18,,True,
scn_custom_many_tight_pl18.xlsx,soft,ok,optimal,24136.0,,,,145194.0,0.0,0.0,,,0.0,0.0,2808.0,41.0,18.0,6.0,5.0,145194.0,initial,base,82452.0,115008.0,81923.0,many,tight,,18,,True,
scn_custom_many_tight_pl18.xlsx,medium,ok,optimal,176387.0,,,,145194.0,0.0,0.0,0.0,,0.0,0.0,2808.0,41.0,18.0,6.0,5.0,145194.0,initial,base,85942.0,128968.0,85413.0,many,tight,,18,,True,
scn_custom_many_tight_pl18.xlsx,hard,aborted,maxTimeLimit,311672.0,,,,145194.0,0.0,0.0,3.0,2.0,0.0,0.0,2808.0,41.0,18.0,6.0,5.0,145194.0,initial,base,85947.0,128973.0,85418.0,many,tight,,18,,False,
scn_custom_many_tight_pl20.xlsx,soft12,ok,optimal,16624.0,,,,112568.0,0.0,0.0,,,0.0,0.0,2460.0,35.0,20.0,6.0,5.0,112568.0,initial,base,62942.0,88696.0,62495.0,many,tight,,20,,True,
scn_custom_many_tight_pl20.xlsx,soft,ok,optimal,17305.0,,,,112568.0,0.0,0.0,,,0.0,0.0,2460.0,35.0,20.0,6.0,5.0,112568.0,initial,base,62954.0,88702.0,62495.0,many,tight,,20,,True,
scn_custom_many_tight_pl20.xlsx,medium,ok,optimal,45793.0,,,,112568.0,0.0,0.0,1.0,,0.0,0.0,2460.0,35.0,20.0,6.0,5.0,112568.0,initial,base,65469.0,98762.0,65010.0,many,tight,,20,,True,
scn_custom_many_tight_pl20.xlsx,hard,ok,optimal,70754.0,,,,112568.0,0.0,0.0,2.0,1.0,0.0,0.0,2460.0,35.0,20.0,6.0,5.0,112568.0,initial,base,65474.0,98767.0,65015.0,many,tight,,20,,True,
scn_few-loose_seed10_P3_pl5.xlsx,soft12,ok,optimal,4291.0,,,,86569.0,0.0,0.0,,,0.0,0.0,485.0,14.0,5.0,3.0,5.0,86569.0,initial,base,14874.0,19479.0,14697.0,few,loose,3.0,5,10.0,True,
scn_few-loose_seed10_P3_pl5.xlsx,soft,ok,optimal,3428.0,,,,86569.0,0.0,0.0,,,0.0,0.0,485.0,14.0,5.0,3.0,5.0,86569.0,initial,base,14880.0,19482.0,14697.0,few,loose,3.0,5,10.0,True,
scn_few-loose_seed10_P3_pl5.xlsx,medium,ok,optimal,3647.0,,,,86569.0,0.0,0.0,0.0,,0.0,0.0,485.0,14.0,5.0,3.0,5.0,86569.0,initial,base,15180.0,20682.0,14997.0,few,loose,3.0,5,10.0,True,
scn_few-loose_seed10_P3_pl5.xlsx,hard,ok,optimal,3197.0,,,,86569.0,0.0,0.0,0.0,0.0,0.0,0.0,485.0,14.0,5.0,3.0,5.0,86569.0,initial,base,15185.0,20687.0,15002.0,few,loose,3.0,5,10.0,True,
scn_few-loose_seed11_P3_pl5.xlsx,soft12,ok,optimal,2755.0,,,,77588.0,0.0,0.0,,,0.0,0.0,440.0,9.0,5.0,3.0,5.0,77588.0,initial,base,10209.0,13299.0,10092.0,few,loose,3.0,5,11.0,True,
scn_few-loose_seed11_P3_pl5.xlsx,soft,ok,optimal,2918.0,,,,77588.0,0.0,0.0,,,0.0,0.0,440.0,9.0,5.0,3.0,5.0,77588.0,initial,base,10215.0,13302.0,10092.0,few,loose,3.0,5,11.0,True,
scn_few-loose_seed11_P3_pl5.xlsx,medium,ok,optimal,2732.0,,,,77588.0,0.0,0.0,0.0,,0.0,0.0,440.0,9.0,5.0,3.0,5.0,77588.0,initial,base,10345.0,13822.0,10222.0,few,loose,3.0,5,11.0,True,
scn_few-loose_seed11_P3_pl5.xlsx,hard,ok,optimal,2481.0,,,,77588.0,0.0,0.0,0.0,0.0,0.0,0.0,440.0,9.0,5.0,3.0,5.0,77588.0,initial,base,10350.0,13827.0,10227.0,few,loose,3.0,5,11.0,True,
scn_few-loose_seed12_P3_pl5.xlsx,soft12,ok,optimal,2256.0,,,,65818.0,0.0,0.0,,,0.0,0.0,380.0,8.0,5.0,3.0,5.0,65818.0,initial,base,8376.0,10974.0,8271.0,few,loose,3.0,5,12.0,True,
scn_few-loose_seed12_P3_pl5.xlsx,soft,ok,optimal,1862.0,,,,65818.0,0.0,0.0,,,0.0,0.0,380.0,8.0,5.0,3.0,5.0,65818.0,initial,base,8382.0,10977.0,8271.0,few,loose,3.0,5,12.0,True,
scn_few-loose_seed12_P3_pl5.xlsx,medium,ok,optimal,2371.0,,,,65818.0,0.0,0.0,0.0,,0.0,0.0,380.0,8.0,5.0,3.0,5.0,65818.0,initial,base,8482.0,11377.0,8371.0,few,loose,3.0,5,12.0,True,
scn_few-loose_seed12_P3_pl5.xlsx,hard,ok,optimal,2723.0,,,,65818.0,0.0,0.0,0.0,0.0,0.0,0.0,380.0,8.0,5.0,3.0,5.0,65818.0,initial,base,8487.0,11382.0,8376.0,few,loose,3.0,5,12.0,True,
scn_few-loose_seed1_P3_pl5.xlsx,soft12,ok,optimal,3251.0,,,,82785.0,0.0,0.0,,,0.0,0.0,465.0,12.0,5.0,3.0,5.0,82785.0,initial,base,12840.0,16763.0,12687.0,few,loose,3.0,5,1.0,True,
scn_few-loose_seed1_P3_pl5.xlsx,soft,ok,optimal,2547.0,,,,82785.0,0.0,0.0,,,0.0,0.0,465.0,12.0,5.0,3.0,5.0,82785.0,initial,base,12846.0,16766.0,12687.0,few,loose,3.0,5,1.0,True,
scn_few-loose_seed1_P3_pl5.xlsx,medium,ok,optimal,2639.0,,,,82785.0,0.0,0.0,0.0,,0.0,0.0,465.0,12.0,5.0,3.0,5.0,82785.0,initial,base,13081.0,17706.0,12922.0,few,loose,3.0,5,1.0,True,
scn_few-loose_seed1_P3_pl5.xlsx,hard,ok,optimal,2425.0,,,,82785.0,0.0,0.0,0.0,0.0,0.0,0.0,465.0,12.0,5.0,3.0,5.0,82785.0,initial,base,13086.0,17711.0,12927.0,few,loose,3.0,5,1.0,True,
scn_few-loose_seed2_P3_pl5.xlsx,soft12,ok,optimal,2853.0,,,,8782300000000000.0,0.0,0.0,,,0.0,0.0,490.0,13.0,5.0,3.0,5.0,8782300000000000.0,initial,base,14211.0,18539.0,14046.0,few,loose,3.0,5,2.0,True,
scn_few-loose_seed2_P3_pl5.xlsx,soft,ok,optimal,3.21,,,,8782300000000000.0,0.0,0.0,,,0.0,0.0,490.0,13.0,5.0,3.0,5.0,8782300000000000.0,initial,base,14217.0,18542.0,14046.0,few,loose,3.0,5,2.0,True,
scn_few-loose_seed2_P3_pl5.xlsx,medium,ok,optimal,3.29,,,,8782300000000000.0,0.0,0.0,0.0,,0.0,0.0,490.0,13.0,5.0,3.0,5.0,8782300000000000.0,initial,base,14487.0,19622.0,14316.0,few,loose,3.0,5,2.0,True,
scn_few-loose_seed2_P3_pl5.xlsx,hard,ok,optimal,2297.0,,,,8782300000000000.0,0.0,0.0,0.0,0.0,0.0,0.0,490.0,13.0,5.0,3.0,5.0,8782300000000000.0,initial,base,14492.0,19627.0,14321.0,few,loose,3.0,5,2.0,True,
scn_few-loose_seed3_P3_pl5.xlsx,soft12,ok,optimal,1153.0,,,,57091.0,0.0,0.0,,,0.0,0.0,340.0,8.0,5.0,3.0,5.0,57091.0,initial,base,7576.0,9974.0,7471.0,few,loose,3.0,5,3.0,True,
scn_few-loose_seed3_P3_pl5.xlsx,soft,ok,optimal,1051.0,,,,57091.0,0.0,0.0,,,0.0,0.0,340.0,8.0,5.0,3.0,5.0,57091.0,initial,base,7582.0,9977.0,7471.0,few,loose,3.0,5,3.0,True,
scn_few-loose_seed3_P3_pl5.xlsx,medium,ok,optimal,1194.0,,,,57091.0,0.0,0.0,0.0,,0.0,0.0,340.0,8.0,5.0,3.0,5.0,57091.0,initial,base,7667.0,10317.0,7556.0,few,loose,3.0,5,3.0,True,
scn_few-loose_seed3_P3_pl5.xlsx,hard,ok,optimal,1.33,,,,57091.0,0.0,0.0,0.0,0.0,0.0,0.0,340.0,8.0,5.0,3.0,5.0,57091.0,initial,base,7672.0,10322.0,7561.0,few,loose,3.0,5,3.0,True,
scn_few-loose_seed4_P3_pl5.xlsx,soft12,ok,optimal,1522.0,,,,78738.0,0.0,0.0,,,0.0,0.0,445.0,10.0,5.0,3.0,5.0,78738.0,initial,base,10974.0,14303.0,10845.0,few,loose,3.0,5,4.0,True,
scn_few-loose_seed4_P3_pl5.xlsx,soft,ok,optimal,1379.0,,,,78738.0,0.0,0.0,,,0.0,0.0,445.0,10.0,5.0,3.0,5.0,78738.0,initial,base,10980.0,14306.0,10845.0,few,loose,3.0,5,4.0,True,
scn_few-loose_seed4_P3_pl5.xlsx,medium,ok,optimal,1414.0,,,,78738.0,0.0,0.0,0.0,,0.0,0.0,445.0,10.0,5.0,3.0,5.0,78738.0,initial,base,11140.0,14946.0,11005.0,few,loose,3.0,5,4.0,True,
scn_few-loose_seed4_P3_pl5.xlsx,hard,ok,optimal,1491.0,,,,78738.0,0.0,0.0,0.0,0.0,0.0,0.0,445.0,10.0,5.0,3.0,5.0,78738.0,initial,base,11145.0,14951.0,11010.0,few,loose,3.0,5,4.0,True,
scn_few-loose_seed5_P3_pl5.xlsx,soft12,ok,optimal,1431.0,,,,75523.0,0.0,0.0,,,0.0,0.0,430.0,9.0,5.0,3.0,5.0,75523.0,initial,base,9999.0,13039.0,9882.0,few,loose,3.0,5,5.0,True,
scn_few-loose_seed5_P3_pl5.xlsx,soft,ok,optimal,1276.0,,,,75523.0,0.0,0.0,,,0.0,0.0,430.0,9.0,5.0,3.0,5.0,75523.0,initial,base,10005.0,13042.0,9882.0,few,loose,3.0,5,5.0,True,
scn_few-loose_seed5_P3_pl5.xlsx,medium,ok,optimal,1321.0,,,,75523.0,0.0,0.0,0.0,,0.0,0.0,430.0,9.0,5.0,3.0,5.0,75523.0,initial,base,10125.0,13522.0,10002.0,few,loose,3.0,5,5.0,True,
scn_few-loose_seed5_P3_pl5.xlsx,hard,ok,optimal,1365.0,,,,75523.0,0.0,0.0,0.0,0.0,0.0,0.0,430.0,9.0,5.0,3.0,5.0,75523.0,initial,base,10130.0,13527.0,10007.0,few,loose,3.0,5,5.0,True,
scn_few-loose_seed6_P3_pl5.xlsx,soft12,ok,optimal,1701.0,,,,84271.0,0.0,0.0,,,0.0,0.0,475.0,11.0,5.0,3.0,5.0,84271.0,initial,base,12346.0,16061.0,12205.0,few,loose,3.0,5,6.0,True,
scn_few-loose_seed6_P3_pl5.xlsx,soft,ok,optimal,2357.0,,,,84271.0,0.0,0.0,,,0.0,0.0,475.0,11.0,5.0,3.0,5.0,84271.0,initial,base,12352.0,16064.0,12205.0,few,loose,3.0,5,6.0,True,
scn_few-loose_seed6_P3_pl5.xlsx,medium,ok,optimal,1735.0,,,,84271.0,0.0,0.0,0.0,,0.0,0.0,475.0,11.0,5.0,3.0,5.0,84271.0,initial,base,12547.0,16844.0,12400.0,few,loose,3.0,5,6.0,True,
scn_few-loose_seed6_P3_pl5.xlsx,hard,ok,optimal,2747.0,,,,84271.0,0.0,0.0,0.0,0.0,0.0,0.0,475.0,11.0,5.0,3.0,5.0,84271.0,initial,base,12552.0,16849.0,12405.0,few,loose,3.0,5,6.0,True,
scn_few-loose_seed7_P3_pl5.xlsx,soft12,ok,optimal,2591.0,,,,74691.0,0.0,0.0,,,0.0,0.0,425.0,11.0,5.0,3.0,5.0,74691.0,initial,base,11196.0,14661.0,11055.0,few,loose,3.0,5,7.0,True,
scn_few-loose_seed7_P3_pl5.xlsx,soft,ok,optimal,2735.0,,,,74691.0,0.0,0.0,,,0.0,0.0,425.0,11.0,5.0,3.0,5.0,74691.0,initial,base,11202.0,14664.0,11055.0,few,loose,3.0,5,7.0,True,
scn_few-loose_seed7_P3_pl5.xlsx,medium,ok,optimal,2659.0,,,,74691.0,0.0,0.0,0.0,,0.0,0.0,425.0,11.0,5.0,3.0,5.0,74691.0,initial,base,11402.0,15464.0,11255.0,few,loose,3.0,5,7.0,True,
scn_few-loose_seed7_P3_pl5.xlsx,hard,ok,optimal,2514.0,,,,74691.0,0.0,0.0,0.0,0.0,0.0,0.0,425.0,11.0,5.0,3.0,5.0,74691.0,initial,base,11407.0,15469.0,11260.0,few,loose,3.0,5,7.0,True,
scn_few-loose_seed8_P3_pl5.xlsx,soft12,ok,optimal,2143.0,,,,69467.0,0.0,0.0,,,0.0,0.0,400.0,9.0,5.0,3.0,5.0,69467.0,initial,base,9369.0,12259.0,9252.0,few,loose,3.0,5,8.0,True,
scn_few-loose_seed8_P3_pl5.xlsx,soft,ok,optimal,3158.0,,,,69467.0,0.0,0.0,,,0.0,0.0,400.0,9.0,5.0,3.0,5.0,69467.0,initial,base,9375.0,12262.0,9252.0,few,loose,3.0,5,8.0,True,
scn_few-loose_seed8_P3_pl5.xlsx,medium,ok,optimal,2156.0,,,,69467.0,0.0,0.0,0.0,,0.0,0.0,400.0,9.0,5.0,3.0,5.0,69467.0,initial,base,9490.0,12722.0,9367.0,few,loose,3.0,5,8.0,True,
scn_few-loose_seed8_P3_pl5.xlsx,hard,ok,optimal,1951.0,,,,69467.0,0.0,0.0,0.0,0.0,0.0,0.0,400.0,9.0,5.0,3.0,5.0,69467.0,initial,base,9495.0,12727.0,9372.0,few,loose,3.0,5,8.0,True,
scn_few-loose_seed9_P3_pl5.xlsx,soft12,ok,optimal,2992.0,,,,83.15,0.0,0.0,,,0.0,0.0,470.0,12.0,5.0,3.0,5.0,83.15,initial,base,12960.0,16908.0,12807.0,few,loose,3.0,5,9.0,True,
scn_few-loose_seed9_P3_pl5.xlsx,soft,ok,optimal,2719.0,,,,83.15,0.0,0.0,,,0.0,0.0,470.0,12.0,5.0,3.0,5.0,83.15,initial,base,12966.0,16911.0,12807.0,few,loose,3.0,5,9.0,True,
scn_few-loose_seed9_P3_pl5.xlsx,medium,ok,optimal,3091.0,,,,83.15,0.0,0.0,0.0,,0.0,0.0,470.0,12.0,5.0,3.0,5.0,83.15,initial,base,13201.0,17851.0,13042.0,few,loose,3.0,5,9.0,True,
scn_few-loose_seed9_P3_pl5.xlsx,hard,ok,optimal,3309.0,,,,83.15,0.0,0.0,0.0,0.0,0.0,0.0,470.0,12.0,5.0,3.0,5.0,83.15,initial,base,13206.0,17856.0,13047.0,few,loose,3.0,5,9.0,True,
scn_few-tight_seed10_P2_pl5.xlsx,soft12,ok,optimal,5723.0,,,,1.32370999999999e+16,0.0,0.0,,,0.0,0.0,715.0,19.0,5.0,3.0,5.0,1.32370999999999e+16,initial,base,26274.0,33869.0,26037.0,few,tight,2.0,5,10.0,True,
scn_few-tight_seed10_P2_pl5.xlsx,soft,ok,optimal,4803.0,,,,1.32370999999999e+16,0.0,0.0,,,0.0,0.0,715.0,19.0,5.0,3.0,5.0,1.32370999999999e+16,initial,base,26280.0,33872.0,26037.0,few,tight,2.0,5,10.0,True,
scn_few-tight_seed10_P2_pl5.xlsx,medium,ok,optimal,5983.0,,,,1.32370999999999e+16,0.0,0.0,0.0,,0.0,0.0,715.0,19.0,5.0,3.0,5.0,1.32370999999999e+16,initial,base,26840.0,36112.0,26597.0,few,tight,2.0,5,10.0,True,
scn_few-tight_seed10_P2_pl5.xlsx,hard,ok,optimal,5634.0,,,,1.32370999999999e+16,0.0,0.0,0.0,0.0,0.0,0.0,715.0,19.0,5.0,3.0,5.0,1.32370999999999e+16,initial,base,26845.0,36117.0,26602.0,few,tight,2.0,5,10.0,True,
scn_few-tight_seed11_P2_pl5.xlsx,soft12,ok,optimal,4518.0,,,,131139.0,0.0,0.0,,,0.0,0.0,710.0,15.0,5.0,3.0,5.0,131139.0,initial,base,21759.0,27813.0,21570.0,few,tight,2.0,5,11.0,True,
scn_few-tight_seed11_P2_pl5.xlsx,soft,ok,optimal,4413.0,,,,131139.0,0.0,0.0,,,0.0,0.0,710.0,15.0,5.0,3.0,5.0,131139.0,initial,base,21765.0,27816.0,21570.0,few,tight,2.0,5,11.0,True,
scn_few-tight_seed11_P2_pl5.xlsx,medium,ok,optimal,6764.0,,,,131139.0,0.0,0.0,0.0,,0.0,0.0,710.0,15.0,5.0,3.0,5.0,131139.0,initial,base,22125.0,29256.0,21930.0,few,tight,2.0,5,11.0,True,
scn_few-tight_seed11_P2_pl5.xlsx,hard,ok,optimal,5769.0,,,,131139.0,0.0,0.0,0.0,0.0,0.0,0.0,710.0,15.0,5.0,3.0,5.0,131139.0,initial,base,22130.0,29261.0,21935.0,few,tight,2.0,5,11.0,True,
scn_few-tight_seed12_P2_pl5.xlsx,soft12,ok,optimal,5772.0,,,,123971.0,0.0,0.0,,,0.0,0.0,670.0,15.0,5.0,3.0,5.0,123971.0,initial,base,20679.0,26533.0,20490.0,few,tight,2.0,5,12.0,True,
scn_few-tight_seed12_P2_pl5.xlsx,soft,ok,optimal,4678.0,,,,123971.0,0.0,0.0,,,0.0,0.0,670.0,15.0,5.0,3.0,5.0,123971.0,initial,base,20685.0,26536.0,20490.0,few,tight,2.0,5,12.0,True,
scn_few-tight_seed12_P2_pl5.xlsx,medium,ok,optimal,4898.0,,,,123971.0,0.0,0.0,0.0,,0.0,0.0,670.0,15.0,5.0,3.0,5.0,123971.0,initial,base,21045.0,27976.0,20850.0,few,tight,2.0,5,12.0,True,
scn_few-tight_seed12_P2_pl5.xlsx,hard,ok,optimal,5107.0,,,,123971.0,0.0,0.0,0.0,0.0,0.0,0.0,670.0,15.0,5.0,3.0,5.0,123971.0,initial,base,21050.0,27981.0,20855.0,few,tight,2.0,5,12.0,True,
scn_few-tight_seed1_P2_pl5.xlsx,soft12,ok,optimal,4738.0,,,,117873.0,0.0,0.0,,,0.0,0.0,640.0,14.0,5.0,3.0,5.0,117873.0,initial,base,18904.0,24284.0,18727.0,few,tight,2.0,5,1.0,True,
scn_few-tight_seed1_P2_pl5.xlsx,soft,ok,optimal,5.65,,,,117873.0,0.0,0.0,,,0.0,0.0,640.0,14.0,5.0,3.0,5.0,117873.0,initial,base,18910.0,24287.0,18727.0,few,tight,2.0,5,1.0,True,
scn_few-tight_seed1_P2_pl5.xlsx,medium,ok,optimal,5.45,,,,117873.0,0.0,0.0,0.0,,0.0,0.0,640.0,14.0,5.0,3.0,5.0,117873.0,initial,base,19210.0,25487.0,19027.0,few,tight,2.0,5,1.0,True,
scn_few-tight_seed1_P2_pl5.xlsx,hard,ok,optimal,4816.0,,,,117873.0,0.0,0.0,0.0,0.0,0.0,0.0,640.0,14.0,5.0,3.0,5.0,117873.0,initial,base,19215.0,25492.0,19032.0,few,tight,2.0,5,1.0,True,
scn_few-tight_seed2_P2_pl5.xlsx,soft12,ok,optimal,5.41,,,,126628.0,0.0,0.0,,,0.0,0.0,685.0,16.0,5.0,3.0,5.0,126628.0,initial,base,22116.0,28391.0,21915.0,few,tight,2.0,5,2.0,True,
scn_few-tight_seed2_P2_pl5.xlsx,soft,ok,optimal,4979.0,,,,126628.0,0.0,0.0,,,0.0,0.0,685.0,16.0,5.0,3.0,5.0,126628.0,initial,base,22122.0,28394.0,21915.0,few,tight,2.0,5,2.0,True,
scn_few-tight_seed2_P2_pl5.xlsx,medium,ok,optimal,5457.0,,,,126628.0,0.0,0.0,0.0,,0.0,0.0,685.0,16.0,5.0,3.0,5.0,126628.0,initial,base,22542.0,30074.0,22335.0,few,tight,2.0,5,2.0,True,
scn_few-tight_seed2_P2_pl5.xlsx,hard,ok,optimal,5435.0,,,,126628.0,0.0,0.0,0.0,0.0,0.0,0.0,685.0,16.0,5.0,3.0,5.0,126628.0,initial,base,22547.0,30079.0,22340.0,few,tight,2.0,5,2.0,True,
scn_few-tight_seed3_P2_pl5.xlsx,soft12,ok,optimal,3345.0,,,,1.08390999999999e+16,0.0,0.0,,,0.0,0.0,595.0,13.0,5.0,3.0,5.0,1.08390999999999e+16,initial,base,16836.0,21689.0,16671.0,few,tight,2.0,5,3.0,True,
scn_few-tight_seed3_P2_pl5.xlsx,soft,ok,optimal,3705.0,,,,1.08390999999999e+16,0.0,0.0,,,0.0,0.0,595.0,13.0,5.0,3.0,5.0,1.08390999999999e+16,initial,base,16842.0,21692.0,16671.0,few,tight,2.0,5,3.0,True,
scn_few-tight_seed3_P2_pl5.xlsx,medium,ok,optimal,3992.0,,,,1.08390999999999e+16,0.0,0.0,0.0,,0.0,0.0,595.0,13.0,5.0,3.0,5.0,1.08390999999999e+16,initial,base,17102.0,22732.0,16931.0,few,tight,2.0,5,3.0,True,
scn_few-tight_seed3_P2_pl5.xlsx,hard,ok,optimal,4078.0,,,,1.08390999999999e+16,0.0,0.0,0.0,0.0,0.0,0.0,595.0,13.0,5.0,3.0,5.0,1.08390999999999e+16,initial,base,17107.0,22737.0,16936.0,few,tight,2.0,5,3.0,True,
scn_few-tight_seed4_P2_pl5.xlsx,soft12,ok,optimal,5327.0,,,,128178.0,0.0,0.0,,,0.0,0.0,695.0,17.0,5.0,3.0,5.0,128178.0,initial,base,23460.0,30153.0,23247.0,few,tight,2.0,5,4.0,True,
scn_few-tight_seed4_P2_pl5.xlsx,soft,ok,optimal,6099.0,,,,128178.0,0.0,0.0,,,0.0,0.0,695.0,17.0,5.0,3.0,5.0,128178.0,initial,base,23466.0,30156.0,23247.0,few,tight,2.0,5,4.0,True,
scn_few-tight_seed4_P2_pl5.xlsx,medium,ok,optimal,6955.0,,,,128178.0,0.0,0.0,0.0,,0.0,0.0,695.0,17.0,5.0,3.0,5.0,128178.0,initial,base,23896.0,31876.0,23677.0,few,tight,2.0,5,4.0,True,
scn_few-tight_seed4_P2_pl5.xlsx,hard,ok,optimal,5704.0,,,,128178.0,0.0,0.0,0.0,0.0,0.0,0.0,695.0,17.0,5.0,3.0,5.0,128178.0,initial,base,23901.0,31881.0,23682.0,few,tight,2.0,5,4.0,True,
scn_few-tight_seed5_P2_pl5.xlsx,soft12,ok,optimal,4928.0,,,,119024.0,0.0,0.0,,,0.0,0.0,650.0,16.0,5.0,3.0,5.0,119024.0,initial,base,21136.0,27236.0,20935.0,few,tight,2.0,5,5.0,True,
scn_few-tight_seed5_P2_pl5.xlsx,soft,ok,optimal,4.35,,,,119024.0,0.0,0.0,,,0.0,0.0,650.0,16.0,5.0,3.0,5.0,119024.0,initial,base,21142.0,27239.0,20935.0,few,tight,2.0,5,5.0,True,
scn_few-tight_seed5_P2_pl5.xlsx,medium,ok,optimal,2793.0,,,,119024.0,0.0,0.0,0.0,,0.0,0.0,650.0,16.0,5.0,3.0,5.0,119024.0,initial,base,21522.0,28759.0,21315.0,few,tight,2.0,5,5.0,True,
scn_few-tight_seed5_P2_pl5.xlsx,hard,ok,optimal,3127.0,,,,119024.0,0.0,0.0,0.0,0.0,0.0,0.0,650.0,16.0,5.0,3.0,5.0,119024.0,initial,base,21527.0,28764.0,21320.0,few,tight,2.0,5,5.0,True,
scn_few-tight_seed6_P2_pl5.xlsx,soft12,ok,optimal,3347.0,,,,129666.0,0.0,0.0,,,0.0,0.0,700.0,15.0,5.0,3.0,5.0,129666.0,initial,base,21489.0,27493.0,21300.0,few,tight,2.0,5,6.0,True,
scn_few-tight_seed6_P2_pl5.xlsx,soft,ok,optimal,4366.0,,,,129666.0,0.0,0.0,,,0.0,0.0,700.0,15.0,5.0,3.0,5.0,129666.0,initial,base,21495.0,27496.0,21300.0,few,tight,2.0,5,6.0,True,
scn_few-tight_seed6_P2_pl5.xlsx,medium,ok,optimal,3263.0,,,,129666.0,0.0,0.0,0.0,,0.0,0.0,700.0,15.0,5.0,3.0,5.0,129666.0,initial,base,21850.0,28916.0,21655.0,few,tight,2.0,5,6.0,True,
scn_few-tight_seed6_P2_pl5.xlsx,hard,ok,optimal,2671.0,,,,129666.0,0.0,0.0,0.0,0.0,0.0,0.0,700.0,15.0,5.0,3.0,5.0,129666.0,initial,base,21855.0,28921.0,21660.0,few,tight,2.0,5,6.0,True,
scn_few-tight_seed7_P2_pl5.xlsx,soft12,ok,optimal,2529.0,,,,116651.0,0.0,0.0,,,0.0,0.0,635.0,16.0,5.0,3.0,5.0,116651.0,initial,base,20716.0,26741.0,20515.0,few,tight,2.0,5,7.0,True,
scn_few-tight_seed7_P2_pl5.xlsx,soft,ok,optimal,2844.0,,,,116651.0,0.0,0.0,,,0.0,0.0,635.0,16.0,5.0,3.0,5.0,116651.0,initial,base,20722.0,26744.0,20515.0,few,tight,2.0,5,7.0,True,
scn_few-tight_seed7_P2_pl5.xlsx,medium,ok,optimal,4143.0,,,,116651.0,0.0,0.0,0.0,,0.0,0.0,635.0,16.0,5.0,3.0,5.0,116651.0,initial,base,21102.0,28264.0,20895.0,few,tight,2.0,5,7.0,True,
scn_few-tight_seed7_P2_pl5.xlsx,hard,ok,optimal,5011.0,,,,116651.0,0.0,0.0,0.0,0.0,0.0,0.0,635.0,16.0,5.0,3.0,5.0,116651.0,initial,base,21107.0,28269.0,20900.0,few,tight,2.0,5,7.0,True,
scn_few-tight_seed8_P2_pl5.xlsx,soft12,ok,optimal,4841.0,,,,1.25054999999999e+16,0.0,0.0,,,0.0,0.0,680.0,16.0,5.0,3.0,5.0,1.25054999999999e+16,initial,base,21976.0,28226.0,21775.0,few,tight,2.0,5,8.0,True,
scn_few-tight_seed8_P2_pl5.xlsx,soft,ok,optimal,4135.0,,,,1.25054999999999e+16,0.0,0.0,,,0.0,0.0,680.0,16.0,5.0,3.0,5.0,1.25054999999999e+16,initial,base,21982.0,28229.0,21775.0,few,tight,2.0,5,8.0,True,
scn_few-tight_seed8_P2_pl5.xlsx,medium,ok,optimal,4689.0,,,,1.25054999999999e+16,0.0,0.0,0.0,,0.0,0.0,680.0,16.0,5.0,3.0,5.0,1.25054999999999e+16,initial,base,22387.0,29849.0,22180.0,few,tight,2.0,5,8.0,True,
scn_few-tight_seed8_P2_pl5.xlsx,hard,ok,optimal,4796.0,,,,1.25054999999999e+16,0.0,0.0,0.0,0.0,0.0,0.0,680.0,16.0,5.0,3.0,5.0,1.25054999999999e+16,initial,base,22392.0,29854.0,22185.0,few,tight,2.0,5,8.0,True,
scn_few-tight_seed9_P2_pl5.xlsx,soft12,ok,optimal,3585.0,,,,112346.0,0.0,0.0,,,0.0,0.0,615.0,13.0,5.0,3.0,5.0,112346.0,initial,base,17336.0,22289.0,17171.0,few,tight,2.0,5,9.0,True,
scn_few-tight_seed9_P2_pl5.xlsx,soft,ok,optimal,4443.0,,,,112346.0,0.0,0.0,,,0.0,0.0,615.0,13.0,5.0,3.0,5.0,112346.0,initial,base,17342.0,22292.0,17171.0,few,tight,2.0,5,9.0,True,
scn_few-tight_seed9_P2_pl5.xlsx,medium,ok,optimal,4.77,,,,112346.0,0.0,0.0,0.0,,0.0,0.0,615.0,13.0,5.0,3.0,5.0,112346.0,initial,base,17602.0,23332.0,17431.0,few,tight,2.0,5,9.0,True,
scn_few-tight_seed9_P2_pl5.xlsx,hard,ok,optimal,3825.0,,,,112346.0,0.0,0.0,0.0,0.0,0.0,0.0,615.0,13.0,5.0,3.0,5.0,112346.0,initial,base,17607.0,23337.0,17436.0,few,tight,2.0,5,9.0,True,
scn_heavy-tight_seed1_P4_pl30.xlsx,soft12,ERROR,Cannot load a SolverResults object with bad status: aborted,,,,,,,,,,,,,,,,,,initial,base,,,,unknown,tight,4.0,30,1.0,False,
scn_heavy-tight_seed1_P4_pl30.xlsx,soft,ERROR,Cannot load a SolverResults object with bad status: aborted,,,,,,,,,,,,,,,,,,initial,base,,,,unknown,tight,4.0,30,1.0,False,
scn_heavy-tight_seed1_P4_pl30.xlsx,medium,ERROR,Cannot load a SolverResults object with bad status: aborted,,,,,,,,,,,,,,,,,,initial,base,,,,unknown,tight,4.0,30,1.0,False,
scn_heavy-tight_seed1_P4_pl30.xlsx,hard,ERROR,Cannot load a SolverResults object with bad status: aborted,,,,,,,,,,,,,,,,,,initial,base,,,,unknown,tight,4.0,30,1.0,False,
scn_heavy-tight_seed2_P4_pl30.xlsx,soft12,ERROR,Cannot load a SolverResults object with bad status: aborted,,,,,,,,,,,,,,,,,,initial,base,,,,unknown,tight,4.0,30,2.0,False,
scn_heavy-tight_seed2_P4_pl30.xlsx,soft,ERROR,Cannot load a SolverResults object with bad status: aborted,,,,,,,,,,,,,,,,,,initial,base,,,,unknown,tight,4.0,30,2.0,False,
scn_heavy-tight_seed2_P4_pl30.xlsx,medium,ERROR,Cannot load a SolverResults object with bad status: aborted,,,,,,,,,,,,,,,,,,initial,base,,,,unknown,tight,4.0,30,2.0,False,
scn_heavy-tight_seed2_P4_pl30.xlsx,hard,ERROR,Cannot load a SolverResults object with bad status: aborted,,,,,,,,,,,,,,,,,,initial,base,,,,unknown,tight,4.0,30,2.0,False,
scn_heavy-tight_seed3_P4_pl30.xlsx,soft12,ERROR,Cannot load a SolverResults object with bad status: aborted,,,,,,,,,,,,,,,,,,initial,base,,,,unknown,tight,4.0,30,3.0,False,
scn_heavy-tight_seed3_P4_pl30.xlsx,soft,ERROR,Cannot load a SolverResults object with bad status: aborted,,,,,,,,,,,,,,,,,,initial,base,,,,unknown,tight,4.0,30,3.0,False,
scn_heavy-tight_seed3_P4_pl30.xlsx,medium,ERROR,Cannot load a SolverResults object with bad status: aborted,,,,,,,,,,,,,,,,,,initial,base,,,,unknown,tight,4.0,30,3.0,False,
scn_heavy-tight_seed3_P4_pl30.xlsx,hard,ERROR,Cannot load a SolverResults object with bad status: aborted,,,,,,,,,,,,,,,,,,initial,base,,,,unknown,tight,4.0,30,3.0,False,
scn_heavy-tight_seed4_P4_pl30.xlsx,soft12,ERROR,Cannot load a SolverResults object with bad status: aborted,,,,,,,,,,,,,,,,,,initial,base,,,,unknown,tight,4.0,30,4.0,False,
scn_heavy-tight_seed4_P4_pl30.xlsx,soft,ERROR,Cannot load a SolverResults object with bad status: aborted,,,,,,,,,,,,,,,,,,initial,base,,,,unknown,tight,4.0,30,4.0,False,
scn_heavy-tight_seed4_P4_pl30.xlsx,medium,ERROR,Cannot load a SolverResults object with bad status: aborted,,,,,,,,,,,,,,,,,,initial,base,,,,unknown,tight,4.0,30,4.0,False,
scn_heavy-tight_seed4_P4_pl30.xlsx,hard,ERROR,Cannot load a SolverResults object with bad status: aborted,,,,,,,,,,,,,,,,,,initial,base,,,,unknown,tight,4.0,30,4.0,False,
scn_heavy-tight_seed5_P4_pl30.xlsx,soft12,ERROR,Cannot load a SolverResults object with bad status: aborted,,,,,,,,,,,,,,,,,,initial,base,,,,unknown,tight,4.0,30,5.0,False,
scn_heavy-tight_seed5_P4_pl30.xlsx,soft,ERROR,Cannot load a SolverResults object with bad status: aborted,,,,,,,,,,,,,,,,,,initial,base,,,,unknown,tight,4.0,30,5.0,False,
scn_heavy-tight_seed5_P4_pl30.xlsx,medium,ERROR,Cannot load a SolverResults object with bad status: aborted,,,,,,,,,,,,,,,,,,initial,base,,,,unknown,tight,4.0,30,5.0,False,
scn_heavy-tight_seed5_P4_pl30.xlsx,hard,ERROR,Cannot load a SolverResults object with bad status: aborted,,,,,,,,,,,,,,,,,,initial,base,,,,unknown,tight,4.0,30,5.0,False,
scn_heavy-tight_seed6_P4_pl30.xlsx,soft12,ERROR,Cannot load a SolverResults object with bad status: aborted,,,,,,,,,,,,,,,,,,initial,base,,,,unknown,tight,4.0,30,6.0,False,
scn_heavy-tight_seed6_P4_pl30.xlsx,soft,ERROR,Cannot load a SolverResults object with bad status: aborted,,,,,,,,,,,,,,,,,,initial,base,,,,unknown,tight,4.0,30,6.0,False,
scn_heavy-tight_seed6_P4_pl30.xlsx,medium,ERROR,Cannot load a SolverResults object with bad status: aborted,,,,,,,,,,,,,,,,,,initial,base,,,,unknown,tight,4.0,30,6.0,False,
scn_heavy-tight_seed6_P4_pl30.xlsx,hard,ERROR,Cannot load a SolverResults object with bad status: aborted,,,,,,,,,,,,,,,,,,initial,base,,,,unknown,tight,4.0,30,6.0,False,
scn_heavy-tight_seed7_P4_pl30.xlsx,soft12,ERROR,Cannot load a SolverResults object with bad status: aborted,,,,,,,,,,,,,,,,,,initial,base,,,,unknown,tight,4.0,30,7.0,False,
scn_heavy-tight_seed7_P4_pl30.xlsx,soft,ERROR,Cannot load a SolverResults object with bad status: aborted,,,,,,,,,,,,,,,,,,initial,base,,,,unknown,tight,4.0,30,7.0,False,
scn_heavy-tight_seed7_P4_pl30.xlsx,medium,ERROR,Cannot load a SolverResults object with bad status: aborted,,,,,,,,,,,,,,,,,,initial,base,,,,unknown,tight,4.0,30,7.0,False,
scn_heavy-tight_seed7_P4_pl30.xlsx,hard,ERROR,Cannot load a SolverResults object with bad status: aborted,,,,,,,,,,,,,,,,,,initial,base,,,,unknown,tight,4.0,30,7.0,False,
scn_heavy-tight_seed8_P4_pl30.xlsx,soft12,ERROR,Cannot load a SolverResults object with bad status: aborted,,,,,,,,,,,,,,,,,,initial,base,,,,unknown,tight,4.0,30,8.0,False,
scn_heavy-tight_seed8_P4_pl30.xlsx,soft,ERROR,Cannot load a SolverResults object with bad status: aborted,,,,,,,,,,,,,,,,,,initial,base,,,,unknown,tight,4.0,30,8.0,False,
scn_heavy-tight_seed8_P4_pl30.xlsx,medium,ERROR,Cannot load a SolverResults object with bad status: aborted,,,,,,,,,,,,,,,,,,initial,base,,,,unknown,tight,4.0,30,8.0,False,
scn_heavy-tight_seed8_P4_pl30.xlsx,hard,ERROR,Cannot load a SolverResults object with bad status: aborted,,,,,,,,,,,,,,,,,,initial,base,,,,unknown,tight,4.0,30,8.0,False,
scn_many-medium_seed10_P5_pl20.xlsx,soft12,ERROR,Cannot load a SolverResults object with bad status: aborted,,,,,,,,,,,,,,,,,,initial,base,,,,many,mix,5.0,20,10.0,False,
scn_many-medium_seed10_P5_pl20.xlsx,soft,ERROR,Cannot load a SolverResults object with bad status: aborted,,,,,,,,,,,,,,,,,,initial,base,,,,many,mix,5.0,20,10.0,False,
scn_many-medium_seed10_P5_pl20.xlsx,medium,ERROR,Cannot load a SolverResults object with bad status: aborted,,,,,,,,,,,,,,,,,,initial,base,,,,many,mix,5.0,20,10.0,False,
scn_many-medium_seed10_P5_pl20.xlsx,hard,ERROR,Cannot load a SolverResults object with bad status: aborted,,,,,,,,,,,,,,,,,,initial,base,,,,many,mix,5.0,20,10.0,False,
scn_many-medium_seed11_P5_pl20.xlsx,soft12,ERROR,Cannot load a SolverResults object with bad status: aborted,,,,,,,,,,,,,,,,,,initial,base,,,,many,mix,5.0,20,11.0,False,
scn_many-medium_seed11_P5_pl20.xlsx,soft,ERROR,Cannot load a SolverResults object with bad status: aborted,,,,,,,,,,,,,,,,,,initial,base,,,,many,mix,5.0,20,11.0,False,
scn_many-medium_seed11_P5_pl20.xlsx,medium,ERROR,Cannot load a SolverResults object with bad status: aborted,,,,,,,,,,,,,,,,,,initial,base,,,,many,mix,5.0,20,11.0,False,
scn_many-medium_seed11_P5_pl20.xlsx,hard,ERROR,Cannot load a SolverResults object with bad status: aborted,,,,,,,,,,,,,,,,,,initial,base,,,,many,mix,5.0,20,11.0,False,
scn_many-medium_seed12_P5_pl20.xlsx,soft12,ERROR,Cannot load a SolverResults object with bad status: aborted,,,,,,,,,,,,,,,,,,initial,base,,,,many,mix,5.0,20,12.0,False,
scn_many-medium_seed12_P5_pl20.xlsx,soft,ERROR,Cannot load a SolverResults object with bad status: aborted,,,,,,,,,,,,,,,,,,initial,base,,,,many,mix,5.0,20,12.0,False,
scn_many-medium_seed12_P5_pl20.xlsx,medium,ERROR,Cannot load a SolverResults object with bad status: aborted,,,,,,,,,,,,,,,,,,initial,base,,,,many,mix,5.0,20,12.0,False,
scn_many-medium_seed12_P5_pl20.xlsx,hard,ERROR,Cannot load a SolverResults object with bad status: aborted,,,,,,,,,,,,,,,,,,initial,base,,,,many,mix,5.0,20,12.0,False,
scn_many-medium_seed1_P5_pl20.xlsx,soft12,ERROR,Cannot load a SolverResults object with bad status: aborted,,,,,,,,,,,,,,,,,,initial,base,,,,many,mix,5.0,20,1.0,False,
scn_many-medium_seed1_P5_pl20.xlsx,soft,ERROR,Cannot load a SolverResults object with bad status: aborted,,,,,,,,,,,,,,,,,,initial,base,,,,many,mix,5.0,20,1.0,False,
scn_many-medium_seed1_P5_pl20.xlsx,medium,ERROR,Cannot load a SolverResults object with bad status: aborted,,,,,,,,,,,,,,,,,,initial,base,,,,many,mix,5.0,20,1.0,False,
scn_many-medium_seed1_P5_pl20.xlsx,hard,ERROR,Cannot load a SolverResults object with bad status: aborted,,,,,,,,,,,,,,,,,,initial,base,,,,many,mix,5.0,20,1.0,False,
scn_many-medium_seed2_P5_pl20.xlsx,soft12,ERROR,Cannot load a SolverResults object with bad status: aborted,,,,,,,,,,,,,,,,,,initial,base,,,,many,mix,5.0,20,2.0,False,
scn_many-medium_seed2_P5_pl20.xlsx,soft,ERROR,Cannot load a SolverResults object with bad status: aborted,,,,,,,,,,,,,,,,,,initial,base,,,,many,mix,5.0,20,2.0,False,
scn_many-medium_seed2_P5_pl20.xlsx,medium,ERROR,Cannot load a SolverResults object with bad status: aborted,,,,,,,,,,,,,,,,,,initial,base,,,,many,mix,5.0,20,2.0,False,
scn_many-medium_seed2_P5_pl20.xlsx,hard,ERROR,Cannot load a SolverResults object with bad status: aborted,,,,,,,,,,,,,,,,,,initial,base,,,,many,mix,5.0,20,2.0,False,
scn_many-medium_seed3_P5_pl20.xlsx,soft12,ERROR,Cannot load a SolverResults object with bad status: aborted,,,,,,,,,,,,,,,,,,initial,base,,,,many,mix,5.0,20,3.0,False,
scn_many-medium_seed3_P5_pl20.xlsx,soft,ERROR,Cannot load a SolverResults object with bad status: aborted,,,,,,,,,,,,,,,,,,initial,base,,,,many,mix,5.0,20,3.0,False,
scn_many-medium_seed3_P5_pl20.xlsx,medium,ERROR,Cannot load a SolverResults object with bad status: aborted,,,,,,,,,,,,,,,,,,initial,base,,,,many,mix,5.0,20,3.0,False,
scn_many-medium_seed3_P5_pl20.xlsx,hard,ERROR,Cannot load a SolverResults object with bad status: aborted,,,,,,,,,,,,,,,,,,initial,base,,,,many,mix,5.0,20,3.0,False,
scn_many-medium_seed4_P5_pl20.xlsx,soft12,ERROR,Cannot load a SolverResults object with bad status: aborted,,,,,,,,,,,,,,,,,,initial,base,,,,many,mix,5.0,20,4.0,False,
scn_many-medium_seed4_P5_pl20.xlsx,soft,ERROR,Cannot load a SolverResults object with bad status: aborted,,,,,,,,,,,,,,,,,,initial,base,,,,many,mix,5.0,20,4.0,False,
scn_many-medium_seed4_P5_pl20.xlsx,medium,ERROR,Cannot load a SolverResults object with bad status: aborted,,,,,,,,,,,,,,,,,,initial,base,,,,many,mix,5.0,20,4.0,False,
scn_many-medium_seed4_P5_pl20.xlsx,hard,ERROR,Cannot load a SolverResults object with bad status: aborted,,,,,,,,,,,,,,,,,,initial,base,,,,many,mix,5.0,20,4.0,False,
scn_many-medium_seed5_P5_pl20.xlsx,soft12,ok,optimal,29515.0,,,,84573.0,0.0,0.0,,,0.0,0.0,1900.0,35.0,20.0,6.0,5.0,84573.0,initial,base,51742.0,74696.0,51295.0,many,mix,5.0,20,5.0,True,
scn_many-medium_seed5_P5_pl20.xlsx,soft,ok,optimal,29.57,,,,84573.0,0.0,0.0,,,0.0,0.0,1900.0,35.0,20.0,6.0,5.0,84573.0,initial,base,51754.0,74702.0,51295.0,many,mix,5.0,20,5.0,True,
scn_many-medium_seed5_P5_pl20.xlsx,medium,ERROR,Cannot load a SolverResults object with bad status: aborted,,,,,,,,,,,,,,,,,,initial,base,,,,many,mix,5.0,20,5.0,False,
scn_many-medium_seed5_P5_pl20.xlsx,hard,ERROR,Cannot load a SolverResults object with bad status: aborted,,,,,,,,,,,,,,,,,,initial,base,,,,many,mix,5.0,20,5.0,False,
scn_many-medium_seed6_P5_pl20.xlsx,soft12,ERROR,Cannot load a SolverResults object with bad status: aborted,,,,,,,,,,,,,,,,,,initial,base,,,,many,mix,5.0,20,6.0,False,
scn_many-medium_seed6_P5_pl20.xlsx,soft,ERROR,Cannot load a SolverResults object with bad status: aborted,,,,,,,,,,,,,,,,,,initial,base,,,,many,mix,5.0,20,6.0,False,
scn_many-medium_seed6_P5_pl20.xlsx,medium,ERROR,Cannot load a SolverResults object with bad status: aborted,,,,,,,,,,,,,,,,,,initial,base,,,,many,mix,5.0,20,6.0,False,
scn_many-medium_seed6_P5_pl20.xlsx,hard,ERROR,Cannot load a SolverResults object with bad status: aborted,,,,,,,,,,,,,,,,,,initial,base,,,,many,mix,5.0,20,6.0,False,
scn_many-medium_seed7_P5_pl20.xlsx,soft12,ERROR,Cannot load a SolverResults object with bad status: aborted,,,,,,,,,,,,,,,,,,initial,base,,,,many,mix,5.0,20,7.0,False,
scn_many-medium_seed7_P5_pl20.xlsx,soft,ERROR,Cannot load a SolverResults object with bad status: aborted,,,,,,,,,,,,,,,,,,initial,base,,,,many,mix,5.0,20,7.0,False,
scn_many-medium_seed7_P5_pl20.xlsx,medium,ERROR,Cannot load a SolverResults object with bad status: aborted,,,,,,,,,,,,,,,,,,initial,base,,,,many,mix,5.0,20,7.0,False,
scn_many-medium_seed7_P5_pl20.xlsx,hard,ERROR,Cannot load a SolverResults object with bad status: aborted,,,,,,,,,,,,,,,,,,initial,base,,,,many,mix,5.0,20,7.0,False,
scn_many-medium_seed8_P5_pl20.xlsx,soft12,ERROR,Cannot load a SolverResults object with bad status: aborted,,,,,,,,,,,,,,,,,,initial,base,,,,many,mix,5.0,20,8.0,False,
scn_many-medium_seed8_P5_pl20.xlsx,soft,ERROR,Cannot load a SolverResults object with bad status: aborted,,,,,,,,,,,,,,,,,,initial,base,,,,many,mix,5.0,20,8.0,False,
scn_many-medium_seed8_P5_pl20.xlsx,medium,ERROR,Cannot load a SolverResults object with bad status: aborted,,,,,,,,,,,,,,,,,,initial,base,,,,many,mix,5.0,20,8.0,False,
scn_many-medium_seed8_P5_pl20.xlsx,hard,ERROR,Cannot load a SolverResults object with bad status: aborted,,,,,,,,,,,,,,,,,,initial,base,,,,many,mix,5.0,20,8.0,False,
scn_many-medium_seed9_P5_pl20.xlsx,soft12,ERROR,Cannot load a SolverResults object with bad status: aborted,,,,,,,,,,,,,,,,,,initial,base,,,,many,mix,5.0,20,9.0,False,
scn_many-medium_seed9_P5_pl20.xlsx,soft,ERROR,Cannot load a SolverResults object with bad status: aborted,,,,,,,,,,,,,,,,,,initial,base,,,,many,mix,5.0,20,9.0,False,
scn_many-medium_seed9_P5_pl20.xlsx,medium,ERROR,Cannot load a SolverResults object with bad status: aborted,,,,,,,,,,,,,,,,,,initial,base,,,,many,mix,5.0,20,9.0,False,
scn_many-medium_seed9_P5_pl20.xlsx,hard,ERROR,Cannot load a SolverResults object with bad status: aborted,,,,,,,,,,,,,,,,,,initial,base,,,,many,mix,5.0,20,9.0,False,
