file,preset,mode,solver_preset,solve_time_s,status,termination,tag,objective,best_bound,gap_calc,Tmax,client_delay_sum,viol_C_sum,client_switches,positions_slack_used,n_positions,n_jobs,n_planes,n_clients,H
scn_custom_many_tight_pl10.xlsx,unknown,soft12,base,,error,read_case_single_sheet() got an unexpected keyword argument 'positions',error,,,,,,,,,,,,,
scn_custom_many_tight_pl10.xlsx,unknown,soft,base,,error,read_case_single_sheet() got an unexpected keyword argument 'positions',error,,,,,,,,,,,,,
scn_custom_many_tight_pl10.xlsx,unknown,medium,base,,error,read_case_single_sheet() got an unexpected keyword argument 'positions',error,,,,,,,,,,,,,
scn_custom_many_tight_pl10.xlsx,unknown,hard,base,,error,read_case_single_sheet() got an unexpected keyword argument 'positions',error,,,,,,,,,,,,,
scn_custom_many_tight_pl10.xlsx,unknown,soft12,fast,,error,read_case_single_sheet() got an unexpected keyword argument 'positions',error,,,,,,,,,,,,,
scn_custom_many_tight_pl10.xlsx,unknown,soft,fast,,error,read_case_single_sheet() got an unexpected keyword argument 'positions',error,,,,,,,,,,,,,
scn_custom_many_tight_pl10.xlsx,unknown,medium,fast,,error,read_case_single_sheet() got an unexpected keyword argument 'positions',error,,,,,,,,,,,,,
scn_custom_many_tight_pl10.xlsx,unknown,hard,fast,,error,read_case_single_sheet() got an unexpected keyword argument 'positions',error,,,,,,,,,,,,,
scn_custom_many_tight_pl10.xlsx,unknown,soft12,feasible,,error,read_case_single_sheet() got an unexpected keyword argument 'positions',error,,,,,,,,,,,,,
scn_custom_many_tight_pl10.xlsx,unknown,soft,feasible,,error,read_case_single_sheet() got an unexpected keyword argument 'positions',error,,,,,,,,,,,,,
scn_custom_many_tight_pl10.xlsx,unknown,medium,feasible,,error,read_case_single_sheet() got an unexpected keyword argument 'positions',error,,,,,,,,,,,,,
scn_custom_many_tight_pl10.xlsx,unknown,hard,feasible,,error,read_case_single_sheet() got an unexpected keyword argument 'positions',error,,,,,,,,,,,,,
scn_custom_many_tight_pl12.xlsx,unknown,soft12,base,,error,read_case_single_sheet() got an unexpected keyword argument 'positions',error,,,,,,,,,,,,,
scn_custom_many_tight_pl12.xlsx,unknown,soft,base,,error,read_case_single_sheet() got an unexpected keyword argument 'positions',error,,,,,,,,,,,,,
scn_custom_many_tight_pl12.xlsx,unknown,medium,base,,error,read_case_single_sheet() got an unexpected keyword argument 'positions',error,,,,,,,,,,,,,
scn_custom_many_tight_pl12.xlsx,unknown,hard,base,,error,read_case_single_sheet() got an unexpected keyword argument 'positions',error,,,,,,,,,,,,,
scn_custom_many_tight_pl12.xlsx,unknown,soft12,fast,,error,read_case_single_sheet() got an unexpected keyword argument 'positions',error,,,,,,,,,,,,,
scn_custom_many_tight_pl12.xlsx,unknown,soft,fast,,error,read_case_single_sheet() got an unexpected keyword argument 'positions',error,,,,,,,,,,,,,
scn_custom_many_tight_pl12.xlsx,unknown,medium,fast,,error,read_case_single_sheet() got an unexpected keyword argument 'positions',error,,,,,,,,,,,,,
scn_custom_many_tight_pl12.xlsx,unknown,hard,fast,,error,read_case_single_sheet() got an unexpected keyword argument 'positions',error,,,,,,,,,,,,,
scn_custom_many_tight_pl12.xlsx,unknown,soft12,feasible,,error,read_case_single_sheet() got an unexpected keyword argument 'positions',error,,,,,,,,,,,,,
scn_custom_many_tight_pl12.xlsx,unknown,soft,feasible,,error,read_case_single_sheet() got an unexpected keyword argument 'positions',error,,,,,,,,,,,,,
scn_custom_many_tight_pl12.xlsx,unknown,medium,feasible,,error,read_case_single_sheet() got an unexpected keyword argument 'positions',error,,,,,,,,,,,,,
scn_custom_many_tight_pl12.xlsx,unknown,hard,feasible,,error,read_case_single_sheet() got an unexpected keyword argument 'positions',error,,,,,,,,,,,,,
scn_custom_many_tight_pl14.xlsx,unknown,soft12,base,,error,read_case_single_sheet() got an unexpected keyword argument 'positions',error,,,,,,,,,,,,,
scn_custom_many_tight_pl14.xlsx,unknown,soft,base,,error,read_case_single_sheet() got an unexpected keyword argument 'positions',error,,,,,,,,,,,,,
scn_custom_many_tight_pl14.xlsx,unknown,medium,base,,error,read_case_single_sheet() got an unexpected keyword argument 'positions',error,,,,,,,,,,,,,
scn_custom_many_tight_pl14.xlsx,unknown,hard,base,,error,read_case_single_sheet() got an unexpected keyword argument 'positions',error,,,,,,,,,,,,,
scn_custom_many_tight_pl14.xlsx,unknown,soft12,fast,,error,read_case_single_sheet() got an unexpected keyword argument 'positions',error,,,,,,,,,,,,,
scn_custom_many_tight_pl14.xlsx,unknown,soft,fast,,error,read_case_single_sheet() got an unexpected keyword argument 'positions',error,,,,,,,,,,,,,
scn_custom_many_tight_pl14.xlsx,unknown,medium,fast,,error,read_case_single_sheet() got an unexpected keyword argument 'positions',error,,,,,,,,,,,,,
scn_custom_many_tight_pl14.xlsx,unknown,hard,fast,,error,read_case_single_sheet() got an unexpected keyword argument 'positions',error,,,,,,,,,,,,,
scn_custom_many_tight_pl14.xlsx,unknown,soft12,feasible,,error,read_case_single_sheet() got an unexpected keyword argument 'positions',error,,,,,,,,,,,,,
scn_custom_many_tight_pl14.xlsx,unknown,soft,feasible,,error,read_case_single_sheet() got an unexpected keyword argument 'positions',error,,,,,,,,,,,,,
scn_custom_many_tight_pl14.xlsx,unknown,medium,feasible,,error,read_case_single_sheet() got an unexpected keyword argument 'positions',error,,,,,,,,,,,,,
scn_custom_many_tight_pl14.xlsx,unknown,hard,feasible,,error,read_case_single_sheet() got an unexpected keyword argument 'positions',error,,,,,,,,,,,,,
scn_custom_many_tight_pl16.xlsx,unknown,soft12,base,,error,read_case_single_sheet() got an unexpected keyword argument 'positions',error,,,,,,,,,,,,,
scn_custom_many_tight_pl16.xlsx,unknown,soft,base,,error,read_case_single_sheet() got an unexpected keyword argument 'positions',error,,,,,,,,,,,,,
scn_custom_many_tight_pl16.xlsx,unknown,medium,base,,error,read_case_single_sheet() got an unexpected keyword argument 'positions',error,,,,,,,,,,,,,
scn_custom_many_tight_pl16.xlsx,unknown,hard,base,,error,read_case_single_sheet() got an unexpected keyword argument 'positions',error,,,,,,,,,,,,,
scn_custom_many_tight_pl16.xlsx,unknown,soft12,fast,,error,read_case_single_sheet() got an unexpected keyword argument 'positions',error,,,,,,,,,,,,,
scn_custom_many_tight_pl16.xlsx,unknown,soft,fast,,error,read_case_single_sheet() got an unexpected keyword argument 'positions',error,,,,,,,,,,,,,
scn_custom_many_tight_pl16.xlsx,unknown,medium,fast,,error,read_case_single_sheet() got an unexpected keyword argument 'positions',error,,,,,,,,,,,,,
scn_custom_many_tight_pl16.xlsx,unknown,hard,fast,,error,read_case_single_sheet() got an unexpected keyword argument 'positions',error,,,,,,,,,,,,,
scn_custom_many_tight_pl16.xlsx,unknown,soft12,feasible,,error,read_case_single_sheet() got an unexpected keyword argument 'positions',error,,,,,,,,,,,,,
scn_custom_many_tight_pl16.xlsx,unknown,soft,feasible,,error,read_case_single_sheet() got an unexpected keyword argument 'positions',error,,,,,,,,,,,,,
scn_custom_many_tight_pl16.xlsx,unknown,medium,feasible,,error,read_case_single_sheet() got an unexpected keyword argument 'positions',error,,,,,,,,,,,,,
scn_custom_many_tight_pl16.xlsx,unknown,hard,feasible,,error,read_case_single_sheet() got an unexpected keyword argument 'positions',error,,,,,,,,,,,,,
scn_custom_many_tight_pl18.xlsx,unknown,soft12,base,,error,read_case_single_sheet() got an unexpected keyword argument 'positions',error,,,,,,,,,,,,,
scn_custom_many_tight_pl18.xlsx,unknown,soft,base,,error,read_case_single_sheet() got an unexpected keyword argument 'positions',error,,,,,,,,,,,,,
scn_custom_many_tight_pl18.xlsx,unknown,medium,base,,error,read_case_single_sheet() got an unexpected keyword argument 'positions',error,,,,,,,,,,,,,
scn_custom_many_tight_pl18.xlsx,unknown,hard,base,,error,read_case_single_sheet() got an unexpected keyword argument 'positions',error,,,,,,,,,,,,,
scn_custom_many_tight_pl18.xlsx,unknown,soft12,fast,,error,read_case_single_sheet() got an unexpected keyword argument 'positions',error,,,,,,,,,,,,,
scn_custom_many_tight_pl18.xlsx,unknown,soft,fast,,error,read_case_single_sheet() got an unexpected keyword argument 'positions',error,,,,,,,,,,,,,
scn_custom_many_tight_pl18.xlsx,unknown,medium,fast,,error,read_case_single_sheet() got an unexpected keyword argument 'positions',error,,,,,,,,,,,,,
scn_custom_many_tight_pl18.xlsx,unknown,hard,fast,,error,read_case_single_sheet() got an unexpected keyword argument 'positions',error,,,,,,,,,,,,,
scn_custom_many_tight_pl18.xlsx,unknown,soft12,feasible,,error,read_case_single_sheet() got an unexpected keyword argument 'positions',error,,,,,,,,,,,,,
scn_custom_many_tight_pl18.xlsx,unknown,soft,feasible,,error,read_case_single_sheet() got an unexpected keyword argument 'positions',error,,,,,,,,,,,,,
scn_custom_many_tight_pl18.xlsx,unknown,medium,feasible,,error,read_case_single_sheet() got an unexpected keyword argument 'positions',error,,,,,,,,,,,,,
scn_custom_many_tight_pl18.xlsx,unknown,hard,feasible,,error,read_case_single_sheet() got an unexpected keyword argument 'positions',error,,,,,,,,,,,,,
scn_custom_many_tight_pl20.xlsx,unknown,soft12,base,,error,read_case_single_sheet() got an unexpected keyword argument 'positions',error,,,,,,,,,,,,,
scn_custom_many_tight_pl20.xlsx,unknown,soft,base,,error,read_case_single_sheet() got an unexpected keyword argument 'positions',error,,,,,,,,,,,,,
scn_custom_many_tight_pl20.xlsx,unknown,medium,base,,error,read_case_single_sheet() got an unexpected keyword argument 'positions',error,,,,,,,,,,,,,
scn_custom_many_tight_pl20.xlsx,unknown,hard,base,,error,read_case_single_sheet() got an unexpected keyword argument 'positions',error,,,,,,,,,,,,,
scn_custom_many_tight_pl20.xlsx,unknown,soft12,fast,,error,read_case_single_sheet() got an unexpected keyword argument 'positions',error,,,,,,,,,,,,,
scn_custom_many_tight_pl20.xlsx,unknown,soft,fast,,error,read_case_single_sheet() got an unexpected keyword argument 'positions',error,,,,,,,,,,,,,
scn_custom_many_tight_pl20.xlsx,unknown,medium,fast,,error,read_case_single_sheet() got an unexpected keyword argument 'positions',error,,,,,,,,,,,,,
scn_custom_many_tight_pl20.xlsx,unknown,hard,fast,,error,read_case_single_sheet() got an unexpected keyword argument 'positions',error,,,,,,,,,,,,,
scn_custom_many_tight_pl20.xlsx,unknown,soft12,feasible,,error,read_case_single_sheet() got an unexpected keyword argument 'positions',error,,,,,,,,,,,,,
scn_custom_many_tight_pl20.xlsx,unknown,soft,feasible,,error,read_case_single_sheet() got an unexpected keyword argument 'positions',error,,,,,,,,,,,,,
scn_custom_many_tight_pl20.xlsx,unknown,medium,feasible,,error,read_case_single_sheet() got an unexpected keyword argument 'positions',error,,,,,,,,,,,,,
scn_custom_many_tight_pl20.xlsx,unknown,hard,feasible,,error,read_case_single_sheet() got an unexpected keyword argument 'positions',error,,,,,,,,,,,,,
scn_few-loose_seed10_P3_pl5.xlsx,few-loose,soft12,base,,error,read_case_single_sheet() got an unexpected keyword argument 'positions',error,,,,,,,,,,,,,
scn_few-loose_seed10_P3_pl5.xlsx,few-loose,soft,base,,error,read_case_single_sheet() got an unexpected keyword argument 'positions',error,,,,,,,,,,,,,
scn_few-loose_seed10_P3_pl5.xlsx,few-loose,medium,base,,error,read_case_single_sheet() got an unexpected keyword argument 'positions',error,,,,,,,,,,,,,
scn_few-loose_seed10_P3_pl5.xlsx,few-loose,hard,base,,error,read_case_single_sheet() got an unexpected keyword argument 'positions',error,,,,,,,,,,,,,
scn_few-loose_seed10_P3_pl5.xlsx,few-loose,soft12,fast,,error,read_case_single_sheet() got an unexpected keyword argument 'positions',error,,,,,,,,,,,,,
scn_few-loose_seed10_P3_pl5.xlsx,few-loose,soft,fast,,error,read_case_single_sheet() got an unexpected keyword argument 'positions',error,,,,,,,,,,,,,
scn_few-loose_seed10_P3_pl5.xlsx,few-loose,medium,fast,,error,read_case_single_sheet() got an unexpected keyword argument 'positions',error,,,,,,,,,,,,,
scn_few-loose_seed10_P3_pl5.xlsx,few-loose,hard,fast,,error,read_case_single_sheet() got an unexpected keyword argument 'positions',error,,,,,,,,,,,,,
scn_few-loose_seed10_P3_pl5.xlsx,few-loose,soft12,feasible,,error,read_case_single_sheet() got an unexpected keyword argument 'positions',error,,,,,,,,,,,,,
scn_few-loose_seed10_P3_pl5.xlsx,few-loose,soft,feasible,,error,read_case_single_sheet() got an unexpected keyword argument 'positions',error,,,,,,,,,,,,,
scn_few-loose_seed10_P3_pl5.xlsx,few-loose,medium,feasible,,error,read_case_single_sheet() got an unexpected keyword argument 'positions',error,,,,,,,,,,,,,
scn_few-loose_seed10_P3_pl5.xlsx,few-loose,hard,feasible,,error,read_case_single_sheet() got an unexpected keyword argument 'positions',error,,,,,,,,,,,,,
scn_few-loose_seed11_P3_pl5.xlsx,few-loose,soft12,base,,error,read_case_single_sheet() got an unexpected keyword argument 'positions',error,,,,,,,,,,,,,
scn_few-loose_seed11_P3_pl5.xlsx,few-loose,soft,base,,error,read_case_single_sheet() got an unexpected keyword argument 'positions',error,,,,,,,,,,,,,
scn_few-loose_seed11_P3_pl5.xlsx,few-loose,medium,base,,error,read_case_single_sheet() got an unexpected keyword argument 'positions',error,,,,,,,,,,,,,
scn_few-loose_seed11_P3_pl5.xlsx,few-loose,hard,base,,error,read_case_single_sheet() got an unexpected keyword argument 'positions',error,,,,,,,,,,,,,
scn_few-loose_seed11_P3_pl5.xlsx,few-loose,soft12,fast,,error,read_case_single_sheet() got an unexpected keyword argument 'positions',error,,,,,,,,,,,,,
scn_few-loose_seed11_P3_pl5.xlsx,few-loose,soft,fast,,error,read_case_single_sheet() got an unexpected keyword argument 'positions',error,,,,,,,,,,,,,
scn_few-loose_seed11_P3_pl5.xlsx,few-loose,medium,fast,,error,read_case_single_sheet() got an unexpected keyword argument 'positions',error,,,,,,,,,,,,,
scn_few-loose_seed11_P3_pl5.xlsx,few-loose,hard,fast,,error,read_case_single_sheet() got an unexpected keyword argument 'positions',error,,,,,,,,,,,,,
scn_few-loose_seed11_P3_pl5.xlsx,few-loose,soft12,feasible,,error,read_case_single_sheet() got an unexpected keyword argument 'positions',error,,,,,,,,,,,,,
scn_few-loose_seed11_P3_pl5.xlsx,few-loose,soft,feasible,,error,read_case_single_sheet() got an unexpected keyword argument 'positions',error,,,,,,,,,,,,,
scn_few-loose_seed11_P3_pl5.xlsx,few-loose,medium,feasible,,error,read_case_single_sheet() got an unexpected keyword argument 'positions',error,,,,,,,,,,,,,
scn_few-loose_seed11_P3_pl5.xlsx,few-loose,hard,feasible,,error,read_case_single_sheet() got an unexpected keyword argument 'positions',error,,,,,,,,,,,,,
scn_few-loose_seed12_P3_pl5.xlsx,few-loose,soft12,base,,error,read_case_single_sheet() got an unexpected keyword argument 'positions',error,,,,,,,,,,,,,
scn_few-loose_seed12_P3_pl5.xlsx,few-loose,soft,base,,error,read_case_single_sheet() got an unexpected keyword argument 'positions',error,,,,,,,,,,,,,
scn_few-loose_seed12_P3_pl5.xlsx,few-loose,medium,base,,error,read_case_single_sheet() got an unexpected keyword argument 'positions',error,,,,,,,,,,,,,
scn_few-loose_seed12_P3_pl5.xlsx,few-loose,hard,base,,error,read_case_single_sheet() got an unexpected keyword argument 'positions',error,,,,,,,,,,,,,
scn_few-loose_seed12_P3_pl5.xlsx,few-loose,soft12,fast,,error,read_case_single_sheet() got an unexpected keyword argument 'positions',error,,,,,,,,,,,,,
scn_few-loose_seed12_P3_pl5.xlsx,few-loose,soft,fast,,error,read_case_single_sheet() got an unexpected keyword argument 'positions',error,,,,,,,,,,,,,
scn_few-loose_seed12_P3_pl5.xlsx,few-loose,medium,fast,,error,read_case_single_sheet() got an unexpected keyword argument 'positions',error,,,,,,,,,,,,,
scn_few-loose_seed12_P3_pl5.xlsx,few-loose,hard,fast,,error,read_case_single_sheet() got an unexpected keyword argument 'positions',error,,,,,,,,,,,,,
scn_few-loose_seed12_P3_pl5.xlsx,few-loose,soft12,feasible,,error,read_case_single_sheet() got an unexpected keyword argument 'positions',error,,,,,,,,,,,,,
scn_few-loose_seed12_P3_pl5.xlsx,few-loose,soft,feasible,,error,read_case_single_sheet() got an unexpected keyword argument 'positions',error,,,,,,,,,,,,,
scn_few-loose_seed12_P3_pl5.xlsx,few-loose,medium,feasible,,error,read_case_single_sheet() got an unexpected keyword argument 'positions',error,,,,,,,,,,,,,
scn_few-loose_seed12_P3_pl5.xlsx,few-loose,hard,feasible,,error,read_case_single_sheet() got an unexpected keyword argument 'positions',error,,,,,,,,,,,,,
scn_few-loose_seed1_P3_pl5.xlsx,few-loose,soft12,base,,error,read_case_single_sheet() got an unexpected keyword argument 'positions',error,,,,,,,,,,,,,
scn_few-loose_seed1_P3_pl5.xlsx,few-loose,soft,base,,error,read_case_single_sheet() got an unexpected keyword argument 'positions',error,,,,,,,,,,,,,
scn_few-loose_seed1_P3_pl5.xlsx,few-loose,medium,base,,error,read_case_single_sheet() got an unexpected keyword argument 'positions',error,,,,,,,,,,,,,
scn_few-loose_seed1_P3_pl5.xlsx,few-loose,hard,base,,error,read_case_single_sheet() got an unexpected keyword argument 'positions',error,,,,,,,,,,,,,
scn_few-loose_seed1_P3_pl5.xlsx,few-loose,soft12,fast,,error,read_case_single_sheet() got an unexpected keyword argument 'positions',error,,,,,,,,,,,,,
scn_few-loose_seed1_P3_pl5.xlsx,few-loose,soft,fast,,error,read_case_single_sheet() got an unexpected keyword argument 'positions',error,,,,,,,,,,,,,
scn_few-loose_seed1_P3_pl5.xlsx,few-loose,medium,fast,,error,read_case_single_sheet() got an unexpected keyword argument 'positions',error,,,,,,,,,,,,,
scn_few-loose_seed1_P3_pl5.xlsx,few-loose,hard,fast,,error,read_case_single_sheet() got an unexpected keyword argument 'positions',error,,,,,,,,,,,,,
scn_few-loose_seed1_P3_pl5.xlsx,few-loose,soft12,feasible,,error,read_case_single_sheet() got an unexpected keyword argument 'positions',error,,,,,,,,,,,,,
scn_few-loose_seed1_P3_pl5.xlsx,few-loose,soft,feasible,,error,read_case_single_sheet() got an unexpected keyword argument 'positions',error,,,,,,,,,,,,,
scn_few-loose_seed1_P3_pl5.xlsx,few-loose,medium,feasible,,error,read_case_single_sheet() got an unexpected keyword argument 'positions',error,,,,,,,,,,,,,
scn_few-loose_seed1_P3_pl5.xlsx,few-loose,hard,feasible,,error,read_case_single_sheet() got an unexpected keyword argument 'positions',error,,,,,,,,,,,,,
scn_few-loose_seed2_P3_pl5.xlsx,few-loose,soft12,base,,error,read_case_single_sheet() got an unexpected keyword argument 'positions',error,,,,,,,,,,,,,
scn_few-loose_seed2_P3_pl5.xlsx,few-loose,soft,base,,error,read_case_single_sheet() got an unexpected keyword argument 'positions',error,,,,,,,,,,,,,
scn_few-loose_seed2_P3_pl5.xlsx,few-loose,medium,base,,error,read_case_single_sheet() got an unexpected keyword argument 'positions',error,,,,,,,,,,,,,
scn_few-loose_seed2_P3_pl5.xlsx,few-loose,hard,base,,error,read_case_single_sheet() got an unexpected keyword argument 'positions',error,,,,,,,,,,,,,
scn_few-loose_seed2_P3_pl5.xlsx,few-loose,soft12,fast,,error,read_case_single_sheet() got an unexpected keyword argument 'positions',error,,,,,,,,,,,,,
scn_few-loose_seed2_P3_pl5.xlsx,few-loose,soft,fast,,error,read_case_single_sheet() got an unexpected keyword argument 'positions',error,,,,,,,,,,,,,
scn_few-loose_seed2_P3_pl5.xlsx,few-loose,medium,fast,,error,read_case_single_sheet() got an unexpected keyword argument 'positions',error,,,,,,,,,,,,,
scn_few-loose_seed2_P3_pl5.xlsx,few-loose,hard,fast,,error,read_case_single_sheet() got an unexpected keyword argument 'positions',error,,,,,,,,,,,,,
scn_few-loose_seed2_P3_pl5.xlsx,few-loose,soft12,feasible,,error,read_case_single_sheet() got an unexpected keyword argument 'positions',error,,,,,,,,,,,,,
scn_few-loose_seed2_P3_pl5.xlsx,few-loose,soft,feasible,,error,read_case_single_sheet() got an unexpected keyword argument 'positions',error,,,,,,,,,,,,,
scn_few-loose_seed2_P3_pl5.xlsx,few-loose,medium,feasible,,error,read_case_single_sheet() got an unexpected keyword argument 'positions',error,,,,,,,,,,,,,
scn_few-loose_seed2_P3_pl5.xlsx,few-loose,hard,feasible,,error,read_case_single_sheet() got an unexpected keyword argument 'positions',error,,,,,,,,,,,,,
scn_few-loose_seed3_P3_pl5.xlsx,few-loose,soft12,base,,error,read_case_single_sheet() got an unexpected keyword argument 'positions',error,,,,,,,,,,,,,
scn_few-loose_seed3_P3_pl5.xlsx,few-loose,soft,base,,error,read_case_single_sheet() got an unexpected keyword argument 'positions',error,,,,,,,,,,,,,
scn_few-loose_seed3_P3_pl5.xlsx,few-loose,medium,base,,error,read_case_single_sheet() got an unexpected keyword argument 'positions',error,,,,,,,,,,,,,
scn_few-loose_seed3_P3_pl5.xlsx,few-loose,hard,base,,error,read_case_single_sheet() got an unexpected keyword argument 'positions',error,,,,,,,,,,,,,
scn_few-loose_seed3_P3_pl5.xlsx,few-loose,soft12,fast,,error,read_case_single_sheet() got an unexpected keyword argument 'positions',error,,,,,,,,,,,,,
scn_few-loose_seed3_P3_pl5.xlsx,few-loose,soft,fast,,error,read_case_single_sheet() got an unexpected keyword argument 'positions',error,,,,,,,,,,,,,
scn_few-loose_seed3_P3_pl5.xlsx,few-loose,medium,fast,,error,read_case_single_sheet() got an unexpected keyword argument 'positions',error,,,,,,,,,,,,,
scn_few-loose_seed3_P3_pl5.xlsx,few-loose,hard,fast,,error,read_case_single_sheet() got an unexpected keyword argument 'positions',error,,,,,,,,,,,,,
scn_few-loose_seed3_P3_pl5.xlsx,few-loose,soft12,feasible,,error,read_case_single_sheet() got an unexpected keyword argument 'positions',error,,,,,,,,,,,,,
scn_few-loose_seed3_P3_pl5.xlsx,few-loose,soft,feasible,,error,read_case_single_sheet() got an unexpected keyword argument 'positions',error,,,,,,,,,,,,,
scn_few-loose_seed3_P3_pl5.xlsx,few-loose,medium,feasible,,error,read_case_single_sheet() got an unexpected keyword argument 'positions',error,,,,,,,,,,,,,
scn_few-loose_seed3_P3_pl5.xlsx,few-loose,hard,feasible,,error,read_case_single_sheet() got an unexpected keyword argument 'positions',error,,,,,,,,,,,,,
scn_few-loose_seed4_P3_pl5.xlsx,few-loose,soft12,base,,error,read_case_single_sheet() got an unexpected keyword argument 'positions',error,,,,,,,,,,,,,
scn_few-loose_seed4_P3_pl5.xlsx,few-loose,soft,base,,error,read_case_single_sheet() got an unexpected keyword argument 'positions',error,,,,,,,,,,,,,
scn_few-loose_seed4_P3_pl5.xlsx,few-loose,medium,base,,error,read_case_single_sheet() got an unexpected keyword argument 'positions',error,,,,,,,,,,,,,
scn_few-loose_seed4_P3_pl5.xlsx,few-loose,hard,base,,error,read_case_single_sheet() got an unexpected keyword argument 'positions',error,,,,,,,,,,,,,
scn_few-loose_seed4_P3_pl5.xlsx,few-loose,soft12,fast,,error,read_case_single_sheet() got an unexpected keyword argument 'positions',error,,,,,,,,,,,,,
scn_few-loose_seed4_P3_pl5.xlsx,few-loose,soft,fast,,error,read_case_single_sheet() got an unexpected keyword argument 'positions',error,,,,,,,,,,,,,
scn_few-loose_seed4_P3_pl5.xlsx,few-loose,medium,fast,,error,read_case_single_sheet() got an unexpected keyword argument 'positions',error,,,,,,,,,,,,,
scn_few-loose_seed4_P3_pl5.xlsx,few-loose,hard,fast,,error,read_case_single_sheet() got an unexpected keyword argument 'positions',error,,,,,,,,,,,,,
scn_few-loose_seed4_P3_pl5.xlsx,few-loose,soft12,feasible,,error,read_case_single_sheet() got an unexpected keyword argument 'positions',error,,,,,,,,,,,,,
scn_few-loose_seed4_P3_pl5.xlsx,few-loose,soft,feasible,,error,read_case_single_sheet() got an unexpected keyword argument 'positions',error,,,,,,,,,,,,,
scn_few-loose_seed4_P3_pl5.xlsx,few-loose,medium,feasible,,error,read_case_single_sheet() got an unexpected keyword argument 'positions',error,,,,,,,,,,,,,
scn_few-loose_seed4_P3_pl5.xlsx,few-loose,hard,feasible,,error,read_case_single_sheet() got an unexpected keyword argument 'positions',error,,,,,,,,,,,,,
scn_few-loose_seed5_P3_pl5.xlsx,few-loose,soft12,base,,error,read_case_single_sheet() got an unexpected keyword argument 'positions',error,,,,,,,,,,,,,
scn_few-loose_seed5_P3_pl5.xlsx,few-loose,soft,base,,error,read_case_single_sheet() got an unexpected keyword argument 'positions',error,,,,,,,,,,,,,
scn_few-loose_seed5_P3_pl5.xlsx,few-loose,medium,base,,error,read_case_single_sheet() got an unexpected keyword argument 'positions',error,,,,,,,,,,,,,
scn_few-loose_seed5_P3_pl5.xlsx,few-loose,hard,base,,error,read_case_single_sheet() got an unexpected keyword argument 'positions',error,,,,,,,,,,,,,
scn_few-loose_seed5_P3_pl5.xlsx,few-loose,soft12,fast,,error,read_case_single_sheet() got an unexpected keyword argument 'positions',error,,,,,,,,,,,,,
scn_few-loose_seed5_P3_pl5.xlsx,few-loose,soft,fast,,error,read_case_single_sheet() got an unexpected keyword argument 'positions',error,,,,,,,,,,,,,
scn_few-loose_seed5_P3_pl5.xlsx,few-loose,medium,fast,,error,read_case_single_sheet() got an unexpected keyword argument 'positions',error,,,,,,,,,,,,,
scn_few-loose_seed5_P3_pl5.xlsx,few-loose,hard,fast,,error,read_case_single_sheet() got an unexpected keyword argument 'positions',error,,,,,,,,,,,,,
scn_few-loose_seed5_P3_pl5.xlsx,few-loose,soft12,feasible,,error,read_case_single_sheet() got an unexpected keyword argument 'positions',error,,,,,,,,,,,,,
scn_few-loose_seed5_P3_pl5.xlsx,few-loose,soft,feasible,,error,read_case_single_sheet() got an unexpected keyword argument 'positions',error,,,,,,,,,,,,,
scn_few-loose_seed5_P3_pl5.xlsx,few-loose,medium,feasible,,error,read_case_single_sheet() got an unexpected keyword argument 'positions',error,,,,,,,,,,,,,
scn_few-loose_seed5_P3_pl5.xlsx,few-loose,hard,feasible,,error,read_case_single_sheet() got an unexpected keyword argument 'positions',error,,,,,,,,,,,,,
scn_few-loose_seed6_P3_pl5.xlsx,few-loose,soft12,base,,error,read_case_single_sheet() got an unexpected keyword argument 'positions',error,,,,,,,,,,,,,
scn_few-loose_seed6_P3_pl5.xlsx,few-loose,soft,base,,error,read_case_single_sheet() got an unexpected keyword argument 'positions',error,,,,,,,,,,,,,
scn_few-loose_seed6_P3_pl5.xlsx,few-loose,medium,base,,error,read_case_single_sheet() got an unexpected keyword argument 'positions',error,,,,,,,,,,,,,
scn_few-loose_seed6_P3_pl5.xlsx,few-loose,hard,base,,error,read_case_single_sheet() got an unexpected keyword argument 'positions',error,,,,,,,,,,,,,
scn_few-loose_seed6_P3_pl5.xlsx,few-loose,soft12,fast,,error,read_case_single_sheet() got an unexpected keyword argument 'positions',error,,,,,,,,,,,,,
scn_few-loose_seed6_P3_pl5.xlsx,few-loose,soft,fast,,error,read_case_single_sheet() got an unexpected keyword argument 'positions',error,,,,,,,,,,,,,
scn_few-loose_seed6_P3_pl5.xlsx,few-loose,medium,fast,,error,read_case_single_sheet() got an unexpected keyword argument 'positions',error,,,,,,,,,,,,,
scn_few-loose_seed6_P3_pl5.xlsx,few-loose,hard,fast,,error,read_case_single_sheet() got an unexpected keyword argument 'positions',error,,,,,,,,,,,,,
scn_few-loose_seed6_P3_pl5.xlsx,few-loose,soft12,feasible,,error,read_case_single_sheet() got an unexpected keyword argument 'positions',error,,,,,,,,,,,,,
scn_few-loose_seed6_P3_pl5.xlsx,few-loose,soft,feasible,,error,read_case_single_sheet() got an unexpected keyword argument 'positions',error,,,,,,,,,,,,,
scn_few-loose_seed6_P3_pl5.xlsx,few-loose,medium,feasible,,error,read_case_single_sheet() got an unexpected keyword argument 'positions',error,,,,,,,,,,,,,
scn_few-loose_seed6_P3_pl5.xlsx,few-loose,hard,feasible,,error,read_case_single_sheet() got an unexpected keyword argument 'positions',error,,,,,,,,,,,,,
scn_few-loose_seed7_P3_pl5.xlsx,few-loose,soft12,base,,error,read_case_single_sheet() got an unexpected keyword argument 'positions',error,,,,,,,,,,,,,
scn_few-loose_seed7_P3_pl5.xlsx,few-loose,soft,base,,error,read_case_single_sheet() got an unexpected keyword argument 'positions',error,,,,,,,,,,,,,
scn_few-loose_seed7_P3_pl5.xlsx,few-loose,medium,base,,error,read_case_single_sheet() got an unexpected keyword argument 'positions',error,,,,,,,,,,,,,
scn_few-loose_seed7_P3_pl5.xlsx,few-loose,hard,base,,error,read_case_single_sheet() got an unexpected keyword argument 'positions',error,,,,,,,,,,,,,
scn_few-loose_seed7_P3_pl5.xlsx,few-loose,soft12,fast,,error,read_case_single_sheet() got an unexpected keyword argument 'positions',error,,,,,,,,,,,,,
scn_few-loose_seed7_P3_pl5.xlsx,few-loose,soft,fast,,error,read_case_single_sheet() got an unexpected keyword argument 'positions',error,,,,,,,,,,,,,
scn_few-loose_seed7_P3_pl5.xlsx,few-loose,medium,fast,,error,read_case_single_sheet() got an unexpected keyword argument 'positions',error,,,,,,,,,,,,,
scn_few-loose_seed7_P3_pl5.xlsx,few-loose,hard,fast,,error,read_case_single_sheet() got an unexpected keyword argument 'positions',error,,,,,,,,,,,,,
scn_few-loose_seed7_P3_pl5.xlsx,few-loose,soft12,feasible,,error,read_case_single_sheet() got an unexpected keyword argument 'positions',error,,,,,,,,,,,,,
scn_few-loose_seed7_P3_pl5.xlsx,few-loose,soft,feasible,,error,read_case_single_sheet() got an unexpected keyword argument 'positions',error,,,,,,,,,,,,,
scn_few-loose_seed7_P3_pl5.xlsx,few-loose,medium,feasible,,error,read_case_single_sheet() got an unexpected keyword argument 'positions',error,,,,,,,,,,,,,
scn_few-loose_seed7_P3_pl5.xlsx,few-loose,hard,feasible,,error,read_case_single_sheet() got an unexpected keyword argument 'positions',error,,,,,,,,,,,,,
scn_few-loose_seed8_P3_pl5.xlsx,few-loose,soft12,base,,error,read_case_single_sheet() got an unexpected keyword argument 'positions',error,,,,,,,,,,,,,
scn_few-loose_seed8_P3_pl5.xlsx,few-loose,soft,base,,error,read_case_single_sheet() got an unexpected keyword argument 'positions',error,,,,,,,,,,,,,
scn_few-loose_seed8_P3_pl5.xlsx,few-loose,medium,base,,error,read_case_single_sheet() got an unexpected keyword argument 'positions',error,,,,,,,,,,,,,
scn_few-loose_seed8_P3_pl5.xlsx,few-loose,hard,base,,error,read_case_single_sheet() got an unexpected keyword argument 'positions',error,,,,,,,,,,,,,
scn_few-loose_seed8_P3_pl5.xlsx,few-loose,soft12,fast,,error,read_case_single_sheet() got an unexpected keyword argument 'positions',error,,,,,,,,,,,,,
scn_few-loose_seed8_P3_pl5.xlsx,few-loose,soft,fast,,error,read_case_single_sheet() got an unexpected keyword argument 'positions',error,,,,,,,,,,,,,
scn_few-loose_seed8_P3_pl5.xlsx,few-loose,medium,fast,,error,read_case_single_sheet() got an unexpected keyword argument 'positions',error,,,,,,,,,,,,,
scn_few-loose_seed8_P3_pl5.xlsx,few-loose,hard,fast,,error,read_case_single_sheet() got an unexpected keyword argument 'positions',error,,,,,,,,,,,,,
scn_few-loose_seed8_P3_pl5.xlsx,few-loose,soft12,feasible,,error,read_case_single_sheet() got an unexpected keyword argument 'positions',error,,,,,,,,,,,,,
scn_few-loose_seed8_P3_pl5.xlsx,few-loose,soft,feasible,,error,read_case_single_sheet() got an unexpected keyword argument 'positions',error,,,,,,,,,,,,,
scn_few-loose_seed8_P3_pl5.xlsx,few-loose,medium,feasible,,error,read_case_single_sheet() got an unexpected keyword argument 'positions',error,,,,,,,,,,,,,
scn_few-loose_seed8_P3_pl5.xlsx,few-loose,hard,feasible,,error,read_case_single_sheet() got an unexpected keyword argument 'positions',error,,,,,,,,,,,,,
scn_few-loose_seed9_P3_pl5.xlsx,few-loose,soft12,base,,error,read_case_single_sheet() got an unexpected keyword argument 'positions',error,,,,,,,,,,,,,
scn_few-loose_seed9_P3_pl5.xlsx,few-loose,soft,base,,error,read_case_single_sheet() got an unexpected keyword argument 'positions',error,,,,,,,,,,,,,
scn_few-loose_seed9_P3_pl5.xlsx,few-loose,medium,base,,error,read_case_single_sheet() got an unexpected keyword argument 'positions',error,,,,,,,,,,,,,
scn_few-loose_seed9_P3_pl5.xlsx,few-loose,hard,base,,error,read_case_single_sheet() got an unexpected keyword argument 'positions',error,,,,,,,,,,,,,
scn_few-loose_seed9_P3_pl5.xlsx,few-loose,soft12,fast,,error,read_case_single_sheet() got an unexpected keyword argument 'positions',error,,,,,,,,,,,,,
scn_few-loose_seed9_P3_pl5.xlsx,few-loose,soft,fast,,error,read_case_single_sheet() got an unexpected keyword argument 'positions',error,,,,,,,,,,,,,
scn_few-loose_seed9_P3_pl5.xlsx,few-loose,medium,fast,,error,read_case_single_sheet() got an unexpected keyword argument 'positions',error,,,,,,,,,,,,,
scn_few-loose_seed9_P3_pl5.xlsx,few-loose,hard,fast,,error,read_case_single_sheet() got an unexpected keyword argument 'positions',error,,,,,,,,,,,,,
scn_few-loose_seed9_P3_pl5.xlsx,few-loose,soft12,feasible,,error,read_case_single_sheet() got an unexpected keyword argument 'positions',error,,,,,,,,,,,,,
scn_few-loose_seed9_P3_pl5.xlsx,few-loose,soft,feasible,,error,read_case_single_sheet() got an unexpected keyword argument 'positions',error,,,,,,,,,,,,,
scn_few-loose_seed9_P3_pl5.xlsx,few-loose,medium,feasible,,error,read_case_single_sheet() got an unexpected keyword argument 'positions',error,,,,,,,,,,,,,
scn_few-loose_seed9_P3_pl5.xlsx,few-loose,hard,feasible,,error,read_case_single_sheet() got an unexpected keyword argument 'positions',error,,,,,,,,,,,,,
scn_few-tight_seed10_P2_pl5.xlsx,few-tight,soft12,base,,error,read_case_single_sheet() got an unexpected keyword argument 'positions',error,,,,,,,,,,,,,
scn_few-tight_seed10_P2_pl5.xlsx,few-tight,soft,base,,error,read_case_single_sheet() got an unexpected keyword argument 'positions',error,,,,,,,,,,,,,
scn_few-tight_seed10_P2_pl5.xlsx,few-tight,medium,base,,error,read_case_single_sheet() got an unexpected keyword argument 'positions',error,,,,,,,,,,,,,
scn_few-tight_seed10_P2_pl5.xlsx,few-tight,hard,base,,error,read_case_single_sheet() got an unexpected keyword argument 'positions',error,,,,,,,,,,,,,
scn_few-tight_seed10_P2_pl5.xlsx,few-tight,soft12,fast,,error,read_case_single_sheet() got an unexpected keyword argument 'positions',error,,,,,,,,,,,,,
scn_few-tight_seed10_P2_pl5.xlsx,few-tight,soft,fast,,error,read_case_single_sheet() got an unexpected keyword argument 'positions',error,,,,,,,,,,,,,
scn_few-tight_seed10_P2_pl5.xlsx,few-tight,medium,fast,,error,read_case_single_sheet() got an unexpected keyword argument 'positions',error,,,,,,,,,,,,,
scn_few-tight_seed10_P2_pl5.xlsx,few-tight,hard,fast,,error,read_case_single_sheet() got an unexpected keyword argument 'positions',error,,,,,,,,,,,,,
scn_few-tight_seed10_P2_pl5.xlsx,few-tight,soft12,feasible,,error,read_case_single_sheet() got an unexpected keyword argument 'positions',error,,,,,,,,,,,,,
scn_few-tight_seed10_P2_pl5.xlsx,few-tight,soft,feasible,,error,read_case_single_sheet() got an unexpected keyword argument 'positions',error,,,,,,,,,,,,,
scn_few-tight_seed10_P2_pl5.xlsx,few-tight,medium,feasible,,error,read_case_single_sheet() got an unexpected keyword argument 'positions',error,,,,,,,,,,,,,
scn_few-tight_seed10_P2_pl5.xlsx,few-tight,hard,feasible,,error,read_case_single_sheet() got an unexpected keyword argument 'positions',error,,,,,,,,,,,,,
scn_few-tight_seed11_P2_pl5.xlsx,few-tight,soft12,base,,error,read_case_single_sheet() got an unexpected keyword argument 'positions',error,,,,,,,,,,,,,
scn_few-tight_seed11_P2_pl5.xlsx,few-tight,soft,base,,error,read_case_single_sheet() got an unexpected keyword argument 'positions',error,,,,,,,,,,,,,
scn_few-tight_seed11_P2_pl5.xlsx,few-tight,medium,base,,error,read_case_single_sheet() got an unexpected keyword argument 'positions',error,,,,,,,,,,,,,
scn_few-tight_seed11_P2_pl5.xlsx,few-tight,hard,base,,error,read_case_single_sheet() got an unexpected keyword argument 'positions',error,,,,,,,,,,,,,
scn_few-tight_seed11_P2_pl5.xlsx,few-tight,soft12,fast,,error,read_case_single_sheet() got an unexpected keyword argument 'positions',error,,,,,,,,,,,,,
scn_few-tight_seed11_P2_pl5.xlsx,few-tight,soft,fast,,error,read_case_single_sheet() got an unexpected keyword argument 'positions',error,,,,,,,,,,,,,
scn_few-tight_seed11_P2_pl5.xlsx,few-tight,medium,fast,,error,read_case_single_sheet() got an unexpected keyword argument 'positions',error,,,,,,,,,,,,,
scn_few-tight_seed11_P2_pl5.xlsx,few-tight,hard,fast,,error,read_case_single_sheet() got an unexpected keyword argument 'positions',error,,,,,,,,,,,,,
scn_few-tight_seed11_P2_pl5.xlsx,few-tight,soft12,feasible,,error,read_case_single_sheet() got an unexpected keyword argument 'positions',error,,,,,,,,,,,,,
scn_few-tight_seed11_P2_pl5.xlsx,few-tight,soft,feasible,,error,read_case_single_sheet() got an unexpected keyword argument 'positions',error,,,,,,,,,,,,,
scn_few-tight_seed11_P2_pl5.xlsx,few-tight,medium,feasible,,error,read_case_single_sheet() got an unexpected keyword argument 'positions',error,,,,,,,,,,,,,
scn_few-tight_seed11_P2_pl5.xlsx,few-tight,hard,feasible,,error,read_case_single_sheet() got an unexpected keyword argument 'positions',error,,,,,,,,,,,,,
scn_few-tight_seed12_P2_pl5.xlsx,few-tight,soft12,base,,error,read_case_single_sheet() got an unexpected keyword argument 'positions',error,,,,,,,,,,,,,
scn_few-tight_seed12_P2_pl5.xlsx,few-tight,soft,base,,error,read_case_single_sheet() got an unexpected keyword argument 'positions',error,,,,,,,,,,,,,
scn_few-tight_seed12_P2_pl5.xlsx,few-tight,medium,base,,error,read_case_single_sheet() got an unexpected keyword argument 'positions',error,,,,,,,,,,,,,
scn_few-tight_seed12_P2_pl5.xlsx,few-tight,hard,base,,error,read_case_single_sheet() got an unexpected keyword argument 'positions',error,,,,,,,,,,,,,
scn_few-tight_seed12_P2_pl5.xlsx,few-tight,soft12,fast,,error,read_case_single_sheet() got an unexpected keyword argument 'positions',error,,,,,,,,,,,,,
scn_few-tight_seed12_P2_pl5.xlsx,few-tight,soft,fast,,error,read_case_single_sheet() got an unexpected keyword argument 'positions',error,,,,,,,,,,,,,
scn_few-tight_seed12_P2_pl5.xlsx,few-tight,medium,fast,,error,read_case_single_sheet() got an unexpected keyword argument 'positions',error,,,,,,,,,,,,,
scn_few-tight_seed12_P2_pl5.xlsx,few-tight,hard,fast,,error,read_case_single_sheet() got an unexpected keyword argument 'positions',error,,,,,,,,,,,,,
scn_few-tight_seed12_P2_pl5.xlsx,few-tight,soft12,feasible,,error,read_case_single_sheet() got an unexpected keyword argument 'positions',error,,,,,,,,,,,,,
scn_few-tight_seed12_P2_pl5.xlsx,few-tight,soft,feasible,,error,read_case_single_sheet() got an unexpected keyword argument 'positions',error,,,,,,,,,,,,,
scn_few-tight_seed12_P2_pl5.xlsx,few-tight,medium,feasible,,error,read_case_single_sheet() got an unexpected keyword argument 'positions',error,,,,,,,,,,,,,
scn_few-tight_seed12_P2_pl5.xlsx,few-tight,hard,feasible,,error,read_case_single_sheet() got an unexpected keyword argument 'positions',error,,,,,,,,,,,,,
scn_few-tight_seed1_P2_pl5.xlsx,few-tight,soft12,base,,error,read_case_single_sheet() got an unexpected keyword argument 'positions',error,,,,,,,,,,,,,
scn_few-tight_seed1_P2_pl5.xlsx,few-tight,soft,base,,error,read_case_single_sheet() got an unexpected keyword argument 'positions',error,,,,,,,,,,,,,
scn_few-tight_seed1_P2_pl5.xlsx,few-tight,medium,base,,error,read_case_single_sheet() got an unexpected keyword argument 'positions',error,,,,,,,,,,,,,
scn_few-tight_seed1_P2_pl5.xlsx,few-tight,hard,base,,error,read_case_single_sheet() got an unexpected keyword argument 'positions',error,,,,,,,,,,,,,
scn_few-tight_seed1_P2_pl5.xlsx,few-tight,soft12,fast,,error,read_case_single_sheet() got an unexpected keyword argument 'positions',error,,,,,,,,,,,,,
scn_few-tight_seed1_P2_pl5.xlsx,few-tight,soft,fast,,error,read_case_single_sheet() got an unexpected keyword argument 'positions',error,,,,,,,,,,,,,
scn_few-tight_seed1_P2_pl5.xlsx,few-tight,medium,fast,,error,read_case_single_sheet() got an unexpected keyword argument 'positions',error,,,,,,,,,,,,,
scn_few-tight_seed1_P2_pl5.xlsx,few-tight,hard,fast,,error,read_case_single_sheet() got an unexpected keyword argument 'positions',error,,,,,,,,,,,,,
scn_few-tight_seed1_P2_pl5.xlsx,few-tight,soft12,feasible,,error,read_case_single_sheet() got an unexpected keyword argument 'positions',error,,,,,,,,,,,,,
scn_few-tight_seed1_P2_pl5.xlsx,few-tight,soft,feasible,,error,read_case_single_sheet() got an unexpected keyword argument 'positions',error,,,,,,,,,,,,,
scn_few-tight_seed1_P2_pl5.xlsx,few-tight,medium,feasible,,error,read_case_single_sheet() got an unexpected keyword argument 'positions',error,,,,,,,,,,,,,
scn_few-tight_seed1_P2_pl5.xlsx,few-tight,hard,feasible,,error,read_case_single_sheet() got an unexpected keyword argument 'positions',error,,,,,,,,,,,,,
scn_few-tight_seed2_P2_pl5.xlsx,few-tight,soft12,base,,error,read_case_single_sheet() got an unexpected keyword argument 'positions',error,,,,,,,,,,,,,
scn_few-tight_seed2_P2_pl5.xlsx,few-tight,soft,base,,error,read_case_single_sheet() got an unexpected keyword argument 'positions',error,,,,,,,,,,,,,
scn_few-tight_seed2_P2_pl5.xlsx,few-tight,medium,base,,error,read_case_single_sheet() got an unexpected keyword argument 'positions',error,,,,,,,,,,,,,
scn_few-tight_seed2_P2_pl5.xlsx,few-tight,hard,base,,error,read_case_single_sheet() got an unexpected keyword argument 'positions',error,,,,,,,,,,,,,
scn_few-tight_seed2_P2_pl5.xlsx,few-tight,soft12,fast,,error,read_case_single_sheet() got an unexpected keyword argument 'positions',error,,,,,,,,,,,,,
scn_few-tight_seed2_P2_pl5.xlsx,few-tight,soft,fast,,error,read_case_single_sheet() got an unexpected keyword argument 'positions',error,,,,,,,,,,,,,
scn_few-tight_seed2_P2_pl5.xlsx,few-tight,medium,fast,,error,read_case_single_sheet() got an unexpected keyword argument 'positions',error,,,,,,,,,,,,,
scn_few-tight_seed2_P2_pl5.xlsx,few-tight,hard,fast,,error,read_case_single_sheet() got an unexpected keyword argument 'positions',error,,,,,,,,,,,,,
scn_few-tight_seed2_P2_pl5.xlsx,few-tight,soft12,feasible,,error,read_case_single_sheet() got an unexpected keyword argument 'positions',error,,,,,,,,,,,,,
scn_few-tight_seed2_P2_pl5.xlsx,few-tight,soft,feasible,,error,read_case_single_sheet() got an unexpected keyword argument 'positions',error,,,,,,,,,,,,,
scn_few-tight_seed2_P2_pl5.xlsx,few-tight,medium,feasible,,error,read_case_single_sheet() got an unexpected keyword argument 'positions',error,,,,,,,,,,,,,
scn_few-tight_seed2_P2_pl5.xlsx,few-tight,hard,feasible,,error,read_case_single_sheet() got an unexpected keyword argument 'positions',error,,,,,,,,,,,,,
scn_few-tight_seed3_P2_pl5.xlsx,few-tight,soft12,base,,error,read_case_single_sheet() got an unexpected keyword argument 'positions',error,,,,,,,,,,,,,
scn_few-tight_seed3_P2_pl5.xlsx,few-tight,soft,base,,error,read_case_single_sheet() got an unexpected keyword argument 'positions',error,,,,,,,,,,,,,
scn_few-tight_seed3_P2_pl5.xlsx,few-tight,medium,base,,error,read_case_single_sheet() got an unexpected keyword argument 'positions',error,,,,,,,,,,,,,
scn_few-tight_seed3_P2_pl5.xlsx,few-tight,hard,base,,error,read_case_single_sheet() got an unexpected keyword argument 'positions',error,,,,,,,,,,,,,
scn_few-tight_seed3_P2_pl5.xlsx,few-tight,soft12,fast,,error,read_case_single_sheet() got an unexpected keyword argument 'positions',error,,,,,,,,,,,,,
scn_few-tight_seed3_P2_pl5.xlsx,few-tight,soft,fast,,error,read_case_single_sheet() got an unexpected keyword argument 'positions',error,,,,,,,,,,,,,
scn_few-tight_seed3_P2_pl5.xlsx,few-tight,medium,fast,,error,read_case_single_sheet() got an unexpected keyword argument 'positions',error,,,,,,,,,,,,,
scn_few-tight_seed3_P2_pl5.xlsx,few-tight,hard,fast,,error,read_case_single_sheet() got an unexpected keyword argument 'positions',error,,,,,,,,,,,,,
scn_few-tight_seed3_P2_pl5.xlsx,few-tight,soft12,feasible,,error,read_case_single_sheet() got an unexpected keyword argument 'positions',error,,,,,,,,,,,,,
scn_few-tight_seed3_P2_pl5.xlsx,few-tight,soft,feasible,,error,read_case_single_sheet() got an unexpected keyword argument 'positions',error,,,,,,,,,,,,,
scn_few-tight_seed3_P2_pl5.xlsx,few-tight,medium,feasible,,error,read_case_single_sheet() got an unexpected keyword argument 'positions',error,,,,,,,,,,,,,
scn_few-tight_seed3_P2_pl5.xlsx,few-tight,hard,feasible,,error,read_case_single_sheet() got an unexpected keyword argument 'positions',error,,,,,,,,,,,,,
scn_few-tight_seed4_P2_pl5.xlsx,few-tight,soft12,base,,error,read_case_single_sheet() got an unexpected keyword argument 'positions',error,,,,,,,,,,,,,
scn_few-tight_seed4_P2_pl5.xlsx,few-tight,soft,base,,error,read_case_single_sheet() got an unexpected keyword argument 'positions',error,,,,,,,,,,,,,
scn_few-tight_seed4_P2_pl5.xlsx,few-tight,medium,base,,error,read_case_single_sheet() got an unexpected keyword argument 'positions',error,,,,,,,,,,,,,
scn_few-tight_seed4_P2_pl5.xlsx,few-tight,hard,base,,error,read_case_single_sheet() got an unexpected keyword argument 'positions',error,,,,,,,,,,,,,
scn_few-tight_seed4_P2_pl5.xlsx,few-tight,soft12,fast,,error,read_case_single_sheet() got an unexpected keyword argument 'positions',error,,,,,,,,,,,,,
scn_few-tight_seed4_P2_pl5.xlsx,few-tight,soft,fast,,error,read_case_single_sheet() got an unexpected keyword argument 'positions',error,,,,,,,,,,,,,
scn_few-tight_seed4_P2_pl5.xlsx,few-tight,medium,fast,,error,read_case_single_sheet() got an unexpected keyword argument 'positions',error,,,,,,,,,,,,,
scn_few-tight_seed4_P2_pl5.xlsx,few-tight,hard,fast,,error,read_case_single_sheet() got an unexpected keyword argument 'positions',error,,,,,,,,,,,,,
scn_few-tight_seed4_P2_pl5.xlsx,few-tight,soft12,feasible,,error,read_case_single_sheet() got an unexpected keyword argument 'positions',error,,,,,,,,,,,,,
scn_few-tight_seed4_P2_pl5.xlsx,few-tight,soft,feasible,,error,read_case_single_sheet() got an unexpected keyword argument 'positions',error,,,,,,,,,,,,,
scn_few-tight_seed4_P2_pl5.xlsx,few-tight,medium,feasible,,error,read_case_single_sheet() got an unexpected keyword argument 'positions',error,,,,,,,,,,,,,
scn_few-tight_seed4_P2_pl5.xlsx,few-tight,hard,feasible,,error,read_case_single_sheet() got an unexpected keyword argument 'positions',error,,,,,,,,,,,,,
scn_few-tight_seed5_P2_pl5.xlsx,few-tight,soft12,base,,error,read_case_single_sheet() got an unexpected keyword argument 'positions',error,,,,,,,,,,,,,
scn_few-tight_seed5_P2_pl5.xlsx,few-tight,soft,base,,error,read_case_single_sheet() got an unexpected keyword argument 'positions',error,,,,,,,,,,,,,
scn_few-tight_seed5_P2_pl5.xlsx,few-tight,medium,base,,error,read_case_single_sheet() got an unexpected keyword argument 'positions',error,,,,,,,,,,,,,
scn_few-tight_seed5_P2_pl5.xlsx,few-tight,hard,base,,error,read_case_single_sheet() got an unexpected keyword argument 'positions',error,,,,,,,,,,,,,
scn_few-tight_seed5_P2_pl5.xlsx,few-tight,soft12,fast,,error,read_case_single_sheet() got an unexpected keyword argument 'positions',error,,,,,,,,,,,,,
scn_few-tight_seed5_P2_pl5.xlsx,few-tight,soft,fast,,error,read_case_single_sheet() got an unexpected keyword argument 'positions',error,,,,,,,,,,,,,
scn_few-tight_seed5_P2_pl5.xlsx,few-tight,medium,fast,,error,read_case_single_sheet() got an unexpected keyword argument 'positions',error,,,,,,,,,,,,,
scn_few-tight_seed5_P2_pl5.xlsx,few-tight,hard,fast,,error,read_case_single_sheet() got an unexpected keyword argument 'positions',error,,,,,,,,,,,,,
scn_few-tight_seed5_P2_pl5.xlsx,few-tight,soft12,feasible,,error,read_case_single_sheet() got an unexpected keyword argument 'positions',error,,,,,,,,,,,,,
scn_few-tight_seed5_P2_pl5.xlsx,few-tight,soft,feasible,,error,read_case_single_sheet() got an unexpected keyword argument 'positions',error,,,,,,,,,,,,,
scn_few-tight_seed5_P2_pl5.xlsx,few-tight,medium,feasible,,error,read_case_single_sheet() got an unexpected keyword argument 'positions',error,,,,,,,,,,,,,
scn_few-tight_seed5_P2_pl5.xlsx,few-tight,hard,feasible,,error,read_case_single_sheet() got an unexpected keyword argument 'positions',error,,,,,,,,,,,,,
scn_few-tight_seed6_P2_pl5.xlsx,few-tight,soft12,base,,error,read_case_single_sheet() got an unexpected keyword argument 'positions',error,,,,,,,,,,,,,
scn_few-tight_seed6_P2_pl5.xlsx,few-tight,soft,base,,error,read_case_single_sheet() got an unexpected keyword argument 'positions',error,,,,,,,,,,,,,
scn_few-tight_seed6_P2_pl5.xlsx,few-tight,medium,base,,error,read_case_single_sheet() got an unexpected keyword argument 'positions',error,,,,,,,,,,,,,
scn_few-tight_seed6_P2_pl5.xlsx,few-tight,hard,base,,error,read_case_single_sheet() got an unexpected keyword argument 'positions',error,,,,,,,,,,,,,
scn_few-tight_seed6_P2_pl5.xlsx,few-tight,soft12,fast,,error,read_case_single_sheet() got an unexpected keyword argument 'positions',error,,,,,,,,,,,,,
scn_few-tight_seed6_P2_pl5.xlsx,few-tight,soft,fast,,error,read_case_single_sheet() got an unexpected keyword argument 'positions',error,,,,,,,,,,,,,
scn_few-tight_seed6_P2_pl5.xlsx,few-tight,medium,fast,,error,read_case_single_sheet() got an unexpected keyword argument 'positions',error,,,,,,,,,,,,,
scn_few-tight_seed6_P2_pl5.xlsx,few-tight,hard,fast,,error,read_case_single_sheet() got an unexpected keyword argument 'positions',error,,,,,,,,,,,,,
scn_few-tight_seed6_P2_pl5.xlsx,few-tight,soft12,feasible,,error,read_case_single_sheet() got an unexpected keyword argument 'positions',error,,,,,,,,,,,,,
scn_few-tight_seed6_P2_pl5.xlsx,few-tight,soft,feasible,,error,read_case_single_sheet() got an unexpected keyword argument 'positions',error,,,,,,,,,,,,,
scn_few-tight_seed6_P2_pl5.xlsx,few-tight,medium,feasible,,error,read_case_single_sheet() got an unexpected keyword argument 'positions',error,,,,,,,,,,,,,
scn_few-tight_seed6_P2_pl5.xlsx,few-tight,hard,feasible,,error,read_case_single_sheet() got an unexpected keyword argument 'positions',error,,,,,,,,,,,,,
scn_few-tight_seed7_P2_pl5.xlsx,few-tight,soft12,base,,error,read_case_single_sheet() got an unexpected keyword argument 'positions',error,,,,,,,,,,,,,
scn_few-tight_seed7_P2_pl5.xlsx,few-tight,soft,base,,error,read_case_single_sheet() got an unexpected keyword argument 'positions',error,,,,,,,,,,,,,
scn_few-tight_seed7_P2_pl5.xlsx,few-tight,medium,base,,error,read_case_single_sheet() got an unexpected keyword argument 'positions',error,,,,,,,,,,,,,
scn_few-tight_seed7_P2_pl5.xlsx,few-tight,hard,base,,error,read_case_single_sheet() got an unexpected keyword argument 'positions',error,,,,,,,,,,,,,
scn_few-tight_seed7_P2_pl5.xlsx,few-tight,soft12,fast,,error,read_case_single_sheet() got an unexpected keyword argument 'positions',error,,,,,,,,,,,,,
scn_few-tight_seed7_P2_pl5.xlsx,few-tight,soft,fast,,error,read_case_single_sheet() got an unexpected keyword argument 'positions',error,,,,,,,,,,,,,
scn_few-tight_seed7_P2_pl5.xlsx,few-tight,medium,fast,,error,read_case_single_sheet() got an unexpected keyword argument 'positions',error,,,,,,,,,,,,,
scn_few-tight_seed7_P2_pl5.xlsx,few-tight,hard,fast,,error,read_case_single_sheet() got an unexpected keyword argument 'positions',error,,,,,,,,,,,,,
scn_few-tight_seed7_P2_pl5.xlsx,few-tight,soft12,feasible,,error,read_case_single_sheet() got an unexpected keyword argument 'positions',error,,,,,,,,,,,,,
scn_few-tight_seed7_P2_pl5.xlsx,few-tight,soft,feasible,,error,read_case_single_sheet() got an unexpected keyword argument 'positions',error,,,,,,,,,,,,,
scn_few-tight_seed7_P2_pl5.xlsx,few-tight,medium,feasible,,error,read_case_single_sheet() got an unexpected keyword argument 'positions',error,,,,,,,,,,,,,
scn_few-tight_seed7_P2_pl5.xlsx,few-tight,hard,feasible,,error,read_case_single_sheet() got an unexpected keyword argument 'positions',error,,,,,,,,,,,,,
scn_few-tight_seed8_P2_pl5.xlsx,few-tight,soft12,base,,error,read_case_single_sheet() got an unexpected keyword argument 'positions',error,,,,,,,,,,,,,
scn_few-tight_seed8_P2_pl5.xlsx,few-tight,soft,base,,error,read_case_single_sheet() got an unexpected keyword argument 'positions',error,,,,,,,,,,,,,
scn_few-tight_seed8_P2_pl5.xlsx,few-tight,medium,base,,error,read_case_single_sheet() got an unexpected keyword argument 'positions',error,,,,,,,,,,,,,
scn_few-tight_seed8_P2_pl5.xlsx,few-tight,hard,base,,error,read_case_single_sheet() got an unexpected keyword argument 'positions',error,,,,,,,,,,,,,
scn_few-tight_seed8_P2_pl5.xlsx,few-tight,soft12,fast,,error,read_case_single_sheet() got an unexpected keyword argument 'positions',error,,,,,,,,,,,,,
scn_few-tight_seed8_P2_pl5.xlsx,few-tight,soft,fast,,error,read_case_single_sheet() got an unexpected keyword argument 'positions',error,,,,,,,,,,,,,
scn_few-tight_seed8_P2_pl5.xlsx,few-tight,medium,fast,,error,read_case_single_sheet() got an unexpected keyword argument 'positions',error,,,,,,,,,,,,,
scn_few-tight_seed8_P2_pl5.xlsx,few-tight,hard,fast,,error,read_case_single_sheet() got an unexpected keyword argument 'positions',error,,,,,,,,,,,,,
scn_few-tight_seed8_P2_pl5.xlsx,few-tight,soft12,feasible,,error,read_case_single_sheet() got an unexpected keyword argument 'positions',error,,,,,,,,,,,,,
scn_few-tight_seed8_P2_pl5.xlsx,few-tight,soft,feasible,,error,read_case_single_sheet() got an unexpected keyword argument 'positions',error,,,,,,,,,,,,,
scn_few-tight_seed8_P2_pl5.xlsx,few-tight,medium,feasible,,error,read_case_single_sheet() got an unexpected keyword argument 'positions',error,,,,,,,,,,,,,
scn_few-tight_seed8_P2_pl5.xlsx,few-tight,hard,feasible,,error,read_case_single_sheet() got an unexpected keyword argument 'positions',error,,,,,,,,,,,,,
scn_few-tight_seed9_P2_pl5.xlsx,few-tight,soft12,base,,error,read_case_single_sheet() got an unexpected keyword argument 'positions',error,,,,,,,,,,,,,
scn_few-tight_seed9_P2_pl5.xlsx,few-tight,soft,base,,error,read_case_single_sheet() got an unexpected keyword argument 'positions',error,,,,,,,,,,,,,
scn_few-tight_seed9_P2_pl5.xlsx,few-tight,medium,base,,error,read_case_single_sheet() got an unexpected keyword argument 'positions',error,,,,,,,,,,,,,
scn_few-tight_seed9_P2_pl5.xlsx,few-tight,hard,base,,error,read_case_single_sheet() got an unexpected keyword argument 'positions',error,,,,,,,,,,,,,
scn_few-tight_seed9_P2_pl5.xlsx,few-tight,soft12,fast,,error,read_case_single_sheet() got an unexpected keyword argument 'positions',error,,,,,,,,,,,,,
scn_few-tight_seed9_P2_pl5.xlsx,few-tight,soft,fast,,error,read_case_single_sheet() got an unexpected keyword argument 'positions',error,,,,,,,,,,,,,
scn_few-tight_seed9_P2_pl5.xlsx,few-tight,medium,fast,,error,read_case_single_sheet() got an unexpected keyword argument 'positions',error,,,,,,,,,,,,,
scn_few-tight_seed9_P2_pl5.xlsx,few-tight,hard,fast,,error,read_case_single_sheet() got an unexpected keyword argument 'positions',error,,,,,,,,,,,,,
scn_few-tight_seed9_P2_pl5.xlsx,few-tight,soft12,feasible,,error,read_case_single_sheet() got an unexpected keyword argument 'positions',error,,,,,,,,,,,,,
scn_few-tight_seed9_P2_pl5.xlsx,few-tight,soft,feasible,,error,read_case_single_sheet() got an unexpected keyword argument 'positions',error,,,,,,,,,,,,,
scn_few-tight_seed9_P2_pl5.xlsx,few-tight,medium,feasible,,error,read_case_single_sheet() got an unexpected keyword argument 'positions',error,,,,,,,,,,,,,
scn_few-tight_seed9_P2_pl5.xlsx,few-tight,hard,feasible,,error,read_case_single_sheet() got an unexpected keyword argument 'positions',error,,,,,,,,,,,,,
scn_heavy-tight_seed1_P4_pl30.xlsx,unknown,soft12,base,,error,read_case_single_sheet() got an unexpected keyword argument 'positions',error,,,,,,,,,,,,,
scn_heavy-tight_seed1_P4_pl30.xlsx,unknown,soft,base,,error,read_case_single_sheet() got an unexpected keyword argument 'positions',error,,,,,,,,,,,,,
scn_heavy-tight_seed1_P4_pl30.xlsx,unknown,medium,base,,error,read_case_single_sheet() got an unexpected keyword argument 'positions',error,,,,,,,,,,,,,
scn_heavy-tight_seed1_P4_pl30.xlsx,unknown,hard,base,,error,read_case_single_sheet() got an unexpected keyword argument 'positions',error,,,,,,,,,,,,,
scn_heavy-tight_seed1_P4_pl30.xlsx,unknown,soft12,fast,,error,read_case_single_sheet() got an unexpected keyword argument 'positions',error,,,,,,,,,,,,,
scn_heavy-tight_seed1_P4_pl30.xlsx,unknown,soft,fast,,error,read_case_single_sheet() got an unexpected keyword argument 'positions',error,,,,,,,,,,,,,
scn_heavy-tight_seed1_P4_pl30.xlsx,unknown,medium,fast,,error,read_case_single_sheet() got an unexpected keyword argument 'positions',error,,,,,,,,,,,,,
scn_heavy-tight_seed1_P4_pl30.xlsx,unknown,hard,fast,,error,read_case_single_sheet() got an unexpected keyword argument 'positions',error,,,,,,,,,,,,,
scn_heavy-tight_seed1_P4_pl30.xlsx,unknown,soft12,feasible,,error,read_case_single_sheet() got an unexpected keyword argument 'positions',error,,,,,,,,,,,,,
scn_heavy-tight_seed1_P4_pl30.xlsx,unknown,soft,feasible,,error,read_case_single_sheet() got an unexpected keyword argument 'positions',error,,,,,,,,,,,,,
scn_heavy-tight_seed1_P4_pl30.xlsx,unknown,medium,feasible,,error,read_case_single_sheet() got an unexpected keyword argument 'positions',error,,,,,,,,,,,,,
scn_heavy-tight_seed1_P4_pl30.xlsx,unknown,hard,feasible,,error,read_case_single_sheet() got an unexpected keyword argument 'positions',error,,,,,,,,,,,,,
scn_heavy-tight_seed2_P4_pl30.xlsx,unknown,soft12,base,,error,read_case_single_sheet() got an unexpected keyword argument 'positions',error,,,,,,,,,,,,,
scn_heavy-tight_seed2_P4_pl30.xlsx,unknown,soft,base,,error,read_case_single_sheet() got an unexpected keyword argument 'positions',error,,,,,,,,,,,,,
scn_heavy-tight_seed2_P4_pl30.xlsx,unknown,medium,base,,error,read_case_single_sheet() got an unexpected keyword argument 'positions',error,,,,,,,,,,,,,
scn_heavy-tight_seed2_P4_pl30.xlsx,unknown,hard,base,,error,read_case_single_sheet() got an unexpected keyword argument 'positions',error,,,,,,,,,,,,,
scn_heavy-tight_seed2_P4_pl30.xlsx,unknown,soft12,fast,,error,read_case_single_sheet() got an unexpected keyword argument 'positions',error,,,,,,,,,,,,,
scn_heavy-tight_seed2_P4_pl30.xlsx,unknown,soft,fast,,error,read_case_single_sheet() got an unexpected keyword argument 'positions',error,,,,,,,,,,,,,
scn_heavy-tight_seed2_P4_pl30.xlsx,unknown,medium,fast,,error,read_case_single_sheet() got an unexpected keyword argument 'positions',error,,,,,,,,,,,,,
scn_heavy-tight_seed2_P4_pl30.xlsx,unknown,hard,fast,,error,read_case_single_sheet() got an unexpected keyword argument 'positions',error,,,,,,,,,,,,,
scn_heavy-tight_seed2_P4_pl30.xlsx,unknown,soft12,feasible,,error,read_case_single_sheet() got an unexpected keyword argument 'positions',error,,,,,,,,,,,,,
scn_heavy-tight_seed2_P4_pl30.xlsx,unknown,soft,feasible,,error,read_case_single_sheet() got an unexpected keyword argument 'positions',error,,,,,,,,,,,,,
scn_heavy-tight_seed2_P4_pl30.xlsx,unknown,medium,feasible,,error,read_case_single_sheet() got an unexpected keyword argument 'positions',error,,,,,,,,,,,,,
scn_heavy-tight_seed2_P4_pl30.xlsx,unknown,hard,feasible,,error,read_case_single_sheet() got an unexpected keyword argument 'positions',error,,,,,,,,,,,,,
scn_heavy-tight_seed3_P4_pl30.xlsx,unknown,soft12,base,,error,read_case_single_sheet() got an unexpected keyword argument 'positions',error,,,,,,,,,,,,,
scn_heavy-tight_seed3_P4_pl30.xlsx,unknown,soft,base,,error,read_case_single_sheet() got an unexpected keyword argument 'positions',error,,,,,,,,,,,,,
scn_heavy-tight_seed3_P4_pl30.xlsx,unknown,medium,base,,error,read_case_single_sheet() got an unexpected keyword argument 'positions',error,,,,,,,,,,,,,
scn_heavy-tight_seed3_P4_pl30.xlsx,unknown,hard,base,,error,read_case_single_sheet() got an unexpected keyword argument 'positions',error,,,,,,,,,,,,,
scn_heavy-tight_seed3_P4_pl30.xlsx,unknown,soft12,fast,,error,read_case_single_sheet() got an unexpected keyword argument 'positions',error,,,,,,,,,,,,,
scn_heavy-tight_seed3_P4_pl30.xlsx,unknown,soft,fast,,error,read_case_single_sheet() got an unexpected keyword argument 'positions',error,,,,,,,,,,,,,
scn_heavy-tight_seed3_P4_pl30.xlsx,unknown,medium,fast,,error,read_case_single_sheet() got an unexpected keyword argument 'positions',error,,,,,,,,,,,,,
scn_heavy-tight_seed3_P4_pl30.xlsx,unknown,hard,fast,,error,read_case_single_sheet() got an unexpected keyword argument 'positions',error,,,,,,,,,,,,,
scn_heavy-tight_seed3_P4_pl30.xlsx,unknown,soft12,feasible,,error,read_case_single_sheet() got an unexpected keyword argument 'positions',error,,,,,,,,,,,,,
scn_heavy-tight_seed3_P4_pl30.xlsx,unknown,soft,feasible,,error,read_case_single_sheet() got an unexpected keyword argument 'positions',error,,,,,,,,,,,,,
scn_heavy-tight_seed3_P4_pl30.xlsx,unknown,medium,feasible,,error,read_case_single_sheet() got an unexpected keyword argument 'positions',error,,,,,,,,,,,,,
scn_heavy-tight_seed3_P4_pl30.xlsx,unknown,hard,feasible,,error,read_case_single_sheet() got an unexpected keyword argument 'positions',error,,,,,,,,,,,,,
scn_heavy-tight_seed4_P4_pl30.xlsx,unknown,soft12,base,,error,read_case_single_sheet() got an unexpected keyword argument 'positions',error,,,,,,,,,,,,,
scn_heavy-tight_seed4_P4_pl30.xlsx,unknown,soft,base,,error,read_case_single_sheet() got an unexpected keyword argument 'positions',error,,,,,,,,,,,,,
scn_heavy-tight_seed4_P4_pl30.xlsx,unknown,medium,base,,error,read_case_single_sheet() got an unexpected keyword argument 'positions',error,,,,,,,,,,,,,
scn_heavy-tight_seed4_P4_pl30.xlsx,unknown,hard,base,,error,read_case_single_sheet() got an unexpected keyword argument 'positions',error,,,,,,,,,,,,,
scn_heavy-tight_seed4_P4_pl30.xlsx,unknown,soft12,fast,,error,read_case_single_sheet() got an unexpected keyword argument 'positions',error,,,,,,,,,,,,,
scn_heavy-tight_seed4_P4_pl30.xlsx,unknown,soft,fast,,error,read_case_single_sheet() got an unexpected keyword argument 'positions',error,,,,,,,,,,,,,
scn_heavy-tight_seed4_P4_pl30.xlsx,unknown,medium,fast,,error,read_case_single_sheet() got an unexpected keyword argument 'positions',error,,,,,,,,,,,,,
scn_heavy-tight_seed4_P4_pl30.xlsx,unknown,hard,fast,,error,read_case_single_sheet() got an unexpected keyword argument 'positions',error,,,,,,,,,,,,,
scn_heavy-tight_seed4_P4_pl30.xlsx,unknown,soft12,feasible,,error,read_case_single_sheet() got an unexpected keyword argument 'positions',error,,,,,,,,,,,,,
scn_heavy-tight_seed4_P4_pl30.xlsx,unknown,soft,feasible,,error,read_case_single_sheet() got an unexpected keyword argument 'positions',error,,,,,,,,,,,,,
scn_heavy-tight_seed4_P4_pl30.xlsx,unknown,medium,feasible,,error,read_case_single_sheet() got an unexpected keyword argument 'positions',error,,,,,,,,,,,,,
scn_heavy-tight_seed4_P4_pl30.xlsx,unknown,hard,feasible,,error,read_case_single_sheet() got an unexpected keyword argument 'positions',error,,,,,,,,,,,,,
scn_heavy-tight_seed5_P4_pl30.xlsx,unknown,soft12,base,,error,read_case_single_sheet() got an unexpected keyword argument 'positions',error,,,,,,,,,,,,,
scn_heavy-tight_seed5_P4_pl30.xlsx,unknown,soft,base,,error,read_case_single_sheet() got an unexpected keyword argument 'positions',error,,,,,,,,,,,,,
scn_heavy-tight_seed5_P4_pl30.xlsx,unknown,medium,base,,error,read_case_single_sheet() got an unexpected keyword argument 'positions',error,,,,,,,,,,,,,
scn_heavy-tight_seed5_P4_pl30.xlsx,unknown,hard,base,,error,read_case_single_sheet() got an unexpected keyword argument 'positions',error,,,,,,,,,,,,,
scn_heavy-tight_seed5_P4_pl30.xlsx,unknown,soft12,fast,,error,read_case_single_sheet() got an unexpected keyword argument 'positions',error,,,,,,,,,,,,,
scn_heavy-tight_seed5_P4_pl30.xlsx,unknown,soft,fast,,error,read_case_single_sheet() got an unexpected keyword argument 'positions',error,,,,,,,,,,,,,
scn_heavy-tight_seed5_P4_pl30.xlsx,unknown,medium,fast,,error,read_case_single_sheet() got an unexpected keyword argument 'positions',error,,,,,,,,,,,,,
scn_heavy-tight_seed5_P4_pl30.xlsx,unknown,hard,fast,,error,read_case_single_sheet() got an unexpected keyword argument 'positions',error,,,,,,,,,,,,,
scn_heavy-tight_seed5_P4_pl30.xlsx,unknown,soft12,feasible,,error,read_case_single_sheet() got an unexpected keyword argument 'positions',error,,,,,,,,,,,,,
scn_heavy-tight_seed5_P4_pl30.xlsx,unknown,soft,feasible,,error,read_case_single_sheet() got an unexpected keyword argument 'positions',error,,,,,,,,,,,,,
scn_heavy-tight_seed5_P4_pl30.xlsx,unknown,medium,feasible,,error,read_case_single_sheet() got an unexpected keyword argument 'positions',error,,,,,,,,,,,,,
scn_heavy-tight_seed5_P4_pl30.xlsx,unknown,hard,feasible,,error,read_case_single_sheet() got an unexpected keyword argument 'positions',error,,,,,,,,,,,,,
scn_heavy-tight_seed6_P4_pl30.xlsx,unknown,soft12,base,,error,read_case_single_sheet() got an unexpected keyword argument 'positions',error,,,,,,,,,,,,,
scn_heavy-tight_seed6_P4_pl30.xlsx,unknown,soft,base,,error,read_case_single_sheet() got an unexpected keyword argument 'positions',error,,,,,,,,,,,,,
scn_heavy-tight_seed6_P4_pl30.xlsx,unknown,medium,base,,error,read_case_single_sheet() got an unexpected keyword argument 'positions',error,,,,,,,,,,,,,
scn_heavy-tight_seed6_P4_pl30.xlsx,unknown,hard,base,,error,read_case_single_sheet() got an unexpected keyword argument 'positions',error,,,,,,,,,,,,,
scn_heavy-tight_seed6_P4_pl30.xlsx,unknown,soft12,fast,,error,read_case_single_sheet() got an unexpected keyword argument 'positions',error,,,,,,,,,,,,,
scn_heavy-tight_seed6_P4_pl30.xlsx,unknown,soft,fast,,error,read_case_single_sheet() got an unexpected keyword argument 'positions',error,,,,,,,,,,,,,
scn_heavy-tight_seed6_P4_pl30.xlsx,unknown,medium,fast,,error,read_case_single_sheet() got an unexpected keyword argument 'positions',error,,,,,,,,,,,,,
scn_heavy-tight_seed6_P4_pl30.xlsx,unknown,hard,fast,,error,read_case_single_sheet() got an unexpected keyword argument 'positions',error,,,,,,,,,,,,,
scn_heavy-tight_seed6_P4_pl30.xlsx,unknown,soft12,feasible,,error,read_case_single_sheet() got an unexpected keyword argument 'positions',error,,,,,,,,,,,,,
scn_heavy-tight_seed6_P4_pl30.xlsx,unknown,soft,feasible,,error,read_case_single_sheet() got an unexpected keyword argument 'positions',error,,,,,,,,,,,,,
scn_heavy-tight_seed6_P4_pl30.xlsx,unknown,medium,feasible,,error,read_case_single_sheet() got an unexpected keyword argument 'positions',error,,,,,,,,,,,,,
scn_heavy-tight_seed6_P4_pl30.xlsx,unknown,hard,feasible,,error,read_case_single_sheet() got an unexpected keyword argument 'positions',error,,,,,,,,,,,,,
scn_heavy-tight_seed7_P4_pl30.xlsx,unknown,soft12,base,,error,read_case_single_sheet() got an unexpected keyword argument 'positions',error,,,,,,,,,,,,,
scn_heavy-tight_seed7_P4_pl30.xlsx,unknown,soft,base,,error,read_case_single_sheet() got an unexpected keyword argument 'positions',error,,,,,,,,,,,,,
scn_heavy-tight_seed7_P4_pl30.xlsx,unknown,medium,base,,error,read_case_single_sheet() got an unexpected keyword argument 'positions',error,,,,,,,,,,,,,
scn_heavy-tight_seed7_P4_pl30.xlsx,unknown,hard,base,,error,read_case_single_sheet() got an unexpected keyword argument 'positions',error,,,,,,,,,,,,,
scn_heavy-tight_seed7_P4_pl30.xlsx,unknown,soft12,fast,,error,read_case_single_sheet() got an unexpected keyword argument 'positions',error,,,,,,,,,,,,,
scn_heavy-tight_seed7_P4_pl30.xlsx,unknown,soft,fast,,error,read_case_single_sheet() got an unexpected keyword argument 'positions',error,,,,,,,,,,,,,
scn_heavy-tight_seed7_P4_pl30.xlsx,unknown,medium,fast,,error,read_case_single_sheet() got an unexpected keyword argument 'positions',error,,,,,,,,,,,,,
scn_heavy-tight_seed7_P4_pl30.xlsx,unknown,hard,fast,,error,read_case_single_sheet() got an unexpected keyword argument 'positions',error,,,,,,,,,,,,,
scn_heavy-tight_seed7_P4_pl30.xlsx,unknown,soft12,feasible,,error,read_case_single_sheet() got an unexpected keyword argument 'positions',error,,,,,,,,,,,,,
scn_heavy-tight_seed7_P4_pl30.xlsx,unknown,soft,feasible,,error,read_case_single_sheet() got an unexpected keyword argument 'positions',error,,,,,,,,,,,,,
scn_heavy-tight_seed7_P4_pl30.xlsx,unknown,medium,feasible,,error,read_case_single_sheet() got an unexpected keyword argument 'positions',error,,,,,,,,,,,,,
scn_heavy-tight_seed7_P4_pl30.xlsx,unknown,hard,feasible,,error,read_case_single_sheet() got an unexpected keyword argument 'positions',error,,,,,,,,,,,,,
scn_heavy-tight_seed8_P4_pl30.xlsx,unknown,soft12,base,,error,read_case_single_sheet() got an unexpected keyword argument 'positions',error,,,,,,,,,,,,,
scn_heavy-tight_seed8_P4_pl30.xlsx,unknown,soft,base,,error,read_case_single_sheet() got an unexpected keyword argument 'positions',error,,,,,,,,,,,,,
scn_heavy-tight_seed8_P4_pl30.xlsx,unknown,medium,base,,error,read_case_single_sheet() got an unexpected keyword argument 'positions',error,,,,,,,,,,,,,
scn_heavy-tight_seed8_P4_pl30.xlsx,unknown,hard,base,,error,read_case_single_sheet() got an unexpected keyword argument 'positions',error,,,,,,,,,,,,,
scn_heavy-tight_seed8_P4_pl30.xlsx,unknown,soft12,fast,,error,read_case_single_sheet() got an unexpected keyword argument 'positions',error,,,,,,,,,,,,,
scn_heavy-tight_seed8_P4_pl30.xlsx,unknown,soft,fast,,error,read_case_single_sheet() got an unexpected keyword argument 'positions',error,,,,,,,,,,,,,
scn_heavy-tight_seed8_P4_pl30.xlsx,unknown,medium,fast,,error,read_case_single_sheet() got an unexpected keyword argument 'positions',error,,,,,,,,,,,,,
scn_heavy-tight_seed8_P4_pl30.xlsx,unknown,hard,fast,,error,read_case_single_sheet() got an unexpected keyword argument 'positions',error,,,,,,,,,,,,,
scn_heavy-tight_seed8_P4_pl30.xlsx,unknown,soft12,feasible,,error,read_case_single_sheet() got an unexpected keyword argument 'positions',error,,,,,,,,,,,,,
scn_heavy-tight_seed8_P4_pl30.xlsx,unknown,soft,feasible,,error,read_case_single_sheet() got an unexpected keyword argument 'positions',error,,,,,,,,,,,,,
scn_heavy-tight_seed8_P4_pl30.xlsx,unknown,medium,feasible,,error,read_case_single_sheet() got an unexpected keyword argument 'positions',error,,,,,,,,,,,,,
scn_heavy-tight_seed8_P4_pl30.xlsx,unknown,hard,feasible,,error,read_case_single_sheet() got an unexpected keyword argument 'positions',error,,,,,,,,,,,,,
scn_many-medium_seed10_P5_pl20.xlsx,many-medium,soft12,base,,error,read_case_single_sheet() got an unexpected keyword argument 'positions',error,,,,,,,,,,,,,
scn_many-medium_seed10_P5_pl20.xlsx,many-medium,soft,base,,error,read_case_single_sheet() got an unexpected keyword argument 'positions',error,,,,,,,,,,,,,
scn_many-medium_seed10_P5_pl20.xlsx,many-medium,medium,base,,error,read_case_single_sheet() got an unexpected keyword argument 'positions',error,,,,,,,,,,,,,
scn_many-medium_seed10_P5_pl20.xlsx,many-medium,hard,base,,error,read_case_single_sheet() got an unexpected keyword argument 'positions',error,,,,,,,,,,,,,
scn_many-medium_seed10_P5_pl20.xlsx,many-medium,soft12,fast,,error,read_case_single_sheet() got an unexpected keyword argument 'positions',error,,,,,,,,,,,,,
scn_many-medium_seed10_P5_pl20.xlsx,many-medium,soft,fast,,error,read_case_single_sheet() got an unexpected keyword argument 'positions',error,,,,,,,,,,,,,
scn_many-medium_seed10_P5_pl20.xlsx,many-medium,medium,fast,,error,read_case_single_sheet() got an unexpected keyword argument 'positions',error,,,,,,,,,,,,,
scn_many-medium_seed10_P5_pl20.xlsx,many-medium,hard,fast,,error,read_case_single_sheet() got an unexpected keyword argument 'positions',error,,,,,,,,,,,,,
scn_many-medium_seed10_P5_pl20.xlsx,many-medium,soft12,feasible,,error,read_case_single_sheet() got an unexpected keyword argument 'positions',error,,,,,,,,,,,,,
scn_many-medium_seed10_P5_pl20.xlsx,many-medium,soft,feasible,,error,read_case_single_sheet() got an unexpected keyword argument 'positions',error,,,,,,,,,,,,,
scn_many-medium_seed10_P5_pl20.xlsx,many-medium,medium,feasible,,error,read_case_single_sheet() got an unexpected keyword argument 'positions',error,,,,,,,,,,,,,
scn_many-medium_seed10_P5_pl20.xlsx,many-medium,hard,feasible,,error,read_case_single_sheet() got an unexpected keyword argument 'positions',error,,,,,,,,,,,,,
scn_many-medium_seed11_P5_pl20.xlsx,many-medium,soft12,base,,error,read_case_single_sheet() got an unexpected keyword argument 'positions',error,,,,,,,,,,,,,
scn_many-medium_seed11_P5_pl20.xlsx,many-medium,soft,base,,error,read_case_single_sheet() got an unexpected keyword argument 'positions',error,,,,,,,,,,,,,
scn_many-medium_seed11_P5_pl20.xlsx,many-medium,medium,base,,error,read_case_single_sheet() got an unexpected keyword argument 'positions',error,,,,,,,,,,,,,
scn_many-medium_seed11_P5_pl20.xlsx,many-medium,hard,base,,error,read_case_single_sheet() got an unexpected keyword argument 'positions',error,,,,,,,,,,,,,
scn_many-medium_seed11_P5_pl20.xlsx,many-medium,soft12,fast,,error,read_case_single_sheet() got an unexpected keyword argument 'positions',error,,,,,,,,,,,,,
scn_many-medium_seed11_P5_pl20.xlsx,many-medium,soft,fast,,error,read_case_single_sheet() got an unexpected keyword argument 'positions',error,,,,,,,,,,,,,
scn_many-medium_seed11_P5_pl20.xlsx,many-medium,medium,fast,,error,read_case_single_sheet() got an unexpected keyword argument 'positions',error,,,,,,,,,,,,,
scn_many-medium_seed11_P5_pl20.xlsx,many-medium,hard,fast,,error,read_case_single_sheet() got an unexpected keyword argument 'positions',error,,,,,,,,,,,,,
scn_many-medium_seed11_P5_pl20.xlsx,many-medium,soft12,feasible,,error,read_case_single_sheet() got an unexpected keyword argument 'positions',error,,,,,,,,,,,,,
scn_many-medium_seed11_P5_pl20.xlsx,many-medium,soft,feasible,,error,read_case_single_sheet() got an unexpected keyword argument 'positions',error,,,,,,,,,,,,,
scn_many-medium_seed11_P5_pl20.xlsx,many-medium,medium,feasible,,error,read_case_single_sheet() got an unexpected keyword argument 'positions',error,,,,,,,,,,,,,
scn_many-medium_seed11_P5_pl20.xlsx,many-medium,hard,feasible,,error,read_case_single_sheet() got an unexpected keyword argument 'positions',error,,,,,,,,,,,,,
scn_many-medium_seed12_P5_pl20.xlsx,many-medium,soft12,base,,error,read_case_single_sheet() got an unexpected keyword argument 'positions',error,,,,,,,,,,,,,
scn_many-medium_seed12_P5_pl20.xlsx,many-medium,soft,base,,error,read_case_single_sheet() got an unexpected keyword argument 'positions',error,,,,,,,,,,,,,
scn_many-medium_seed12_P5_pl20.xlsx,many-medium,medium,base,,error,read_case_single_sheet() got an unexpected keyword argument 'positions',error,,,,,,,,,,,,,
scn_many-medium_seed12_P5_pl20.xlsx,many-medium,hard,base,,error,read_case_single_sheet() got an unexpected keyword argument 'positions',error,,,,,,,,,,,,,
scn_many-medium_seed12_P5_pl20.xlsx,many-medium,soft12,fast,,error,read_case_single_sheet() got an unexpected keyword argument 'positions',error,,,,,,,,,,,,,
scn_many-medium_seed12_P5_pl20.xlsx,many-medium,soft,fast,,error,read_case_single_sheet() got an unexpected keyword argument 'positions',error,,,,,,,,,,,,,
scn_many-medium_seed12_P5_pl20.xlsx,many-medium,medium,fast,,error,read_case_single_sheet() got an unexpected keyword argument 'positions',error,,,,,,,,,,,,,
scn_many-medium_seed12_P5_pl20.xlsx,many-medium,hard,fast,,error,read_case_single_sheet() got an unexpected keyword argument 'positions',error,,,,,,,,,,,,,
scn_many-medium_seed12_P5_pl20.xlsx,many-medium,soft12,feasible,,error,read_case_single_sheet() got an unexpected keyword argument 'positions',error,,,,,,,,,,,,,
scn_many-medium_seed12_P5_pl20.xlsx,many-medium,soft,feasible,,error,read_case_single_sheet() got an unexpected keyword argument 'positions',error,,,,,,,,,,,,,
scn_many-medium_seed12_P5_pl20.xlsx,many-medium,medium,feasible,,error,read_case_single_sheet() got an unexpected keyword argument 'positions',error,,,,,,,,,,,,,
scn_many-medium_seed12_P5_pl20.xlsx,many-medium,hard,feasible,,error,read_case_single_sheet() got an unexpected keyword argument 'positions',error,,,,,,,,,,,,,
scn_many-medium_seed1_P5_pl20.xlsx,many-medium,soft12,base,,error,read_case_single_sheet() got an unexpected keyword argument 'positions',error,,,,,,,,,,,,,
scn_many-medium_seed1_P5_pl20.xlsx,many-medium,soft,base,,error,read_case_single_sheet() got an unexpected keyword argument 'positions',error,,,,,,,,,,,,,
scn_many-medium_seed1_P5_pl20.xlsx,many-medium,medium,base,,error,read_case_single_sheet() got an unexpected keyword argument 'positions',error,,,,,,,,,,,,,
scn_many-medium_seed1_P5_pl20.xlsx,many-medium,hard,base,,error,read_case_single_sheet() got an unexpected keyword argument 'positions',error,,,,,,,,,,,,,
scn_many-medium_seed1_P5_pl20.xlsx,many-medium,soft12,fast,,error,read_case_single_sheet() got an unexpected keyword argument 'positions',error,,,,,,,,,,,,,
scn_many-medium_seed1_P5_pl20.xlsx,many-medium,soft,fast,,error,read_case_single_sheet() got an unexpected keyword argument 'positions',error,,,,,,,,,,,,,
scn_many-medium_seed1_P5_pl20.xlsx,many-medium,medium,fast,,error,read_case_single_sheet() got an unexpected keyword argument 'positions',error,,,,,,,,,,,,,
scn_many-medium_seed1_P5_pl20.xlsx,many-medium,hard,fast,,error,read_case_single_sheet() got an unexpected keyword argument 'positions',error,,,,,,,,,,,,,
scn_many-medium_seed1_P5_pl20.xlsx,many-medium,soft12,feasible,,error,read_case_single_sheet() got an unexpected keyword argument 'positions',error,,,,,,,,,,,,,
scn_many-medium_seed1_P5_pl20.xlsx,many-medium,soft,feasible,,error,read_case_single_sheet() got an unexpected keyword argument 'positions',error,,,,,,,,,,,,,
scn_many-medium_seed1_P5_pl20.xlsx,many-medium,medium,feasible,,error,read_case_single_sheet() got an unexpected keyword argument 'positions',error,,,,,,,,,,,,,
scn_many-medium_seed1_P5_pl20.xlsx,many-medium,hard,feasible,,error,read_case_single_sheet() got an unexpected keyword argument 'positions',error,,,,,,,,,,,,,
scn_many-medium_seed2_P5_pl20.xlsx,many-medium,soft12,base,,error,read_case_single_sheet() got an unexpected keyword argument 'positions',error,,,,,,,,,,,,,
scn_many-medium_seed2_P5_pl20.xlsx,many-medium,soft,base,,error,read_case_single_sheet() got an unexpected keyword argument 'positions',error,,,,,,,,,,,,,
scn_many-medium_seed2_P5_pl20.xlsx,many-medium,medium,base,,error,read_case_single_sheet() got an unexpected keyword argument 'positions',error,,,,,,,,,,,,,
scn_many-medium_seed2_P5_pl20.xlsx,many-medium,hard,base,,error,read_case_single_sheet() got an unexpected keyword argument 'positions',error,,,,,,,,,,,,,
scn_many-medium_seed2_P5_pl20.xlsx,many-medium,soft12,fast,,error,read_case_single_sheet() got an unexpected keyword argument 'positions',error,,,,,,,,,,,,,
scn_many-medium_seed2_P5_pl20.xlsx,many-medium,soft,fast,,error,read_case_single_sheet() got an unexpected keyword argument 'positions',error,,,,,,,,,,,,,
scn_many-medium_seed2_P5_pl20.xlsx,many-medium,medium,fast,,error,read_case_single_sheet() got an unexpected keyword argument 'positions',error,,,,,,,,,,,,,
scn_many-medium_seed2_P5_pl20.xlsx,many-medium,hard,fast,,error,read_case_single_sheet() got an unexpected keyword argument 'positions',error,,,,,,,,,,,,,
scn_many-medium_seed2_P5_pl20.xlsx,many-medium,soft12,feasible,,error,read_case_single_sheet() got an unexpected keyword argument 'positions',error,,,,,,,,,,,,,
scn_many-medium_seed2_P5_pl20.xlsx,many-medium,soft,feasible,,error,read_case_single_sheet() got an unexpected keyword argument 'positions',error,,,,,,,,,,,,,
scn_many-medium_seed2_P5_pl20.xlsx,many-medium,medium,feasible,,error,read_case_single_sheet() got an unexpected keyword argument 'positions',error,,,,,,,,,,,,,
scn_many-medium_seed2_P5_pl20.xlsx,many-medium,hard,feasible,,error,read_case_single_sheet() got an unexpected keyword argument 'positions',error,,,,,,,,,,,,,
scn_many-medium_seed3_P5_pl20.xlsx,many-medium,soft12,base,,error,read_case_single_sheet() got an unexpected keyword argument 'positions',error,,,,,,,,,,,,,
scn_many-medium_seed3_P5_pl20.xlsx,many-medium,soft,base,,error,read_case_single_sheet() got an unexpected keyword argument 'positions',error,,,,,,,,,,,,,
scn_many-medium_seed3_P5_pl20.xlsx,many-medium,medium,base,,error,read_case_single_sheet() got an unexpected keyword argument 'positions',error,,,,,,,,,,,,,
scn_many-medium_seed3_P5_pl20.xlsx,many-medium,hard,base,,error,read_case_single_sheet() got an unexpected keyword argument 'positions',error,,,,,,,,,,,,,
scn_many-medium_seed3_P5_pl20.xlsx,many-medium,soft12,fast,,error,read_case_single_sheet() got an unexpected keyword argument 'positions',error,,,,,,,,,,,,,
scn_many-medium_seed3_P5_pl20.xlsx,many-medium,soft,fast,,error,read_case_single_sheet() got an unexpected keyword argument 'positions',error,,,,,,,,,,,,,
scn_many-medium_seed3_P5_pl20.xlsx,many-medium,medium,fast,,error,read_case_single_sheet() got an unexpected keyword argument 'positions',error,,,,,,,,,,,,,
scn_many-medium_seed3_P5_pl20.xlsx,many-medium,hard,fast,,error,read_case_single_sheet() got an unexpected keyword argument 'positions',error,,,,,,,,,,,,,
scn_many-medium_seed3_P5_pl20.xlsx,many-medium,soft12,feasible,,error,read_case_single_sheet() got an unexpected keyword argument 'positions',error,,,,,,,,,,,,,
scn_many-medium_seed3_P5_pl20.xlsx,many-medium,soft,feasible,,error,read_case_single_sheet() got an unexpected keyword argument 'positions',error,,,,,,,,,,,,,
scn_many-medium_seed3_P5_pl20.xlsx,many-medium,medium,feasible,,error,read_case_single_sheet() got an unexpected keyword argument 'positions',error,,,,,,,,,,,,,
scn_many-medium_seed3_P5_pl20.xlsx,many-medium,hard,feasible,,error,read_case_single_sheet() got an unexpected keyword argument 'positions',error,,,,,,,,,,,,,
scn_many-medium_seed4_P5_pl20.xlsx,many-medium,soft12,base,,error,read_case_single_sheet() got an unexpected keyword argument 'positions',error,,,,,,,,,,,,,
scn_many-medium_seed4_P5_pl20.xlsx,many-medium,soft,base,,error,read_case_single_sheet() got an unexpected keyword argument 'positions',error,,,,,,,,,,,,,
scn_many-medium_seed4_P5_pl20.xlsx,many-medium,medium,base,,error,read_case_single_sheet() got an unexpected keyword argument 'positions',error,,,,,,,,,,,,,
scn_many-medium_seed4_P5_pl20.xlsx,many-medium,hard,base,,error,read_case_single_sheet() got an unexpected keyword argument 'positions',error,,,,,,,,,,,,,
scn_many-medium_seed4_P5_pl20.xlsx,many-medium,soft12,fast,,error,read_case_single_sheet() got an unexpected keyword argument 'positions',error,,,,,,,,,,,,,
scn_many-medium_seed4_P5_pl20.xlsx,many-medium,soft,fast,,error,read_case_single_sheet() got an unexpected keyword argument 'positions',error,,,,,,,,,,,,,
scn_many-medium_seed4_P5_pl20.xlsx,many-medium,medium,fast,,error,read_case_single_sheet() got an unexpected keyword argument 'positions',error,,,,,,,,,,,,,
scn_many-medium_seed4_P5_pl20.xlsx,many-medium,hard,fast,,error,read_case_single_sheet() got an unexpected keyword argument 'positions',error,,,,,,,,,,,,,
scn_many-medium_seed4_P5_pl20.xlsx,many-medium,soft12,feasible,,error,read_case_single_sheet() got an unexpected keyword argument 'positions',error,,,,,,,,,,,,,
scn_many-medium_seed4_P5_pl20.xlsx,many-medium,soft,feasible,,error,read_case_single_sheet() got an unexpected keyword argument 'positions',error,,,,,,,,,,,,,
scn_many-medium_seed4_P5_pl20.xlsx,many-medium,medium,feasible,,error,read_case_single_sheet() got an unexpected keyword argument 'positions',error,,,,,,,,,,,,,
scn_many-medium_seed4_P5_pl20.xlsx,many-medium,hard,feasible,,error,read_case_single_sheet() got an unexpected keyword argument 'positions',error,,,,,,,,,,,,,
scn_many-medium_seed5_P5_pl20.xlsx,many-medium,soft12,base,,error,read_case_single_sheet() got an unexpected keyword argument 'positions',error,,,,,,,,,,,,,
scn_many-medium_seed5_P5_pl20.xlsx,many-medium,soft,base,,error,read_case_single_sheet() got an unexpected keyword argument 'positions',error,,,,,,,,,,,,,
scn_many-medium_seed5_P5_pl20.xlsx,many-medium,medium,base,,error,read_case_single_sheet() got an unexpected keyword argument 'positions',error,,,,,,,,,,,,,
scn_many-medium_seed5_P5_pl20.xlsx,many-medium,hard,base,,error,read_case_single_sheet() got an unexpected keyword argument 'positions',error,,,,,,,,,,,,,
scn_many-medium_seed5_P5_pl20.xlsx,many-medium,soft12,fast,,error,read_case_single_sheet() got an unexpected keyword argument 'positions',error,,,,,,,,,,,,,
scn_many-medium_seed5_P5_pl20.xlsx,many-medium,soft,fast,,error,read_case_single_sheet() got an unexpected keyword argument 'positions',error,,,,,,,,,,,,,
scn_many-medium_seed5_P5_pl20.xlsx,many-medium,medium,fast,,error,read_case_single_sheet() got an unexpected keyword argument 'positions',error,,,,,,,,,,,,,
scn_many-medium_seed5_P5_pl20.xlsx,many-medium,hard,fast,,error,read_case_single_sheet() got an unexpected keyword argument 'positions',error,,,,,,,,,,,,,
scn_many-medium_seed5_P5_pl20.xlsx,many-medium,soft12,feasible,,error,read_case_single_sheet() got an unexpected keyword argument 'positions',error,,,,,,,,,,,,,
scn_many-medium_seed5_P5_pl20.xlsx,many-medium,soft,feasible,,error,read_case_single_sheet() got an unexpected keyword argument 'positions',error,,,,,,,,,,,,,
scn_many-medium_seed5_P5_pl20.xlsx,many-medium,medium,feasible,,error,read_case_single_sheet() got an unexpected keyword argument 'positions',error,,,,,,,,,,,,,
scn_many-medium_seed5_P5_pl20.xlsx,many-medium,hard,feasible,,error,read_case_single_sheet() got an unexpected keyword argument 'positions',error,,,,,,,,,,,,,
scn_many-medium_seed6_P5_pl20.xlsx,many-medium,soft12,base,,error,read_case_single_sheet() got an unexpected keyword argument 'positions',error,,,,,,,,,,,,,
scn_many-medium_seed6_P5_pl20.xlsx,many-medium,soft,base,,error,read_case_single_sheet() got an unexpected keyword argument 'positions',error,,,,,,,,,,,,,
scn_many-medium_seed6_P5_pl20.xlsx,many-medium,medium,base,,error,read_case_single_sheet() got an unexpected keyword argument 'positions',error,,,,,,,,,,,,,
scn_many-medium_seed6_P5_pl20.xlsx,many-medium,hard,base,,error,read_case_single_sheet() got an unexpected keyword argument 'positions',error,,,,,,,,,,,,,
scn_many-medium_seed6_P5_pl20.xlsx,many-medium,soft12,fast,,error,read_case_single_sheet() got an unexpected keyword argument 'positions',error,,,,,,,,,,,,,
scn_many-medium_seed6_P5_pl20.xlsx,many-medium,soft,fast,,error,read_case_single_sheet() got an unexpected keyword argument 'positions',error,,,,,,,,,,,,,
scn_many-medium_seed6_P5_pl20.xlsx,many-medium,medium,fast,,error,read_case_single_sheet() got an unexpected keyword argument 'positions',error,,,,,,,,,,,,,
scn_many-medium_seed6_P5_pl20.xlsx,many-medium,hard,fast,,error,read_case_single_sheet() got an unexpected keyword argument 'positions',error,,,,,,,,,,,,,
scn_many-medium_seed6_P5_pl20.xlsx,many-medium,soft12,feasible,,error,read_case_single_sheet() got an unexpected keyword argument 'positions',error,,,,,,,,,,,,,
scn_many-medium_seed6_P5_pl20.xlsx,many-medium,soft,feasible,,error,read_case_single_sheet() got an unexpected keyword argument 'positions',error,,,,,,,,,,,,,
scn_many-medium_seed6_P5_pl20.xlsx,many-medium,medium,feasible,,error,read_case_single_sheet() got an unexpected keyword argument 'positions',error,,,,,,,,,,,,,
scn_many-medium_seed6_P5_pl20.xlsx,many-medium,hard,feasible,,error,read_case_single_sheet() got an unexpected keyword argument 'positions',error,,,,,,,,,,,,,
scn_many-medium_seed7_P5_pl20.xlsx,many-medium,soft12,base,,error,read_case_single_sheet() got an unexpected keyword argument 'positions',error,,,,,,,,,,,,,
scn_many-medium_seed7_P5_pl20.xlsx,many-medium,soft,base,,error,read_case_single_sheet() got an unexpected keyword argument 'positions',error,,,,,,,,,,,,,
scn_many-medium_seed7_P5_pl20.xlsx,many-medium,medium,base,,error,read_case_single_sheet() got an unexpected keyword argument 'positions',error,,,,,,,,,,,,,
scn_many-medium_seed7_P5_pl20.xlsx,many-medium,hard,base,,error,read_case_single_sheet() got an unexpected keyword argument 'positions',error,,,,,,,,,,,,,
scn_many-medium_seed7_P5_pl20.xlsx,many-medium,soft12,fast,,error,read_case_single_sheet() got an unexpected keyword argument 'positions',error,,,,,,,,,,,,,
scn_many-medium_seed7_P5_pl20.xlsx,many-medium,soft,fast,,error,read_case_single_sheet() got an unexpected keyword argument 'positions',error,,,,,,,,,,,,,
scn_many-medium_seed7_P5_pl20.xlsx,many-medium,medium,fast,,error,read_case_single_sheet() got an unexpected keyword argument 'positions',error,,,,,,,,,,,,,
scn_many-medium_seed7_P5_pl20.xlsx,many-medium,hard,fast,,error,read_case_single_sheet() got an unexpected keyword argument 'positions',error,,,,,,,,,,,,,
scn_many-medium_seed7_P5_pl20.xlsx,many-medium,soft12,feasible,,error,read_case_single_sheet() got an unexpected keyword argument 'positions',error,,,,,,,,,,,,,
scn_many-medium_seed7_P5_pl20.xlsx,many-medium,soft,feasible,,error,read_case_single_sheet() got an unexpected keyword argument 'positions',error,,,,,,,,,,,,,
scn_many-medium_seed7_P5_pl20.xlsx,many-medium,medium,feasible,,error,read_case_single_sheet() got an unexpected keyword argument 'positions',error,,,,,,,,,,,,,
scn_many-medium_seed7_P5_pl20.xlsx,many-medium,hard,feasible,,error,read_case_single_sheet() got an unexpected keyword argument 'positions',error,,,,,,,,,,,,,
scn_many-medium_seed8_P5_pl20.xlsx,many-medium,soft12,base,,error,read_case_single_sheet() got an unexpected keyword argument 'positions',error,,,,,,,,,,,,,
scn_many-medium_seed8_P5_pl20.xlsx,many-medium,soft,base,,error,read_case_single_sheet() got an unexpected keyword argument 'positions',error,,,,,,,,,,,,,
scn_many-medium_seed8_P5_pl20.xlsx,many-medium,medium,base,,error,read_case_single_sheet() got an unexpected keyword argument 'positions',error,,,,,,,,,,,,,
scn_many-medium_seed8_P5_pl20.xlsx,many-medium,hard,base,,error,read_case_single_sheet() got an unexpected keyword argument 'positions',error,,,,,,,,,,,,,
scn_many-medium_seed8_P5_pl20.xlsx,many-medium,soft12,fast,,error,read_case_single_sheet() got an unexpected keyword argument 'positions',error,,,,,,,,,,,,,
scn_many-medium_seed8_P5_pl20.xlsx,many-medium,soft,fast,,error,read_case_single_sheet() got an unexpected keyword argument 'positions',error,,,,,,,,,,,,,
scn_many-medium_seed8_P5_pl20.xlsx,many-medium,medium,fast,,error,read_case_single_sheet() got an unexpected keyword argument 'positions',error,,,,,,,,,,,,,
scn_many-medium_seed8_P5_pl20.xlsx,many-medium,hard,fast,,error,read_case_single_sheet() got an unexpected keyword argument 'positions',error,,,,,,,,,,,,,
scn_many-medium_seed8_P5_pl20.xlsx,many-medium,soft12,feasible,,error,read_case_single_sheet() got an unexpected keyword argument 'positions',error,,,,,,,,,,,,,
scn_many-medium_seed8_P5_pl20.xlsx,many-medium,soft,feasible,,error,read_case_single_sheet() got an unexpected keyword argument 'positions',error,,,,,,,,,,,,,
scn_many-medium_seed8_P5_pl20.xlsx,many-medium,medium,feasible,,error,read_case_single_sheet() got an unexpected keyword argument 'positions',error,,,,,,,,,,,,,
scn_many-medium_seed8_P5_pl20.xlsx,many-medium,hard,feasible,,error,read_case_single_sheet() got an unexpected keyword argument 'positions',error,,,,,,,,,,,,,
scn_many-medium_seed9_P5_pl20.xlsx,many-medium,soft12,base,,error,read_case_single_sheet() got an unexpected keyword argument 'positions',error,,,,,,,,,,,,,
scn_many-medium_seed9_P5_pl20.xlsx,many-medium,soft,base,,error,read_case_single_sheet() got an unexpected keyword argument 'positions',error,,,,,,,,,,,,,
scn_many-medium_seed9_P5_pl20.xlsx,many-medium,medium,base,,error,read_case_single_sheet() got an unexpected keyword argument 'positions',error,,,,,,,,,,,,,
scn_many-medium_seed9_P5_pl20.xlsx,many-medium,hard,base,,error,read_case_single_sheet() got an unexpected keyword argument 'positions',error,,,,,,,,,,,,,
scn_many-medium_seed9_P5_pl20.xlsx,many-medium,soft12,fast,,error,read_case_single_sheet() got an unexpected keyword argument 'positions',error,,,,,,,,,,,,,
scn_many-medium_seed9_P5_pl20.xlsx,many-medium,soft,fast,,error,read_case_single_sheet() got an unexpected keyword argument 'positions',error,,,,,,,,,,,,,
scn_many-medium_seed9_P5_pl20.xlsx,many-medium,medium,fast,,error,read_case_single_sheet() got an unexpected keyword argument 'positions',error,,,,,,,,,,,,,
scn_many-medium_seed9_P5_pl20.xlsx,many-medium,hard,fast,,error,read_case_single_sheet() got an unexpected keyword argument 'positions',error,,,,,,,,,,,,,
scn_many-medium_seed9_P5_pl20.xlsx,many-medium,soft12,feasible,,error,read_case_single_sheet() got an unexpected keyword argument 'positions',error,,,,,,,,,,,,,
scn_many-medium_seed9_P5_pl20.xlsx,many-medium,soft,feasible,,error,read_case_single_sheet() got an unexpected keyword argument 'positions',error,,,,,,,,,,,,,
scn_many-medium_seed9_P5_pl20.xlsx,many-medium,medium,feasible,,error,read_case_single_sheet() got an unexpected keyword argument 'positions',error,,,,,,,,,,,,,
scn_many-medium_seed9_P5_pl20.xlsx,many-medium,hard,feasible,,error,read_case_single_sheet() got an unexpected keyword argument 'positions',error,,,,,,,,,,,,,
