scenario;mode;preset;status;termination;solve_time_s;mipgap;best_bound;objective;Tmax;client_delay_sum;viol_C_sum;client_switches;positions_slack_used;switches_slot_sum;presence_sum;idle_sum;n_jobs;n_planes;n_clients;n_positions;H
scn_custom_many_tight_pl10.xlsx;soft12;base;ok;optimal;1.803;;889.563;889.563;69.563;0.0;0.0;;;0.0;0.0;820.0;25;10;6;5;71.587
scn_custom_many_tight_pl10.xlsx;soft12;fast;ok;optimal;2.208;;889.563;889.563;69.563;0.0;0.0;;;0.0;0.0;820.0;25;10;6;5;71.587
scn_custom_many_tight_pl10.xlsx;soft12;feasible;ok;optimal;2.423;;889.563;889.563;69.563;0.0;0.0;;;0.0;0.0;820.0;25;10;6;5;71.587
scn_custom_many_tight_pl10.xlsx;soft;base;ok;optimal;1.733;;889.563;889.563;69.563;0.0;0.0;;;0.0;0.0;820.0;25;10;6;5;71.587
scn_custom_many_tight_pl10.xlsx;soft;fast;ok;optimal;2.057;;889.563;889.563;69.563;0.0;0.0;;;0.0;0.0;820.0;25;10;6;5;71.587
scn_custom_many_tight_pl10.xlsx;soft;feasible;ok;optimal;2.244;;889.563;889.563;69.563;0.0;0.0;;;0.0;0.0;820.0;25;10;6;5;71.587
scn_custom_many_tight_pl10.xlsx;medium;base;ok;optimal;5.319;;12.000.889.563.000.000;12.000.889.563.000.000;69.563;0.0;0.0;12.0;;0.0;0.0;820.0;25;10;6;5;71.587
scn_custom_many_tight_pl10.xlsx;medium;fast;ok;optimal;6.26;;12.000.889.563.000.000;12.000.889.563.000.000;69.563;0.0;0.0;12.0;;0.0;0.0;820.0;25;10;6;5;71.587
scn_custom_many_tight_pl10.xlsx;medium;feasible;ok;optimal;10.955;;12.000.889.563.000.000;12.000.889.563.000.000;69.563;0.0;0.0;12.0;;0.0;0.0;820.0;25;10;6;5;71.587
scn_custom_many_tight_pl10.xlsx;hard;base;warning;infeasible;3.538;;inf;inf;0.0;0.0;0.0;0.0;0.0;0.0;0.0;0.0;25;10;6;5;71.587
scn_custom_many_tight_pl10.xlsx;hard;fast;warning;infeasible;5.304;;inf;inf;0.0;0.0;0.0;0.0;0.0;0.0;0.0;0.0;25;10;6;5;71.587
scn_custom_many_tight_pl10.xlsx;hard;feasible;warning;infeasible;5.842;;inf;inf;0.0;0.0;0.0;0.0;0.0;0.0;0.0;0.0;25;10;6;5;71.587
scn_custom_many_tight_pl12.xlsx;soft12;base;ok;optimal;1.688;;1.014.914;1.014.914;66.914;0.0;0.0;;;0.0;948.0;0.0;24;12;6;5;68.841
scn_custom_many_tight_pl12.xlsx;soft12;fast;ok;optimal;1.971;;1.014.914;1.014.914;66.914;0.0;0.0;;;0.0;0.0;948.0;24;12;6;5;68.841
scn_custom_many_tight_pl12.xlsx;soft12;feasible;ok;optimal;2.224;;1.014.914;1.014.914;66.914;0.0;0.0;;;0.0;0.0;948.0;24;12;6;5;68.841
scn_custom_many_tight_pl12.xlsx;soft;base;ok;optimal;1.709;;1.014.914;1.014.914;66.914;0.0;0.0;;;0.0;948.0;0.0;24;12;6;5;68.841
scn_custom_many_tight_pl12.xlsx;soft;fast;ok;optimal;2.051;;1.014.914;1.014.914;66.914;0.0;0.0;;;0.0;0.0;948.0;24;12;6;5;68.841
scn_custom_many_tight_pl12.xlsx;soft;feasible;ok;optimal;2.591;;1.014.914;1.014.914;66.914;0.0;0.0;;;0.0;0.0;948.0;24;12;6;5;68.841
scn_custom_many_tight_pl12.xlsx;medium;base;ok;optimal;5.332;;7.001.014.914;7.001.014.914;66.914;0.0;0.0;7.0;;0.0;0.0;948.0;24;12;6;5;68.841
scn_custom_many_tight_pl12.xlsx;medium;fast;ok;optimal;5.526;;7.001.014.914;7.001.014.914;66.914;0.0;0.0;7.0;;0.0;0.0;948.0;24;12;6;5;68.841
scn_custom_many_tight_pl12.xlsx;medium;feasible;ok;optimal;7.979;;7.001.013.634.557.160;7.001.013.634.557.160;66.914;0.0;0.0;6.999.998.720.557.160;;0.0;0.0;948.0;24;12;6;5;68.841
scn_custom_many_tight_pl12.xlsx;hard;base;ok;optimal;3.148;;87.001.014.914;87.001.014.914;66.914;0.0;0.0;7.0;4.0;0.0;0.0;948.0;24;12;6;5;68.841
scn_custom_many_tight_pl12.xlsx;hard;fast;ok;optimal;3.597;;87.001.014.914;87.001.014.914;66.914;0.0;0.0;7.0;4.0;0.0;0.0;948.0;24;12;6;5;68.841
scn_custom_many_tight_pl12.xlsx;hard;feasible;ok;optimal;5.483;;87.001.014.914;87.001.014.914;66.914;0.0;0.0;7.0;4.0;0.0;0.0;948.0;24;12;6;5;68.841
scn_custom_many_tight_pl14.xlsx;soft12;base;ok;optimal;2.081;;1.247.638;1.247.638;71.638;0.0;0.0;;;0.0;0.0;1176.0;25;14;6;5;73.891
scn_custom_many_tight_pl14.xlsx;soft12;fast;ok;optimal;2.592;;1.247.638;1.247.638;71.638;0.0;0.0;;;0.0;0.0;1176.0;25;14;6;5;73.891
scn_custom_many_tight_pl14.xlsx;soft12;feasible;ok;optimal;2.646;;1.247.638;1.247.638;71.638;0.0;0.0;;;0.0;0.0;1176.0;25;14;6;5;73.891
scn_custom_many_tight_pl14.xlsx;soft;base;ok;optimal;2.166;;1.247.638;1.247.638;71.638;0.0;0.0;;;0.0;0.0;1176.0;25;14;6;5;73.891
scn_custom_many_tight_pl14.xlsx;soft;fast;ok;optimal;3.271;;1.247.638;1.247.638;71.638;0.0;0.0;;;0.0;0.0;1176.0;25;14;6;5;73.891
scn_custom_many_tight_pl14.xlsx;soft;feasible;ok;optimal;3.227;;1.247.638;1.247.638;71.638;0.0;0.0;;;0.0;0.0;1176.0;25;14;6;5;73.891
scn_custom_many_tight_pl14.xlsx;medium;base;ok;optimal;4.071;;13.001.247.638;13.001.247.638;71.638;0.0;0.0;13.0;;0.0;0.0;1176.0;25;14;6;5;73.891
scn_custom_many_tight_pl14.xlsx;medium;fast;ok;optimal;6.118;;13.001.247.638;13.001.247.638;71.638;0.0;0.0;13.0;;0.0;0.0;1176.0;25;14;6;5;73.891
scn_custom_many_tight_pl14.xlsx;medium;feasible;ok;optimal;7.228;;13.001.247.638;13.001.247.638;71.638;0.0;0.0;13.0;;0.0;0.0;1176.0;25;14;6;5;73.891
scn_custom_many_tight_pl14.xlsx;hard;base;warning;infeasible;3.564;;inf;inf;0.0;0.0;0.0;0.0;0.0;0.0;0.0;0.0;25;14;6;5;73.891
scn_custom_many_tight_pl14.xlsx;hard;fast;warning;infeasible;3.881;;inf;inf;0.0;0.0;0.0;0.0;0.0;0.0;0.0;0.0;25;14;6;5;73.891
scn_custom_many_tight_pl14.xlsx;hard;feasible;warning;infeasible;3.665;;inf;inf;0.0;0.0;0.0;0.0;0.0;0.0;0.0;0.0;25;14;6;5;73.891
scn_custom_many_tight_pl16.xlsx;soft12;base;ok;optimal;4.61;;18.401.599.999.999.900;18.401.599.999.999.900;96.16;0.0;0.0;;;0.0;0.0;1744.0;33;16;6;5;98.223
scn_custom_many_tight_pl16.xlsx;soft12;fast;ok;optimal;3.855;;18.401.599.999.999.900;18.401.599.999.999.900;96.16;0.0;0.0;;;0.0;0.0;1744.0;33;16;6;5;98.223
scn_custom_many_tight_pl16.xlsx;soft12;feasible;ok;optimal;4.9;;18.401.599.999.999.900;18.401.599.999.999.900;96.16;0.0;0.0;;;0.0;0.0;1744.0;33;16;6;5;98.223
scn_custom_many_tight_pl16.xlsx;soft;base;ok;optimal;3.807;;18.401.599.999.999.900;18.401.599.999.999.900;96.16;0.0;0.0;;;0.0;0.0;1744.0;33;16;6;5;98.223
scn_custom_many_tight_pl16.xlsx;soft;fast;ok;optimal;3.649;;18.401.599.999.999.900;18.401.599.999.999.900;96.16;0.0;0.0;;;0.0;0.0;1744.0;33;16;6;5;98.223
scn_custom_many_tight_pl16.xlsx;soft;feasible;ok;optimal;3.633;;18.401.599.999.999.900;18.401.599.999.999.900;96.16;0.0;0.0;;;0.0;0.0;1744.0;33;16;6;5;98.223
scn_custom_many_tight_pl16.xlsx;medium;base;ok;optimal;18.361;;21001840.16;21001840.16;96.16;0.0;0.0;21.0;;0.0;0.0;1744.0;33;16;6;5;98.223
scn_custom_many_tight_pl16.xlsx;medium;fast;ok;optimal;14.338;;21001840.16;21001840.16;96.16;0.0;0.0;21.0;;0.0;0.0;1744.0;33;16;6;5;98.223
scn_custom_many_tight_pl16.xlsx;medium;feasible;ok;optimal;21.835;;21001840.16;21001840.16;96.16;0.0;0.0;21.0;;0.0;0.0;1744.0;33;16;6;5;98.223
scn_custom_many_tight_pl16.xlsx;hard;base;warning;infeasible;4.71;;inf;inf;0.0;0.0;0.0;0.0;0.0;0.0;0.0;0.0;33;16;6;5;98.223
scn_custom_many_tight_pl16.xlsx;hard;fast;warning;infeasible;5.25;;inf;inf;0.0;0.0;0.0;0.0;0.0;0.0;0.0;0.0;33;16;6;5;98.223
scn_custom_many_tight_pl16.xlsx;hard;feasible;warning;infeasible;4.873;;inf;inf;0.0;0.0;0.0;0.0;0.0;0.0;0.0;0.0;33;16;6;5;98.223
scn_custom_many_tight_pl18.xlsx;soft12;base;ok;optimal;4.644;;2.513.209;2.513.209;119.209;0.0;0.0;;;0.0;0.0;2394.0;41;18;6;5;122.524
scn_custom_many_tight_pl18.xlsx;soft12;fast;ok;optimal;4.97;;2.513.209;2.513.209;119.209;0.0;0.0;;;0.0;0.0;2394.0;41;18;6;5;122.524
scn_custom_many_tight_pl18.xlsx;soft12;feasible;ok;optimal;5.204;;2.513.209;2.513.209;119.209;0.0;0.0;;;0.0;0.0;2394.0;41;18;6;5;122.524
scn_custom_many_tight_pl18.xlsx;soft;base;ok;optimal;5.562;;2.513.209;2.513.209;119.209;0.0;0.0;;;0.0;0.0;2394.0;41;18;6;5;122.524
scn_custom_many_tight_pl18.xlsx;soft;fast;ok;optimal;6.22;;2.513.209;2.513.209;119.209;0.0;0.0;;;0.0;0.0;2394.0;41;18;6;5;122.524
scn_custom_many_tight_pl18.xlsx;soft;feasible;ok;optimal;5.209;;2.513.209;2.513.209;119.209;0.0;0.0;;;0.0;0.0;2394.0;41;18;6;5;122.524
scn_custom_many_tight_pl18.xlsx;medium;base;ok;optimal;22.739;;36.002.513.352;36.002.513.352;11.935.199.999.999.900;0.0;0.0;36.0;;0.0;0.0;2394.0;41;18;6;5;122.524
scn_custom_many_tight_pl18.xlsx;medium;fast;ok;optimal;29.8;;36.002.513.352;36.002.513.352;119.352;0.0;0.0;36.0;;0.0;0.0;2394.0;41;18;6;5;122.524
scn_custom_many_tight_pl18.xlsx;medium;feasible;ok;optimal;53.543;;36.002.513.352;36.002.513.352;119.352;0.0;0.0;36.0;;0.0;0.0;2394.0;41;18;6;5;122.524
scn_custom_many_tight_pl18.xlsx;hard;base;warning;infeasible;5.833;;inf;inf;0.0;0.0;0.0;0.0;0.0;0.0;0.0;0.0;41;18;6;5;122.524
scn_custom_many_tight_pl18.xlsx;hard;fast;warning;infeasible;7.572;;inf;inf;0.0;0.0;0.0;0.0;0.0;0.0;0.0;0.0;41;18;6;5;122.524
scn_custom_many_tight_pl18.xlsx;hard;feasible;warning;infeasible;7.892;;inf;inf;0.0;0.0;0.0;0.0;0.0;0.0;0.0;0.0;41;18;6;5;122.524
scn_custom_many_tight_pl20.xlsx;soft12;base;ok;optimal;4.217;;21.286.440.000.000.000;21.286.440.000.000.000;88.644;0.0;0.0;;;0.0;0.0;2040.0;35;20;6;5;91.298
scn_custom_many_tight_pl20.xlsx;soft12;fast;ok;optimal;4.679;;21.286.440.000.000.000;21.286.440.000.000.000;88.644;0.0;0.0;;;0.0;0.0;2040.0;35;20;6;5;91.298
scn_custom_many_tight_pl20.xlsx;soft12;feasible;ok;optimal;6.265;;21.286.440.000.000.000;21.286.440.000.000.000;88.644;0.0;0.0;;;0.0;0.0;2040.0;35;20;6;5;91.298
scn_custom_many_tight_pl20.xlsx;soft;base;ok;optimal;3.835;;21.286.440.000.000.000;21.286.440.000.000.000;88.644;0.0;0.0;;;0.0;0.0;2040.0;35;20;6;5;91.298
scn_custom_many_tight_pl20.xlsx;soft;fast;ok;optimal;4.607;;21.286.440.000.000.000;21.286.440.000.000.000;88.644;0.0;0.0;;;0.0;0.0;2040.0;35;20;6;5;91.298
scn_custom_many_tight_pl20.xlsx;soft;feasible;ok;optimal;4.66;;21.286.440.000.000.000;21.286.440.000.000.000;88.644;0.0;0.0;;;0.0;0.0;2040.0;35;20;6;5;91.298
scn_custom_many_tight_pl20.xlsx;medium;base;ok;optimal;16.507;;23.002.128.644;23.002.128.644;88.644;0.0;0.0;23.0;;0.0;0.0;2040.0;35;20;6;5;91.298
scn_custom_many_tight_pl20.xlsx;medium;fast;ok;optimal;21.552;;23.002.128.644;23.002.128.644;88.644;0.0;0.0;23.0;;0.0;0.0;2040.0;35;20;6;5;91.298
scn_custom_many_tight_pl20.xlsx;medium;feasible;ok;optimal;40.377;;23.002.128.644;23.002.128.644;88.644;0.0;0.0;23.0;;0.0;0.0;2040.0;35;20;6;5;91.298
scn_custom_many_tight_pl20.xlsx;hard;base;ok;optimal;5.869;;112.002.129.301;112.002.129.301;89.301;0.0;0.0;32.0;4.0;0.0;0.0;2040.0;35;20;6;5;91.298
scn_custom_many_tight_pl20.xlsx;hard;fast;ok;optimal;8.232;;112.002.129.301;112.002.129.301;8.930.099.999.999.990;0.0;0.0;32.0;4.0;0.0;0.0;2040.0;35;20;6;5;91.298
scn_custom_many_tight_pl20.xlsx;hard;feasible;ok;optimal;10.442;;112.002.129.301;112.002.129.301;8.930.099.999.999.990;0.0;0.0;32.0;4.0;0.0;0.0;2040.0;35;20;6;5;91.298
scn_few-loose_seed10_P3_pl5.xlsx;soft12;base;ok;optimal;0.681;;417.573;417.573;37.573;0.0;0.0;;;0.0;0.0;380.0;14;5;3;5;65.039
scn_few-loose_seed10_P3_pl5.xlsx;soft12;fast;ok;optimal;1.063;;417.573;417.573;37.573;0.0;0.0;;;0.0;0.0;380.0;14;5;3;5;65.039
scn_few-loose_seed10_P3_pl5.xlsx;soft12;feasible;ok;optimal;1.053;;417.573;417.573;37.573;0.0;0.0;;;0.0;0.0;380.0;14;5;3;5;65.039
scn_few-loose_seed10_P3_pl5.xlsx;soft;base;ok;optimal;0.736;;417.573;417.573;37.573;0.0;0.0;;;0.0;0.0;380.0;14;5;3;5;65.039
scn_few-loose_seed10_P3_pl5.xlsx;soft;fast;ok;optimal;1.072;;417.573;417.573;37.573;0.0;0.0;;;0.0;0.0;380.0;14;5;3;5;65.039
scn_few-loose_seed10_P3_pl5.xlsx;soft;feasible;ok;optimal;1.072;;417.573;417.573;37.573;0.0;0.0;;;0.0;0.0;380.0;14;5;3;5;65.039
scn_few-loose_seed10_P3_pl5.xlsx;medium;base;ok;optimal;1.744;;417.573;417.573;37.573;0.0;0.0;0.0;;0.0;0.0;380.0;14;5;3;5;65.039
scn_few-loose_seed10_P3_pl5.xlsx;medium;fast;ok;optimal;1.096;;417.573;417.573;37.573;0.0;0.0;0.0;;0.0;0.0;380.0;14;5;3;5;65.039
scn_few-loose_seed10_P3_pl5.xlsx;medium;feasible;ok;optimal;1.201;;417.573;417.573;37.573;0.0;0.0;0.0;;0.0;0.0;380.0;14;5;3;5;65.039
scn_few-loose_seed10_P3_pl5.xlsx;hard;base;ok;optimal;1.336;;417.573;417.573;37.573;0.0;0.0;0.0;0.0;0.0;0.0;380.0;14;5;3;5;65.039
scn_few-loose_seed10_P3_pl5.xlsx;hard;fast;ok;optimal;1.48;;417.573;417.573;37.573;0.0;0.0;0.0;0.0;0.0;0.0;380.0;14;5;3;5;65.039
scn_few-loose_seed10_P3_pl5.xlsx;hard;feasible;ok;optimal;1.377;;417.573;417.573;37.573;0.0;0.0;0.0;0.0;0.0;0.0;380.0;14;5;3;5;65.039
scn_few-loose_seed11_P3_pl5.xlsx;soft12;base;ok;optimal;0.406;;356.554;356.554;3.655.399.999.999.990;0.0;0.0;;;0.0;0.0;320.0;9;5;3;5;53.888
scn_few-loose_seed11_P3_pl5.xlsx;soft12;fast;ok;optimal;0.622;;356.554;356.554;3.655.399.999.999.990;0.0;0.0;;;0.0;0.0;320.0;9;5;3;5;53.888
scn_few-loose_seed11_P3_pl5.xlsx;soft12;feasible;ok;optimal;0.632;;356.554;356.554;3.655.399.999.999.990;0.0;0.0;;;0.0;0.0;320.0;9;5;3;5;53.888
scn_few-loose_seed11_P3_pl5.xlsx;soft;base;ok;optimal;0.458;;356.554;356.554;3.655.399.999.999.990;0.0;0.0;;;0.0;0.0;320.0;9;5;3;5;53.888
scn_few-loose_seed11_P3_pl5.xlsx;soft;fast;ok;optimal;0.776;;356.554;356.554;3.655.399.999.999.990;0.0;0.0;;;0.0;0.0;320.0;9;5;3;5;53.888
scn_few-loose_seed11_P3_pl5.xlsx;soft;feasible;ok;optimal;0.634;;356.554;356.554;3.655.399.999.999.990;0.0;0.0;;;0.0;0.0;320.0;9;5;3;5;53.888
scn_few-loose_seed11_P3_pl5.xlsx;medium;base;ok;optimal;0.437;;356.554;356.554;3.655.399.999.999.990;0.0;0.0;0.0;;0.0;0.0;320.0;9;5;3;5;53.888
scn_few-loose_seed11_P3_pl5.xlsx;medium;fast;ok;optimal;0.653;;356.554;356.554;3.655.399.999.999.990;0.0;0.0;0.0;;0.0;0.0;320.0;9;5;3;5;53.888
scn_few-loose_seed11_P3_pl5.xlsx;medium;feasible;ok;optimal;0.711;;356.554;356.554;3.655.399.999.999.990;0.0;0.0;0.0;;0.0;0.0;320.0;9;5;3;5;53.888
scn_few-loose_seed11_P3_pl5.xlsx;hard;base;ok;optimal;0.447;;356.554;356.554;3.655.399.999.999.990;0.0;0.0;0.0;0.0;0.0;0.0;320.0;9;5;3;5;53.888
scn_few-loose_seed11_P3_pl5.xlsx;hard;fast;ok;optimal;0.668;;356.554;356.554;3.655.399.999.999.990;0.0;0.0;0.0;0.0;0.0;0.0;320.0;9;5;3;5;53.888
scn_few-loose_seed11_P3_pl5.xlsx;hard;feasible;ok;optimal;0.684;;356.554;356.554;3.655.399.999.999.990;0.0;0.0;0.0;0.0;0.0;0.0;320.0;9;5;3;5;53.888
scn_few-loose_seed12_P3_pl5.xlsx;soft12;base;ok;optimal;0.326;;295.36;295.36;25.36;0.0;0.0;;;0.0;0.0;270.0;8;5;3;5;43.678
scn_few-loose_seed12_P3_pl5.xlsx;soft12;fast;ok;optimal;0.451;;295.36;295.36;25.36;0.0;0.0;;;0.0;0.0;270.0;8;5;3;5;43.678
scn_few-loose_seed12_P3_pl5.xlsx;soft12;feasible;ok;optimal;0.43;;295.36;295.36;25.36;0.0;0.0;;;0.0;0.0;270.0;8;5;3;5;43.678
scn_few-loose_seed12_P3_pl5.xlsx;soft;base;ok;optimal;0.329;;295.36;295.36;25.36;0.0;0.0;;;0.0;0.0;270.0;8;5;3;5;43.678
scn_few-loose_seed12_P3_pl5.xlsx;soft;fast;ok;optimal;0.433;;295.36;295.36;25.36;0.0;0.0;;;0.0;0.0;270.0;8;5;3;5;43.678
scn_few-loose_seed12_P3_pl5.xlsx;soft;feasible;ok;optimal;0.445;;295.36;295.36;25.36;0.0;0.0;;;0.0;0.0;270.0;8;5;3;5;43.678
scn_few-loose_seed12_P3_pl5.xlsx;medium;base;ok;optimal;0.355;;295.36;295.36;25.36;0.0;0.0;0.0;;0.0;0.0;270.0;8;5;3;5;43.678
scn_few-loose_seed12_P3_pl5.xlsx;medium;fast;ok;optimal;0.491;;295.36;295.36;25.36;0.0;0.0;0.0;;0.0;0.0;270.0;8;5;3;5;43.678
scn_few-loose_seed12_P3_pl5.xlsx;medium;feasible;ok;optimal;0.438;;295.36;295.36;25.36;0.0;0.0;0.0;;0.0;0.0;270.0;8;5;3;5;43.678
scn_few-loose_seed12_P3_pl5.xlsx;hard;base;ok;optimal;0.367;;295.36;295.36;25.36;0.0;0.0;0.0;0.0;0.0;0.0;270.0;8;5;3;5;43.678
scn_few-loose_seed12_P3_pl5.xlsx;hard;fast;ok;optimal;0.439;;295.36;295.36;25.36;0.0;0.0;0.0;0.0;0.0;0.0;270.0;8;5;3;5;43.678
scn_few-loose_seed12_P3_pl5.xlsx;hard;feasible;ok;optimal;0.557;;295.36;295.36;25.36;0.0;0.0;0.0;0.0;0.0;0.0;270.0;8;5;3;5;43.678
scn_few-loose_seed1_P3_pl5.xlsx;soft12;base;ok;optimal;0.558;;39.591.200.000.000.000;39.591.200.000.000.000;35.912.000.000.000.000;0.0;0.0;;;0.0;0.0;360.0;12;5;3;5;61.065
scn_few-loose_seed1_P3_pl5.xlsx;soft12;fast;ok;optimal;0.623;;39.591.200.000.000.000;39.591.200.000.000.000;35.912.000.000.000.000;0.0;0.0;;;0.0;0.0;360.0;12;5;3;5;61.065
scn_few-loose_seed1_P3_pl5.xlsx;soft12;feasible;ok;optimal;0.67;;39.591.200.000.000.000;39.591.200.000.000.000;35.912.000.000.000.000;0.0;0.0;;;0.0;0.0;360.0;12;5;3;5;61.065
scn_few-loose_seed1_P3_pl5.xlsx;soft;base;ok;optimal;0.549;;39.591.200.000.000.000;39.591.200.000.000.000;35.912.000.000.000.000;0.0;0.0;;;0.0;0.0;360.0;12;5;3;5;61.065
scn_few-loose_seed1_P3_pl5.xlsx;soft;fast;ok;optimal;0.604;;39.591.200.000.000.000;39.591.200.000.000.000;35.912.000.000.000.000;0.0;0.0;;;0.0;0.0;360.0;12;5;3;5;61.065
scn_few-loose_seed1_P3_pl5.xlsx;soft;feasible;ok;optimal;0.72;;39.591.200.000.000.000;39.591.200.000.000.000;35.912.000.000.000.000;0.0;0.0;;;0.0;0.0;360.0;12;5;3;5;61.065
scn_few-loose_seed1_P3_pl5.xlsx;medium;base;ok;optimal;0.959;;39.591.200.000.000.000;39.591.200.000.000.000;35.912.000.000.000.000;0.0;0.0;0.0;;0.0;0.0;360.0;12;5;3;5;61.065
scn_few-loose_seed1_P3_pl5.xlsx;medium;fast;ok;optimal;1.124;;39.591.200.000.000.000;39.591.200.000.000.000;35.912.000.000.000.000;0.0;0.0;0.0;;0.0;0.0;360.0;12;5;3;5;61.065
scn_few-loose_seed1_P3_pl5.xlsx;medium;feasible;ok;optimal;0.893;;39.591.200.000.000.000;39.591.200.000.000.000;35.912.000.000.000.000;0.0;0.0;0.0;;0.0;0.0;360.0;12;5;3;5;61.065
scn_few-loose_seed1_P3_pl5.xlsx;hard;base;ok;optimal;0.927;;39.591.200.000.000.000;39.591.200.000.000.000;35.912.000.000.000.000;0.0;0.0;0.0;0.0;0.0;0.0;360.0;12;5;3;5;61.065
scn_few-loose_seed1_P3_pl5.xlsx;hard;fast;ok;optimal;0.969;;39.591.200.000.000.000;39.591.200.000.000.000;35.912.000.000.000.000;0.0;0.0;0.0;0.0;0.0;0.0;360.0;12;5;3;5;61.065
scn_few-loose_seed1_P3_pl5.xlsx;hard;feasible;ok;optimal;0.921;;39.591.200.000.000.000;39.591.200.000.000.000;35.912.000.000.000.000;0.0;0.0;0.0;0.0;0.0;0.0;360.0;12;5;3;5;61.065
scn_few-loose_seed2_P3_pl5.xlsx;soft12;base;ok;optimal;0.593;;40.736.199.999.999.900;40.736.199.999.999.900;37.361.999.999.999.900;0.0;0.0;;;0.0;0.0;370.0;13;5;3;5;63.423
scn_few-loose_seed2_P3_pl5.xlsx;soft12;fast;ok;optimal;0.947;;40.736.199.999.999.900;40.736.199.999.999.900;37.361.999.999.999.900;0.0;0.0;;;0.0;0.0;370.0;13;5;3;5;63.423
scn_few-loose_seed2_P3_pl5.xlsx;soft12;feasible;ok;optimal;1.104;;40.736.199.999.999.900;40.736.199.999.999.900;37.361.999.999.999.900;0.0;0.0;;;0.0;0.0;370.0;13;5;3;5;63.423
scn_few-loose_seed2_P3_pl5.xlsx;soft;base;ok;optimal;0.613;;40.736.199.999.999.900;40.736.199.999.999.900;37.361.999.999.999.900;0.0;0.0;;;0.0;0.0;370.0;13;5;3;5;63.423
scn_few-loose_seed2_P3_pl5.xlsx;soft;fast;ok;optimal;0.961;;40.736.199.999.999.900;40.736.199.999.999.900;37.361.999.999.999.900;0.0;0.0;;;0.0;0.0;370.0;13;5;3;5;63.423
scn_few-loose_seed2_P3_pl5.xlsx;soft;feasible;ok;optimal;0.962;;40.736.199.999.999.900;40.736.199.999.999.900;37.361.999.999.999.900;0.0;0.0;;;0.0;0.0;370.0;13;5;3;5;63.423
scn_few-loose_seed2_P3_pl5.xlsx;medium;base;ok;optimal;0.731;;40.736.199.999.999.900;40.736.199.999.999.900;37.361.999.999.999.900;0.0;0.0;0.0;;0.0;0.0;370.0;13;5;3;5;63.423
scn_few-loose_seed2_P3_pl5.xlsx;medium;fast;ok;optimal;1.135;;40.736.199.999.999.900;40.736.199.999.999.900;37.361.999.999.999.900;0.0;0.0;0.0;;0.0;0.0;370.0;13;5;3;5;63.423
scn_few-loose_seed2_P3_pl5.xlsx;medium;feasible;ok;optimal;1.152;;40.736.199.999.999.900;40.736.199.999.999.900;37.361.999.999.999.900;0.0;0.0;0.0;;0.0;0.0;370.0;13;5;3;5;63.423
scn_few-loose_seed2_P3_pl5.xlsx;hard;base;ok;optimal;0.964;;40.736.199.999.999.900;40.736.199.999.999.900;37.361.999.999.999.900;0.0;0.0;0.0;0.0;0.0;0.0;370.0;13;5;3;5;63.423
scn_few-loose_seed2_P3_pl5.xlsx;hard;fast;ok;optimal;1.185;;40.736.199.999.999.900;40.736.199.999.999.900;37.361.999.999.999.900;0.0;0.0;0.0;0.0;0.0;0.0;370.0;13;5;3;5;63.423
scn_few-loose_seed2_P3_pl5.xlsx;hard;feasible;ok;optimal;1.339;;40.736.199.999.999.900;40.736.199.999.999.900;37.361.999.999.999.900;0.0;0.0;0.0;0.0;0.0;0.0;370.0;13;5;3;5;63.423
scn_few-loose_seed3_P3_pl5.xlsx;soft12;base;ok;optimal;0.3;;256.88;256.88;21.879.999.999.999.900;0.0;0.0;;;0.0;0.0;235.0;8;5;3;5;36.841
scn_few-loose_seed3_P3_pl5.xlsx;soft12;fast;ok;optimal;0.329;;256.88;256.88;21.879.999.999.999.900;0.0;0.0;;;0.0;0.0;235.0;8;5;3;5;36.841
scn_few-loose_seed3_P3_pl5.xlsx;soft12;feasible;ok;optimal;0.366;;256.88;256.88;21.879.999.999.999.900;0.0;0.0;;;0.0;0.0;235.0;8;5;3;5;36.841
scn_few-loose_seed3_P3_pl5.xlsx;soft;base;ok;optimal;0.498;;256.88;256.88;21.879.999.999.999.900;0.0;0.0;;;0.0;0.0;235.0;8;5;3;5;36.841
scn_few-loose_seed3_P3_pl5.xlsx;soft;fast;ok;optimal;0.397;;256.88;256.88;21.879.999.999.999.900;0.0;0.0;;;0.0;0.0;235.0;8;5;3;5;36.841
scn_few-loose_seed3_P3_pl5.xlsx;soft;feasible;ok;optimal;0.401;;256.88;256.88;21.879.999.999.999.900;0.0;0.0;;;0.0;0.0;235.0;8;5;3;5;36.841
scn_few-loose_seed3_P3_pl5.xlsx;medium;base;ok;optimal;0.339;;256.88;256.88;21.879.999.999.999.900;0.0;0.0;0.0;;0.0;0.0;235.0;8;5;3;5;36.841
scn_few-loose_seed3_P3_pl5.xlsx;medium;fast;ok;optimal;0.478;;256.88;256.88;21.879.999.999.999.900;0.0;0.0;0.0;;0.0;0.0;235.0;8;5;3;5;36.841
scn_few-loose_seed3_P3_pl5.xlsx;medium;feasible;ok;optimal;0.484;;256.88;256.88;21.879.999.999.999.900;0.0;0.0;0.0;;0.0;0.0;235.0;8;5;3;5;36.841
scn_few-loose_seed3_P3_pl5.xlsx;hard;base;ok;optimal;0.521;;256.88;256.88;21.879.999.999.999.900;0.0;0.0;0.0;0.0;0.0;0.0;235.0;8;5;3;5;36.841
scn_few-loose_seed3_P3_pl5.xlsx;hard;fast;ok;optimal;0.473;;256.88;256.88;21.879.999.999.999.900;0.0;0.0;0.0;0.0;0.0;0.0;235.0;8;5;3;5;36.841
scn_few-loose_seed3_P3_pl5.xlsx;hard;feasible;ok;optimal;0.454;;256.88;256.88;21.879.999.999.999.900;0.0;0.0;0.0;0.0;0.0;0.0;235.0;8;5;3;5;36.841
scn_few-loose_seed4_P3_pl5.xlsx;soft12;base;ok;optimal;1.242;;361.45;361.45;36.45;0.0;0.0;;;0.0;0.0;325.0;10;5;3;5;54.748
scn_few-loose_seed4_P3_pl5.xlsx;soft12;fast;ok;optimal;0.776;;361.45;361.45;36.45;0.0;0.0;;;0.0;0.0;325.0;10;5;3;5;54.748
scn_few-loose_seed4_P3_pl5.xlsx;soft12;feasible;ok;optimal;0.741;;361.45;361.45;36.45;0.0;0.0;;;0.0;0.0;325.0;10;5;3;5;54.748
scn_few-loose_seed4_P3_pl5.xlsx;soft;base;ok;optimal;0.518;;361.45;361.45;36.45;0.0;0.0;;;0.0;0.0;325.0;10;5;3;5;54.748
scn_few-loose_seed4_P3_pl5.xlsx;soft;fast;ok;optimal;0.514;;361.45;361.45;36.45;0.0;0.0;;;0.0;0.0;325.0;10;5;3;5;54.748
scn_few-loose_seed4_P3_pl5.xlsx;soft;feasible;ok;optimal;0.55;;361.45;361.45;36.45;0.0;0.0;;;0.0;0.0;325.0;10;5;3;5;54.748
scn_few-loose_seed4_P3_pl5.xlsx;medium;base;ok;optimal;0.477;;361.45;361.45;36.45;0.0;0.0;0.0;;0.0;0.0;325.0;10;5;3;5;54.748
scn_few-loose_seed4_P3_pl5.xlsx;medium;fast;ok;optimal;0.653;;361.45;361.45;36.45;0.0;0.0;0.0;;0.0;0.0;325.0;10;5;3;5;54.748
scn_few-loose_seed4_P3_pl5.xlsx;medium;feasible;ok;optimal;0.613;;361.45;361.45;36.45;0.0;0.0;0.0;;0.0;0.0;325.0;10;5;3;5;54.748
scn_few-loose_seed4_P3_pl5.xlsx;hard;base;ok;optimal;0.641;;361.45;361.45;36.45;0.0;0.0;0.0;0.0;0.0;0.0;325.0;10;5;3;5;54.748
scn_few-loose_seed4_P3_pl5.xlsx;hard;fast;ok;optimal;0.648;;361.45;361.45;36.45;0.0;0.0;0.0;0.0;0.0;0.0;325.0;10;5;3;5;54.748
scn_few-loose_seed4_P3_pl5.xlsx;hard;feasible;ok;optimal;0.659;;361.45;361.45;36.45;0.0;0.0;0.0;0.0;0.0;0.0;325.0;10;5;3;5;54.748
scn_few-loose_seed5_P3_pl5.xlsx;soft12;base;ok;optimal;0.402;;342.08;342.08;32.08;0.0;0.0;;;0.0;0.0;310.0;9;5;3;5;51.623
scn_few-loose_seed5_P3_pl5.xlsx;soft12;fast;ok;optimal;0.586;;342.08;342.08;32.08;0.0;0.0;;;0.0;0.0;310.0;9;5;3;5;51.623
scn_few-loose_seed5_P3_pl5.xlsx;soft12;feasible;ok;optimal;0.619;;342.08;342.08;32.08;0.0;0.0;;;0.0;0.0;310.0;9;5;3;5;51.623
scn_few-loose_seed5_P3_pl5.xlsx;soft;base;ok;optimal;0.403;;342.08;342.08;32.08;0.0;0.0;;;0.0;0.0;310.0;9;5;3;5;51.623
scn_few-loose_seed5_P3_pl5.xlsx;soft;fast;ok;optimal;0.581;;342.08;342.08;32.08;0.0;0.0;;;0.0;0.0;310.0;9;5;3;5;51.623
scn_few-loose_seed5_P3_pl5.xlsx;soft;feasible;ok;optimal;0.58;;342.08;342.08;32.08;0.0;0.0;;;0.0;0.0;310.0;9;5;3;5;51.623
scn_few-loose_seed5_P3_pl5.xlsx;medium;base;ok;optimal;0.436;;342.08;342.08;32.08;0.0;0.0;0.0;;0.0;0.0;310.0;9;5;3;5;51.623
scn_few-loose_seed5_P3_pl5.xlsx;medium;fast;ok;optimal;0.645;;342.08;342.08;32.08;0.0;0.0;0.0;;0.0;0.0;310.0;9;5;3;5;51.623
scn_few-loose_seed5_P3_pl5.xlsx;medium;feasible;ok;optimal;0.671;;342.08;342.08;32.08;0.0;0.0;0.0;;0.0;0.0;310.0;9;5;3;5;51.623
scn_few-loose_seed5_P3_pl5.xlsx;hard;base;ok;optimal;0.441;;342.08;342.08;32.08;0.0;0.0;0.0;0.0;0.0;0.0;310.0;9;5;3;5;51.623
scn_few-loose_seed5_P3_pl5.xlsx;hard;fast;ok;optimal;0.618;;342.08;342.08;32.08;0.0;0.0;0.0;0.0;0.0;0.0;310.0;9;5;3;5;51.623
scn_few-loose_seed5_P3_pl5.xlsx;hard;feasible;ok;optimal;0.609;;342.08;342.08;32.08;0.0;0.0;0.0;0.0;0.0;0.0;310.0;9;5;3;5;51.623
scn_few-loose_seed6_P3_pl5.xlsx;soft12;base;ok;optimal;0.511;;387.32;387.32;37.32;0.0;0.0;;;0.0;0.0;350.0;11;5;3;5;59.941
scn_few-loose_seed6_P3_pl5.xlsx;soft12;fast;ok;optimal;0.651;;387.32;387.32;37.32;0.0;0.0;;;0.0;0.0;350.0;11;5;3;5;59.941
scn_few-loose_seed6_P3_pl5.xlsx;soft12;feasible;ok;optimal;0.713;;387.32;387.32;37.32;0.0;0.0;;;0.0;0.0;350.0;11;5;3;5;59.941
scn_few-loose_seed6_P3_pl5.xlsx;soft;base;ok;optimal;0.598;;387.32;387.32;37.32;0.0;0.0;;;0.0;0.0;350.0;11;5;3;5;59.941
scn_few-loose_seed6_P3_pl5.xlsx;soft;fast;ok;optimal;0.652;;387.32;387.32;37.32;0.0;0.0;;;0.0;0.0;350.0;11;5;3;5;59.941
scn_few-loose_seed6_P3_pl5.xlsx;soft;feasible;ok;optimal;0.629;;387.32;387.32;37.32;0.0;0.0;;;0.0;0.0;350.0;11;5;3;5;59.941
scn_few-loose_seed6_P3_pl5.xlsx;medium;base;ok;optimal;0.551;;387.32;387.32;37.32;0.0;0.0;0.0;;0.0;0.0;350.0;11;5;3;5;59.941
scn_few-loose_seed6_P3_pl5.xlsx;medium;fast;ok;optimal;0.717;;387.32;387.32;37.32;0.0;0.0;0.0;;0.0;0.0;350.0;11;5;3;5;59.941
scn_few-loose_seed6_P3_pl5.xlsx;medium;feasible;ok;optimal;0.765;;387.32;387.32;37.32;0.0;0.0;0.0;;0.0;0.0;350.0;11;5;3;5;59.941
scn_few-loose_seed6_P3_pl5.xlsx;hard;base;ok;optimal;0.653;;387.32;387.32;37.32;0.0;0.0;0.0;0.0;0.0;0.0;350.0;11;5;3;5;59.941
scn_few-loose_seed6_P3_pl5.xlsx;hard;fast;ok;optimal;1.114;;387.32;387.32;37.32;0.0;0.0;0.0;0.0;0.0;0.0;350.0;11;5;3;5;59.941
scn_few-loose_seed6_P3_pl5.xlsx;hard;feasible;ok;optimal;0.699;;387.32;387.32;37.32;0.0;0.0;0.0;0.0;0.0;0.0;350.0;11;5;3;5;59.941
scn_few-loose_seed7_P3_pl5.xlsx;soft12;base;ok;optimal;0.481;;341.85;341.85;31.85;0.0;0.0;;;0.0;0.0;310.0;11;5;3;5;51.671
scn_few-loose_seed7_P3_pl5.xlsx;soft12;fast;ok;optimal;0.6;;341.85;341.85;31.85;0.0;0.0;;;0.0;0.0;310.0;11;5;3;5;51.671
scn_few-loose_seed7_P3_pl5.xlsx;soft12;feasible;ok;optimal;0.57;;341.85;341.85;31.85;0.0;0.0;;;0.0;0.0;310.0;11;5;3;5;51.671
scn_few-loose_seed7_P3_pl5.xlsx;soft;base;ok;optimal;0.451;;341.85;341.85;31.85;0.0;0.0;;;0.0;0.0;310.0;11;5;3;5;51.671
scn_few-loose_seed7_P3_pl5.xlsx;soft;fast;ok;optimal;0.531;;341.85;341.85;31.85;0.0;0.0;;;0.0;0.0;310.0;11;5;3;5;51.671
scn_few-loose_seed7_P3_pl5.xlsx;soft;feasible;ok;optimal;0.542;;341.85;341.85;31.85;0.0;0.0;;;0.0;0.0;310.0;11;5;3;5;51.671
scn_few-loose_seed7_P3_pl5.xlsx;medium;base;ok;optimal;0.639;;341.85;341.85;31.85;0.0;0.0;0.0;;0.0;0.0;310.0;11;5;3;5;51.671
scn_few-loose_seed7_P3_pl5.xlsx;medium;fast;ok;optimal;0.586;;341.85;341.85;31.85;0.0;0.0;0.0;;0.0;0.0;310.0;11;5;3;5;51.671
scn_few-loose_seed7_P3_pl5.xlsx;medium;feasible;ok;optimal;0.654;;341.85;341.85;31.85;0.0;0.0;0.0;;0.0;0.0;310.0;11;5;3;5;51.671
scn_few-loose_seed7_P3_pl5.xlsx;hard;base;ok;optimal;0.522;;341.85;341.85;31.85;0.0;0.0;0.0;0.0;0.0;0.0;310.0;11;5;3;5;51.671
scn_few-loose_seed7_P3_pl5.xlsx;hard;fast;ok;optimal;0.755;;341.85;341.85;31.85;0.0;0.0;0.0;0.0;0.0;0.0;310.0;11;5;3;5;51.671
scn_few-loose_seed7_P3_pl5.xlsx;hard;feasible;ok;optimal;0.802;;341.85;341.85;31.85;0.0;0.0;0.0;0.0;0.0;0.0;310.0;11;5;3;5;51.671
scn_few-loose_seed8_P3_pl5.xlsx;soft12;base;ok;optimal;0.372;;315.55;315.55;25.55;0.0;0.0;;;0.0;0.0;290.0;9;5;3;5;47.597
scn_few-loose_seed8_P3_pl5.xlsx;soft12;fast;ok;optimal;0.464;;315.55;315.55;25.55;0.0;0.0;;;0.0;0.0;290.0;9;5;3;5;47.597
scn_few-loose_seed8_P3_pl5.xlsx;soft12;feasible;ok;optimal;0.48;;315.55;315.55;25.55;0.0;0.0;;;0.0;0.0;290.0;9;5;3;5;47.597
scn_few-loose_seed8_P3_pl5.xlsx;soft;base;ok;optimal;0.379;;315.55;315.55;25.55;0.0;0.0;;;0.0;0.0;290.0;9;5;3;5;47.597
scn_few-loose_seed8_P3_pl5.xlsx;soft;fast;ok;optimal;0.482;;315.55;315.55;25.55;0.0;0.0;;;0.0;0.0;290.0;9;5;3;5;47.597
scn_few-loose_seed8_P3_pl5.xlsx;soft;feasible;ok;optimal;0.489;;315.55;315.55;25.55;0.0;0.0;;;0.0;0.0;290.0;9;5;3;5;47.597
scn_few-loose_seed8_P3_pl5.xlsx;medium;base;ok;optimal;0.39;;315.55;315.55;25.55;0.0;0.0;0.0;;0.0;0.0;290.0;9;5;3;5;47.597
scn_few-loose_seed8_P3_pl5.xlsx;medium;fast;ok;optimal;0.533;;315.55;315.55;25.55;0.0;0.0;0.0;;0.0;0.0;290.0;9;5;3;5;47.597
scn_few-loose_seed8_P3_pl5.xlsx;medium;feasible;ok;optimal;0.502;;315.55;315.55;25.55;0.0;0.0;0.0;;0.0;0.0;290.0;9;5;3;5;47.597
scn_few-loose_seed8_P3_pl5.xlsx;hard;base;ok;optimal;0.44;;315.55;315.55;25.55;0.0;0.0;0.0;0.0;0.0;0.0;290.0;9;5;3;5;47.597
scn_few-loose_seed8_P3_pl5.xlsx;hard;fast;ok;optimal;0.544;;315.55;315.55;25.55;0.0;0.0;0.0;0.0;0.0;0.0;290.0;9;5;3;5;47.597
scn_few-loose_seed8_P3_pl5.xlsx;hard;feasible;ok;optimal;0.5;;315.55;315.55;25.55;0.0;0.0;0.0;0.0;0.0;0.0;290.0;9;5;3;5;47.597
scn_few-loose_seed9_P3_pl5.xlsx;soft12;base;ok;optimal;0.528;;393.632;393.632;43.632.000.000.000.000;0.0;0.0;;;0.0;0.0;350.0;12;5;3;5;59.92
scn_few-loose_seed9_P3_pl5.xlsx;soft12;fast;ok;optimal;0.61;;393.632;393.632;43.632.000.000.000.000;0.0;0.0;;;0.0;0.0;350.0;12;5;3;5;59.92
scn_few-loose_seed9_P3_pl5.xlsx;soft12;feasible;ok;optimal;0.617;;393.632;393.632;43.632.000.000.000.000;0.0;0.0;;;0.0;0.0;350.0;12;5;3;5;59.92
scn_few-loose_seed9_P3_pl5.xlsx;soft;base;ok;optimal;0.531;;393.632;393.632;43.632.000.000.000.000;0.0;0.0;;;0.0;0.0;350.0;12;5;3;5;59.92
scn_few-loose_seed9_P3_pl5.xlsx;soft;fast;ok;optimal;0.675;;393.632;393.632;43.632.000.000.000.000;0.0;0.0;;;0.0;0.0;350.0;12;5;3;5;59.92
scn_few-loose_seed9_P3_pl5.xlsx;soft;feasible;ok;optimal;0.628;;393.632;393.632;43.632.000.000.000.000;0.0;0.0;;;0.0;0.0;350.0;12;5;3;5;59.92
scn_few-loose_seed9_P3_pl5.xlsx;medium;base;ok;optimal;0.571;;393.632;393.632;43.632.000.000.000.000;0.0;0.0;0.0;;0.0;0.0;350.0;12;5;3;5;59.92
scn_few-loose_seed9_P3_pl5.xlsx;medium;fast;ok;optimal;0.651;;393.632;393.632;43.632.000.000.000.000;0.0;0.0;0.0;;0.0;0.0;350.0;12;5;3;5;59.92
scn_few-loose_seed9_P3_pl5.xlsx;medium;feasible;ok;optimal;0.655;;393.632;393.632;43.632.000.000.000.000;0.0;0.0;0.0;;0.0;0.0;350.0;12;5;3;5;59.92
scn_few-loose_seed9_P3_pl5.xlsx;hard;base;ok;optimal;0.609;;393.632;393.632;43.632.000.000.000.000;0.0;0.0;0.0;0.0;0.0;0.0;350.0;12;5;3;5;59.92
scn_few-loose_seed9_P3_pl5.xlsx;hard;fast;ok;optimal;0.855;;393.632;393.632;43.632.000.000.000.000;0.0;0.0;0.0;0.0;0.0;0.0;350.0;12;5;3;5;59.92
scn_few-loose_seed9_P3_pl5.xlsx;hard;feasible;ok;optimal;1.114;;393.632;393.632;43.632.000.000.000.000;0.0;0.0;0.0;0.0;0.0;0.0;350.0;12;5;3;5;59.92
scn_few-tight_seed10_P2_pl5.xlsx;soft12;base;ok;optimal;1.786;;700.604;700.604;105.604;0.0;0.0;;;0.0;0.0;595.0;19;5;3;5;108.371
scn_few-tight_seed10_P2_pl5.xlsx;soft12;fast;ok;optimal;1.601;;700.604;700.604;105.604;0.0;0.0;;;0.0;0.0;595.0;19;5;3;5;108.371
scn_few-tight_seed10_P2_pl5.xlsx;soft12;feasible;ok;optimal;1.472;;700.604;700.604;105.604;0.0;0.0;;;0.0;0.0;595.0;19;5;3;5;108.371
scn_few-tight_seed10_P2_pl5.xlsx;soft;base;ok;optimal;1.133;;700.604;700.604;105.604;0.0;0.0;;;0.0;0.0;595.0;19;5;3;5;108.371
scn_few-tight_seed10_P2_pl5.xlsx;soft;fast;ok;optimal;1.203;;700.604;700.604;105.604;0.0;0.0;;;0.0;0.0;595.0;19;5;3;5;108.371
scn_few-tight_seed10_P2_pl5.xlsx;soft;feasible;ok;optimal;1.248;;700.604;700.604;105.604;0.0;0.0;;;0.0;0.0;595.0;19;5;3;5;108.371
scn_few-tight_seed10_P2_pl5.xlsx;medium;base;ok;optimal;1.151;;700.604;700.604;105.604;0.0;0.0;0.0;;0.0;0.0;595.0;19;5;3;5;108.371
scn_few-tight_seed10_P2_pl5.xlsx;medium;fast;ok;optimal;1.33;;700.604;700.604;105.604;0.0;0.0;0.0;;0.0;0.0;595.0;19;5;3;5;108.371
scn_few-tight_seed10_P2_pl5.xlsx;medium;feasible;ok;optimal;1.377;;700.604;700.604;105.604;0.0;0.0;0.0;;0.0;0.0;595.0;19;5;3;5;108.371
scn_few-tight_seed10_P2_pl5.xlsx;hard;base;ok;optimal;1.206;;700.604;700.604;105.604;0.0;0.0;0.0;0.0;0.0;0.0;595.0;19;5;3;5;108.371
scn_few-tight_seed10_P2_pl5.xlsx;hard;fast;ok;optimal;1.349;;700.604;700.604;105.604;0.0;0.0;0.0;0.0;0.0;0.0;595.0;19;5;3;5;108.371
scn_few-tight_seed10_P2_pl5.xlsx;hard;feasible;ok;optimal;1.315;;700.604;700.604;105.604;0.0;0.0;0.0;0.0;0.0;0.0;595.0;19;5;3;5;108.371
scn_few-tight_seed11_P2_pl5.xlsx;soft12;base;ok;optimal;0.813;;677.345;677.345;102.345;0.0;0.0;;;0.0;575.0;0.0;15;5;3;5;104.659
scn_few-tight_seed11_P2_pl5.xlsx;soft12;fast;ok;optimal;0.88;;677.345;677.345;102.345;0.0;0.0;;;0.0;575.0;0.0;15;5;3;5;104.659
scn_few-tight_seed11_P2_pl5.xlsx;soft12;feasible;ok;optimal;1.261;;677.345;677.345;102.345;0.0;0.0;;;0.0;575.0;0.0;15;5;3;5;104.659
scn_few-tight_seed11_P2_pl5.xlsx;soft;base;ok;optimal;0.812;;677.345;677.345;102.345;0.0;0.0;;;0.0;575.0;0.0;15;5;3;5;104.659
scn_few-tight_seed11_P2_pl5.xlsx;soft;fast;ok;optimal;0.936;;677.345;677.345;102.345;0.0;0.0;;;0.0;575.0;0.0;15;5;3;5;104.659
scn_few-tight_seed11_P2_pl5.xlsx;soft;feasible;ok;optimal;0.878;;677.345;677.345;102.345;0.0;0.0;;;0.0;575.0;0.0;15;5;3;5;104.659
scn_few-tight_seed11_P2_pl5.xlsx;medium;base;ok;optimal;1.006;;677.345;677.345;102.345;0.0;0.0;0.0;;0.0;0.0;575.0;15;5;3;5;104.659
scn_few-tight_seed11_P2_pl5.xlsx;medium;fast;ok;optimal;1.087;;677.345;677.345;102.345;0.0;0.0;0.0;;0.0;0.0;575.0;15;5;3;5;104.659
scn_few-tight_seed11_P2_pl5.xlsx;medium;feasible;ok;optimal;1.037;;677.345;677.345;102.345;0.0;0.0;0.0;;0.0;0.0;575.0;15;5;3;5;104.659
scn_few-tight_seed11_P2_pl5.xlsx;hard;base;ok;optimal;0.957;;677.345;677.345;102.345;0.0;0.0;0.0;0.0;0.0;0.0;575.0;15;5;3;5;104.659
scn_few-tight_seed11_P2_pl5.xlsx;hard;fast;ok;optimal;1.039;;677.345;677.345;102.345;0.0;0.0;0.0;0.0;0.0;0.0;575.0;15;5;3;5;104.659
scn_few-tight_seed11_P2_pl5.xlsx;hard;feasible;ok;optimal;1.045;;677.345;677.345;102.345;0.0;0.0;0.0;0.0;0.0;0.0;575.0;15;5;3;5;104.659
scn_few-tight_seed12_P2_pl5.xlsx;soft12;base;ok;optimal;0.831;;634.729;634.729;94.729;0.0;0.0;;;0.0;540.0;0.0;15;5;3;5;97.301
scn_few-tight_seed12_P2_pl5.xlsx;soft12;fast;ok;optimal;0.857;;634.729;634.729;94.729;0.0;0.0;;;0.0;540.0;0.0;15;5;3;5;97.301
scn_few-tight_seed12_P2_pl5.xlsx;soft12;feasible;ok;optimal;0.841;;634.729;634.729;94.729;0.0;0.0;;;0.0;540.0;0.0;15;5;3;5;97.301
scn_few-tight_seed12_P2_pl5.xlsx;soft;base;ok;optimal;0.774;;634.729;634.729;94.729;0.0;0.0;;;0.0;540.0;0.0;15;5;3;5;97.301
scn_few-tight_seed12_P2_pl5.xlsx;soft;fast;ok;optimal;0.852;;634.729;634.729;94.729;0.0;0.0;;;0.0;540.0;0.0;15;5;3;5;97.301
scn_few-tight_seed12_P2_pl5.xlsx;soft;feasible;ok;optimal;0.937;;634.729;634.729;94.729;0.0;0.0;;;0.0;540.0;0.0;15;5;3;5;97.301
scn_few-tight_seed12_P2_pl5.xlsx;medium;base;ok;optimal;0.873;;634.729;634.729;94.729;0.0;0.0;0.0;;0.0;0.0;540.0;15;5;3;5;97.301
scn_few-tight_seed12_P2_pl5.xlsx;medium;fast;ok;optimal;0.917;;634.729;634.729;94.729;0.0;0.0;0.0;;0.0;0.0;540.0;15;5;3;5;97.301
scn_few-tight_seed12_P2_pl5.xlsx;medium;feasible;ok;optimal;0.928;;634.729;634.729;94.729;0.0;0.0;0.0;;0.0;0.0;540.0;15;5;3;5;97.301
scn_few-tight_seed12_P2_pl5.xlsx;hard;base;ok;optimal;0.82;;634.729;634.729;94.729;0.0;0.0;0.0;0.0;0.0;0.0;540.0;15;5;3;5;97.301
scn_few-tight_seed12_P2_pl5.xlsx;hard;fast;ok;optimal;1.489;;634.729;634.729;94.729;0.0;0.0;0.0;0.0;0.0;0.0;540.0;15;5;3;5;97.301
scn_few-tight_seed12_P2_pl5.xlsx;hard;feasible;ok;optimal;1.374;;634.729;634.729;94.729;0.0;0.0;0.0;0.0;0.0;0.0;540.0;15;5;3;5;97.301
scn_few-tight_seed1_P2_pl5.xlsx;soft12;base;ok;optimal;0.919;;6.100.699.999.999.990;6.100.699.999.999.990;9.007.000.000.000.000;0.0;0.0;;;0.0;520.0;0.0;14;5;3;5;93.703
scn_few-tight_seed1_P2_pl5.xlsx;soft12;fast;ok;optimal;0.829;;6.100.699.999.999.990;6.100.699.999.999.990;9.007.000.000.000.000;0.0;0.0;;;0.0;520.0;0.0;14;5;3;5;93.703
scn_few-tight_seed1_P2_pl5.xlsx;soft12;feasible;ok;optimal;0.796;;6.100.699.999.999.990;6.100.699.999.999.990;9.007.000.000.000.000;0.0;0.0;;;0.0;520.0;0.0;14;5;3;5;93.703
scn_few-tight_seed1_P2_pl5.xlsx;soft;base;ok;optimal;0.911;;6.100.699.999.999.990;6.100.699.999.999.990;9.007.000.000.000.000;0.0;0.0;;;0.0;520.0;0.0;14;5;3;5;93.703
scn_few-tight_seed1_P2_pl5.xlsx;soft;fast;ok;optimal;1.233;;6.100.699.999.999.990;6.100.699.999.999.990;9.007.000.000.000.000;0.0;0.0;;;0.0;520.0;0.0;14;5;3;5;93.703
scn_few-tight_seed1_P2_pl5.xlsx;soft;feasible;ok;optimal;0.879;;6.100.699.999.999.990;6.100.699.999.999.990;9.007.000.000.000.000;0.0;0.0;;;0.0;520.0;0.0;14;5;3;5;93.703
scn_few-tight_seed1_P2_pl5.xlsx;medium;base;ok;optimal;0.921;;6.100.699.999.999.990;6.100.699.999.999.990;9.007.000.000.000.000;0.0;0.0;0.0;;0.0;0.0;520.0;14;5;3;5;93.703
scn_few-tight_seed1_P2_pl5.xlsx;medium;fast;ok;optimal;0.833;;6.100.699.999.999.990;6.100.699.999.999.990;9.007.000.000.000.000;0.0;0.0;0.0;;0.0;0.0;520.0;14;5;3;5;93.703
scn_few-tight_seed1_P2_pl5.xlsx;medium;feasible;ok;optimal;0.866;;6.100.699.999.999.990;6.100.699.999.999.990;9.007.000.000.000.000;0.0;0.0;0.0;;0.0;0.0;520.0;14;5;3;5;93.703
scn_few-tight_seed1_P2_pl5.xlsx;hard;base;ok;optimal;0.847;;6.100.699.999.999.990;6.100.699.999.999.990;9.007.000.000.000.000;0.0;0.0;0.0;0.0;0.0;0.0;520.0;14;5;3;5;93.703
scn_few-tight_seed1_P2_pl5.xlsx;hard;fast;ok;optimal;0.934;;6.100.699.999.999.990;6.100.699.999.999.990;9.007.000.000.000.000;0.0;0.0;0.0;0.0;0.0;0.0;520.0;14;5;3;5;93.703
scn_few-tight_seed1_P2_pl5.xlsx;hard;feasible;ok;optimal;1.0;;6.100.699.999.999.990;6.100.699.999.999.990;9.007.000.000.000.000;0.0;0.0;0.0;0.0;0.0;0.0;520.0;14;5;3;5;93.703
scn_few-tight_seed2_P2_pl5.xlsx;soft12;base;ok;optimal;0.924;;646.822;646.822;96.822;0.0;0.0;;;0.0;0.0;550.0;16;5;3;5;99.328
scn_few-tight_seed2_P2_pl5.xlsx;soft12;fast;ok;optimal;0.983;;646.822;646.822;96.822;0.0;0.0;;;0.0;0.0;550.0;16;5;3;5;99.328
scn_few-tight_seed2_P2_pl5.xlsx;soft12;feasible;ok;optimal;1.212;;646.822;646.822;96.822;0.0;0.0;;;0.0;0.0;550.0;16;5;3;5;99.328
scn_few-tight_seed2_P2_pl5.xlsx;soft;base;ok;optimal;1.098;;646.822;646.822;96.822;0.0;0.0;;;0.0;0.0;550.0;16;5;3;5;99.328
scn_few-tight_seed2_P2_pl5.xlsx;soft;fast;ok;optimal;1.073;;646.822;646.822;96.822;0.0;0.0;;;0.0;0.0;550.0;16;5;3;5;99.328
scn_few-tight_seed2_P2_pl5.xlsx;soft;feasible;ok;optimal;1.086;;646.822;646.822;96.822;0.0;0.0;;;0.0;0.0;550.0;16;5;3;5;99.328
scn_few-tight_seed2_P2_pl5.xlsx;medium;base;ok;optimal;1.387;;646.822;646.822;96.822;0.0;0.0;0.0;;0.0;0.0;550.0;16;5;3;5;99.328
scn_few-tight_seed2_P2_pl5.xlsx;medium;fast;ok;optimal;1.002;;646.822;646.822;96.822;0.0;0.0;0.0;;0.0;0.0;550.0;16;5;3;5;99.328
scn_few-tight_seed2_P2_pl5.xlsx;medium;feasible;ok;optimal;1.124;;646.822;646.822;96.822;0.0;0.0;0.0;;0.0;0.0;550.0;16;5;3;5;99.328
scn_few-tight_seed2_P2_pl5.xlsx;hard;base;ok;optimal;1.115;;646.822;646.822;96.822;0.0;0.0;0.0;0.0;0.0;0.0;550.0;16;5;3;5;99.328
scn_few-tight_seed2_P2_pl5.xlsx;hard;fast;ok;optimal;1.521;;646.822;646.822;96.822;0.0;0.0;0.0;0.0;0.0;0.0;550.0;16;5;3;5;99.328
scn_few-tight_seed2_P2_pl5.xlsx;hard;feasible;ok;optimal;1.513;;646.822;646.822;96.822;0.0;0.0;0.0;0.0;0.0;0.0;550.0;16;5;3;5;99.328
scn_few-tight_seed3_P2_pl5.xlsx;soft12;base;ok;optimal;0.846;;502.932;502.932;72.932;0.0;0.0;;;0.0;430.0;0.0;13;5;3;5;75.761
scn_few-tight_seed3_P2_pl5.xlsx;soft12;fast;ok;optimal;0.69;;502.932;502.932;72.932;0.0;0.0;;;0.0;430.0;0.0;13;5;3;5;75.761
scn_few-tight_seed3_P2_pl5.xlsx;soft12;feasible;ok;optimal;0.822;;502.932;502.932;72.932;0.0;0.0;;;0.0;430.0;0.0;13;5;3;5;75.761
scn_few-tight_seed3_P2_pl5.xlsx;soft;base;ok;optimal;0.627;;502.932;502.932;72.932;0.0;0.0;;;0.0;430.0;0.0;13;5;3;5;75.761
scn_few-tight_seed3_P2_pl5.xlsx;soft;fast;ok;optimal;0.698;;502.932;502.932;72.932;0.0;0.0;;;0.0;430.0;0.0;13;5;3;5;75.761
scn_few-tight_seed3_P2_pl5.xlsx;soft;feasible;ok;optimal;0.737;;502.932;502.932;72.932;0.0;0.0;;;0.0;430.0;0.0;13;5;3;5;75.761
scn_few-tight_seed3_P2_pl5.xlsx;medium;base;ok;optimal;0.655;;502.932;502.932;72.932;0.0;0.0;0.0;;0.0;0.0;430.0;13;5;3;5;75.761
scn_few-tight_seed3_P2_pl5.xlsx;medium;fast;ok;optimal;0.996;;502.932;502.932;72.932;0.0;0.0;0.0;;0.0;0.0;430.0;13;5;3;5;75.761
scn_few-tight_seed3_P2_pl5.xlsx;medium;feasible;ok;optimal;0.938;;502.932;502.932;72.932;0.0;0.0;0.0;;0.0;0.0;430.0;13;5;3;5;75.761
scn_few-tight_seed3_P2_pl5.xlsx;hard;base;ok;optimal;0.727;;502.932;502.932;72.932;0.0;0.0;0.0;0.0;0.0;0.0;430.0;13;5;3;5;75.761
scn_few-tight_seed3_P2_pl5.xlsx;hard;fast;ok;optimal;0.765;;502.932;502.932;72.932;0.0;0.0;0.0;0.0;0.0;0.0;430.0;13;5;3;5;75.761
scn_few-tight_seed3_P2_pl5.xlsx;hard;feasible;ok;optimal;0.887;;502.932;502.932;72.932;0.0;0.0;0.0;0.0;0.0;0.0;430.0;13;5;3;5;75.761
scn_few-tight_seed4_P2_pl5.xlsx;soft12;base;ok;optimal;1.306;;659.18;6.591.800.000.000.000;9.917.999.999.999.990;0.0;0.0;;;0.0;0.0;560.0;17;5;3;5;101.358
scn_few-tight_seed4_P2_pl5.xlsx;soft12;fast;ok;optimal;1.146;;659.18;6.591.800.000.000.000;9.917.999.999.999.990;0.0;0.0;;;0.0;0.0;560.0;17;5;3;5;101.358
scn_few-tight_seed4_P2_pl5.xlsx;soft12;feasible;ok;optimal;1.145;;659.18;6.591.800.000.000.000;9.917.999.999.999.990;0.0;0.0;;;0.0;0.0;560.0;17;5;3;5;101.358
scn_few-tight_seed4_P2_pl5.xlsx;soft;base;ok;optimal;1.006;;659.18;6.591.800.000.000.000;9.917.999.999.999.990;0.0;0.0;;;0.0;0.0;560.0;17;5;3;5;101.358
scn_few-tight_seed4_P2_pl5.xlsx;soft;fast;ok;optimal;1.43;;659.18;6.591.800.000.000.000;9.917.999.999.999.990;0.0;0.0;;;0.0;0.0;560.0;17;5;3;5;101.358
scn_few-tight_seed4_P2_pl5.xlsx;soft;feasible;ok;optimal;1.328;;659.18;6.591.800.000.000.000;9.917.999.999.999.990;0.0;0.0;;;0.0;0.0;560.0;17;5;3;5;101.358
scn_few-tight_seed4_P2_pl5.xlsx;medium;base;ok;optimal;1.098;;659.18;6.591.800.000.000.000;9.917.999.999.999.990;0.0;0.0;0.0;;0.0;0.0;560.0;17;5;3;5;101.358
scn_few-tight_seed4_P2_pl5.xlsx;medium;fast;ok;optimal;1.498;;659.18;6.591.800.000.000.000;9.917.999.999.999.990;0.0;0.0;0.0;;0.0;0.0;560.0;17;5;3;5;101.358
scn_few-tight_seed4_P2_pl5.xlsx;medium;feasible;ok;optimal;2.293;;659.18;6.591.800.000.000.000;9.917.999.999.999.990;0.0;0.0;0.0;;0.0;0.0;560.0;17;5;3;5;101.358
scn_few-tight_seed4_P2_pl5.xlsx;hard;base;ok;optimal;1.705;;659.18;6.591.800.000.000.000;9.917.999.999.999.990;0.0;0.0;0.0;0.0;0.0;0.0;560.0;17;5;3;5;101.358
scn_few-tight_seed4_P2_pl5.xlsx;hard;fast;ok;optimal;1.574;;659.18;6.591.800.000.000.000;9.917.999.999.999.990;0.0;0.0;0.0;0.0;0.0;0.0;560.0;17;5;3;5;101.358
scn_few-tight_seed4_P2_pl5.xlsx;hard;feasible;ok;optimal;1.252;;659.18;6.591.800.000.000.000;9.917.999.999.999.990;0.0;0.0;0.0;0.0;0.0;0.0;560.0;17;5;3;5;101.358
scn_few-tight_seed5_P2_pl5.xlsx;soft12;base;ok;optimal;0.883;;605.177;605.177;90.177;0.0;0.0;;;0.0;515.0;0.0;16;5;3;5;92.424
scn_few-tight_seed5_P2_pl5.xlsx;soft12;fast;ok;optimal;0.936;;605.177;605.177;90.177;0.0;0.0;;;0.0;515.0;0.0;16;5;3;5;92.424
scn_few-tight_seed5_P2_pl5.xlsx;soft12;feasible;ok;optimal;0.945;;605.177;605.177;90.177;0.0;0.0;;;0.0;515.0;0.0;16;5;3;5;92.424
scn_few-tight_seed5_P2_pl5.xlsx;soft;base;ok;optimal;1.038;;605.177;605.177;90.177;0.0;0.0;;;0.0;515.0;0.0;16;5;3;5;92.424
scn_few-tight_seed5_P2_pl5.xlsx;soft;fast;ok;optimal;1.023;;605.177;605.177;90.177;0.0;0.0;;;0.0;515.0;0.0;16;5;3;5;92.424
scn_few-tight_seed5_P2_pl5.xlsx;soft;feasible;ok;optimal;1.676;;605.177;605.177;90.177;0.0;0.0;;;0.0;515.0;0.0;16;5;3;5;92.424
scn_few-tight_seed5_P2_pl5.xlsx;medium;base;ok;optimal;1.277;;605.177;605.177;90.177;0.0;0.0;0.0;;0.0;0.0;515.0;16;5;3;5;92.424
scn_few-tight_seed5_P2_pl5.xlsx;medium;fast;ok;optimal;1.583;;605.177;605.177;90.177;0.0;0.0;0.0;;0.0;0.0;515.0;16;5;3;5;92.424
scn_few-tight_seed5_P2_pl5.xlsx;medium;feasible;ok;optimal;1.188;;605.177;605.177;90.177;0.0;0.0;0.0;;0.0;0.0;515.0;16;5;3;5;92.424
scn_few-tight_seed5_P2_pl5.xlsx;hard;base;ok;optimal;0.938;;605.177;605.177;90.177;0.0;0.0;0.0;0.0;0.0;0.0;515.0;16;5;3;5;92.424
scn_few-tight_seed5_P2_pl5.xlsx;hard;fast;ok;optimal;1.066;;605.177;605.177;90.177;0.0;0.0;0.0;0.0;0.0;0.0;515.0;16;5;3;5;92.424
scn_few-tight_seed5_P2_pl5.xlsx;hard;feasible;ok;optimal;1.028;;605.177;605.177;90.177;0.0;0.0;0.0;0.0;0.0;0.0;515.0;16;5;3;5;92.424
scn_few-tight_seed6_P2_pl5.xlsx;soft12;base;warning;infeasible;0.632;;inf;inf;0.0;0.0;0.0;;;0.0;0.0;0.0;15;5;3;5;102.366
scn_few-tight_seed6_P2_pl5.xlsx;soft12;fast;warning;infeasible;0.789;;inf;inf;0.0;0.0;0.0;;;0.0;0.0;0.0;15;5;3;5;102.366
scn_few-tight_seed6_P2_pl5.xlsx;soft12;feasible;warning;infeasible;1.875;;inf;inf;0.0;0.0;0.0;;;0.0;0.0;0.0;15;5;3;5;102.366
scn_few-tight_seed6_P2_pl5.xlsx;soft;base;warning;infeasible;0.692;;inf;inf;0.0;0.0;0.0;;;0.0;0.0;0.0;15;5;3;5;102.366
scn_few-tight_seed6_P2_pl5.xlsx;soft;fast;warning;infeasible;0.734;;inf;inf;0.0;0.0;0.0;;;0.0;0.0;0.0;15;5;3;5;102.366
scn_few-tight_seed6_P2_pl5.xlsx;soft;feasible;warning;infeasible;0.625;;inf;inf;0.0;0.0;0.0;;;0.0;0.0;0.0;15;5;3;5;102.366
scn_few-tight_seed6_P2_pl5.xlsx;medium;base;warning;infeasible;0.648;;inf;inf;0.0;0.0;0.0;0.0;;0.0;0.0;0.0;15;5;3;5;102.366
scn_few-tight_seed6_P2_pl5.xlsx;medium;fast;warning;infeasible;0.705;;inf;inf;0.0;0.0;0.0;0.0;;0.0;0.0;0.0;15;5;3;5;102.366
scn_few-tight_seed6_P2_pl5.xlsx;medium;feasible;warning;infeasible;0.677;;inf;inf;0.0;0.0;0.0;0.0;;0.0;0.0;0.0;15;5;3;5;102.366
scn_few-tight_seed6_P2_pl5.xlsx;hard;base;warning;infeasible;0.814;;inf;inf;0.0;0.0;0.0;0.0;0.0;0.0;0.0;0.0;15;5;3;5;102.366
scn_few-tight_seed6_P2_pl5.xlsx;hard;fast;warning;infeasible;0.689;;inf;inf;0.0;0.0;0.0;0.0;0.0;0.0;0.0;0.0;15;5;3;5;102.366
scn_few-tight_seed6_P2_pl5.xlsx;hard;feasible;warning;infeasible;0.673;;inf;inf;0.0;0.0;0.0;0.0;0.0;0.0;0.0;0.0;15;5;3;5;102.366
scn_few-tight_seed7_P2_pl5.xlsx;soft12;base;ok;optimal;0.845;;5.938.620.000.000.000;5.938.620.000.000.000;8.886.200.000.000.000;0.0;0.0;;;0.0;505.0;0.0;16;5;3;5;90.961
scn_few-tight_seed7_P2_pl5.xlsx;soft12;fast;ok;optimal;0.961;;5.938.620.000.000.000;5.938.620.000.000.000;8.886.200.000.000.000;0.0;0.0;;;0.0;505.0;0.0;16;5;3;5;90.961
scn_few-tight_seed7_P2_pl5.xlsx;soft12;feasible;ok;optimal;1.066;;5.938.620.000.000.000;5.938.620.000.000.000;8.886.200.000.000.000;0.0;0.0;;;0.0;505.0;0.0;16;5;3;5;90.961
scn_few-tight_seed7_P2_pl5.xlsx;soft;base;ok;optimal;0.905;;5.938.620.000.000.000;5.938.620.000.000.000;8.886.200.000.000.000;0.0;0.0;;;0.0;505.0;0.0;16;5;3;5;90.961
scn_few-tight_seed7_P2_pl5.xlsx;soft;fast;ok;optimal;0.892;;5.938.620.000.000.000;5.938.620.000.000.000;8.886.200.000.000.000;0.0;0.0;;;0.0;505.0;0.0;16;5;3;5;90.961
scn_few-tight_seed7_P2_pl5.xlsx;soft;feasible;ok;optimal;0.965;;5.938.620.000.000.000;5.938.620.000.000.000;8.886.200.000.000.000;0.0;0.0;;;0.0;505.0;0.0;16;5;3;5;90.961
scn_few-tight_seed7_P2_pl5.xlsx;medium;base;ok;optimal;0.883;;593.862;5.938.620.000.000.000;8.886.200.000.000.000;0.0;0.0;0.0;;0.0;0.0;505.0;16;5;3;5;90.961
scn_few-tight_seed7_P2_pl5.xlsx;medium;fast;ok;optimal;1.184;;593.862;5.938.620.000.000.000;8.886.200.000.000.000;0.0;0.0;0.0;;0.0;0.0;505.0;16;5;3;5;90.961
scn_few-tight_seed7_P2_pl5.xlsx;medium;feasible;ok;optimal;1.019;;593.862;5.938.620.000.000.000;8.886.200.000.000.000;0.0;0.0;0.0;;0.0;0.0;505.0;16;5;3;5;90.961
scn_few-tight_seed7_P2_pl5.xlsx;hard;base;ok;optimal;0.891;;593.862;5.938.620.000.000.000;8.886.200.000.000.000;0.0;0.0;0.0;0.0;0.0;0.0;505.0;16;5;3;5;90.961
scn_few-tight_seed7_P2_pl5.xlsx;hard;fast;ok;optimal;1.12;;593.862;5.938.620.000.000.000;8.886.200.000.000.000;0.0;0.0;0.0;0.0;0.0;0.0;505.0;16;5;3;5;90.961
scn_few-tight_seed7_P2_pl5.xlsx;hard;feasible;ok;optimal;1.789;;593.862;5.938.620.000.000.000;8.886.200.000.000.000;0.0;0.0;0.0;0.0;0.0;0.0;505.0;16;5;3;5;90.961
scn_few-tight_seed8_P2_pl5.xlsx;soft12;base;warning;infeasible;0.771;;inf;inf;0.0;0.0;0.0;;;0.0;0.0;0.0;16;5;3;5;98.785
scn_few-tight_seed8_P2_pl5.xlsx;soft12;fast;warning;infeasible;0.637;;inf;inf;0.0;0.0;0.0;;;0.0;0.0;0.0;16;5;3;5;98.785
scn_few-tight_seed8_P2_pl5.xlsx;soft12;feasible;warning;infeasible;0.741;;inf;inf;0.0;0.0;0.0;;;0.0;0.0;0.0;16;5;3;5;98.785
scn_few-tight_seed8_P2_pl5.xlsx;soft;base;warning;infeasible;1.138;;inf;inf;0.0;0.0;0.0;;;0.0;0.0;0.0;16;5;3;5;98.785
scn_few-tight_seed8_P2_pl5.xlsx;soft;fast;warning;infeasible;1.79;;inf;inf;0.0;0.0;0.0;;;0.0;0.0;0.0;16;5;3;5;98.785
scn_few-tight_seed8_P2_pl5.xlsx;soft;feasible;warning;infeasible;1.457;;inf;inf;0.0;0.0;0.0;;;0.0;0.0;0.0;16;5;3;5;98.785
scn_few-tight_seed8_P2_pl5.xlsx;medium;base;warning;infeasible;1.312;;inf;inf;0.0;0.0;0.0;0.0;;0.0;0.0;0.0;16;5;3;5;98.785
scn_few-tight_seed8_P2_pl5.xlsx;medium;fast;warning;infeasible;0.942;;inf;inf;0.0;0.0;0.0;0.0;;0.0;0.0;0.0;16;5;3;5;98.785
scn_few-tight_seed8_P2_pl5.xlsx;medium;feasible;warning;infeasible;0.959;;inf;inf;0.0;0.0;0.0;0.0;;0.0;0.0;0.0;16;5;3;5;98.785
scn_few-tight_seed8_P2_pl5.xlsx;hard;base;warning;infeasible;0.712;;inf;inf;0.0;0.0;0.0;0.0;0.0;0.0;0.0;0.0;16;5;3;5;98.785
scn_few-tight_seed8_P2_pl5.xlsx;hard;fast;warning;infeasible;0.679;;inf;inf;0.0;0.0;0.0;0.0;0.0;0.0;0.0;0.0;16;5;3;5;98.785
scn_few-tight_seed8_P2_pl5.xlsx;hard;feasible;warning;infeasible;0.697;;inf;inf;0.0;0.0;0.0;0.0;0.0;0.0;0.0;0.0;16;5;3;5;98.785
scn_few-tight_seed9_P2_pl5.xlsx;soft12;base;warning;infeasible;0.518;;inf;inf;0.0;0.0;0.0;;;0.0;0.0;0.0;13;5;3;5;86.406
scn_few-tight_seed9_P2_pl5.xlsx;soft12;fast;warning;infeasible;0.585;;inf;inf;0.0;0.0;0.0;;;0.0;0.0;0.0;13;5;3;5;86.406
scn_few-tight_seed9_P2_pl5.xlsx;soft12;feasible;warning;infeasible;0.501;;inf;inf;0.0;0.0;0.0;;;0.0;0.0;0.0;13;5;3;5;86.406
scn_few-tight_seed9_P2_pl5.xlsx;soft;base;warning;infeasible;0.492;;inf;inf;0.0;0.0;0.0;;;0.0;0.0;0.0;13;5;3;5;86.406
scn_few-tight_seed9_P2_pl5.xlsx;soft;fast;warning;infeasible;0.502;;inf;inf;0.0;0.0;0.0;;;0.0;0.0;0.0;13;5;3;5;86.406
scn_few-tight_seed9_P2_pl5.xlsx;soft;feasible;warning;infeasible;0.489;;inf;inf;0.0;0.0;0.0;;;0.0;0.0;0.0;13;5;3;5;86.406
scn_few-tight_seed9_P2_pl5.xlsx;medium;base;warning;infeasible;0.545;;inf;inf;0.0;0.0;0.0;0.0;;0.0;0.0;0.0;13;5;3;5;86.406
scn_few-tight_seed9_P2_pl5.xlsx;medium;fast;warning;infeasible;0.511;;inf;inf;0.0;0.0;0.0;0.0;;0.0;0.0;0.0;13;5;3;5;86.406
scn_few-tight_seed9_P2_pl5.xlsx;medium;feasible;warning;infeasible;0.52;;inf;inf;0.0;0.0;0.0;0.0;;0.0;0.0;0.0;13;5;3;5;86.406
scn_few-tight_seed9_P2_pl5.xlsx;hard;base;warning;infeasible;0.513;;inf;inf;0.0;0.0;0.0;0.0;0.0;0.0;0.0;0.0;13;5;3;5;86.406
scn_few-tight_seed9_P2_pl5.xlsx;hard;fast;warning;infeasible;0.548;;inf;inf;0.0;0.0;0.0;0.0;0.0;0.0;0.0;0.0;13;5;3;5;86.406
scn_few-tight_seed9_P2_pl5.xlsx;hard;feasible;warning;infeasible;0.579;;inf;inf;0.0;0.0;0.0;0.0;0.0;0.0;0.0;0.0;13;5;3;5;86.406
scn_heavy-tight_seed1_P4_pl30.xlsx;soft12;base;warning;infeasible;17.089;;inf;inf;0.0;0.0;0.0;;;0.0;0.0;0.0;95;30;8;5;202.482
scn_heavy-tight_seed1_P4_pl30.xlsx;soft12;fast;warning;infeasible;20.105;;inf;inf;0.0;0.0;0.0;;;0.0;0.0;0.0;95;30;8;5;202.482
scn_heavy-tight_seed1_P4_pl30.xlsx;soft12;feasible;warning;infeasible;19.809;;inf;inf;0.0;0.0;0.0;;;0.0;0.0;0.0;95;30;8;5;202.482
scn_heavy-tight_seed1_P4_pl30.xlsx;soft;base;warning;infeasible;21.362;;inf;inf;0.0;0.0;0.0;;;0.0;0.0;0.0;95;30;8;5;202.482
scn_heavy-tight_seed1_P4_pl30.xlsx;soft;fast;warning;infeasible;20.77;;inf;inf;0.0;0.0;0.0;;;0.0;0.0;0.0;95;30;8;5;202.482
scn_heavy-tight_seed1_P4_pl30.xlsx;soft;feasible;warning;infeasible;22.691;;inf;inf;0.0;0.0;0.0;;;0.0;0.0;0.0;95;30;8;5;202.482
scn_heavy-tight_seed1_P4_pl30.xlsx;medium;base;warning;infeasible;24.149;;inf;inf;0.0;0.0;0.0;0.0;;0.0;0.0;0.0;95;30;8;5;202.482
scn_heavy-tight_seed1_P4_pl30.xlsx;medium;fast;warning;infeasible;25.391;;inf;inf;0.0;0.0;0.0;0.0;;0.0;0.0;0.0;95;30;8;5;202.482
scn_heavy-tight_seed1_P4_pl30.xlsx;medium;feasible;warning;infeasible;23.574;;inf;inf;0.0;0.0;0.0;0.0;;0.0;0.0;0.0;95;30;8;5;202.482
scn_heavy-tight_seed1_P4_pl30.xlsx;hard;base;warning;infeasible;20.89;;inf;inf;0.0;0.0;0.0;0.0;0.0;0.0;0.0;0.0;95;30;8;5;202.482
scn_heavy-tight_seed1_P4_pl30.xlsx;hard;fast;warning;infeasible;28.679;;inf;inf;0.0;0.0;0.0;0.0;0.0;0.0;0.0;0.0;95;30;8;5;202.482
scn_heavy-tight_seed1_P4_pl30.xlsx;hard;feasible;warning;infeasible;26.443;;inf;inf;0.0;0.0;0.0;0.0;0.0;0.0;0.0;0.0;95;30;8;5;202.482
scn_heavy-tight_seed2_P4_pl30.xlsx;soft12;base;warning;infeasible;20.271;;inf;inf;0.0;0.0;0.0;;;0.0;0.0;0.0;92;30;8;5;201.798
scn_heavy-tight_seed2_P4_pl30.xlsx;soft12;fast;warning;infeasible;20.179;;inf;inf;0.0;0.0;0.0;;;0.0;0.0;0.0;92;30;8;5;201.798
scn_heavy-tight_seed2_P4_pl30.xlsx;soft12;feasible;warning;infeasible;23.237;;inf;inf;0.0;0.0;0.0;;;0.0;0.0;0.0;92;30;8;5;201.798
scn_heavy-tight_seed2_P4_pl30.xlsx;soft;base;warning;infeasible;16.589;;inf;inf;0.0;0.0;0.0;;;0.0;0.0;0.0;92;30;8;5;201.798
scn_heavy-tight_seed2_P4_pl30.xlsx;soft;fast;warning;infeasible;21.931;;inf;inf;0.0;0.0;0.0;;;0.0;0.0;0.0;92;30;8;5;201.798
scn_heavy-tight_seed2_P4_pl30.xlsx;soft;feasible;warning;infeasible;21.931;;inf;inf;0.0;0.0;0.0;;;0.0;0.0;0.0;92;30;8;5;201.798
scn_heavy-tight_seed2_P4_pl30.xlsx;medium;base;warning;infeasible;27.906;;inf;inf;0.0;0.0;0.0;0.0;;0.0;0.0;0.0;92;30;8;5;201.798
scn_heavy-tight_seed2_P4_pl30.xlsx;medium;fast;warning;infeasible;28.072;;inf;inf;0.0;0.0;0.0;0.0;;0.0;0.0;0.0;92;30;8;5;201.798
scn_heavy-tight_seed2_P4_pl30.xlsx;medium;feasible;warning;infeasible;26.982;;inf;inf;0.0;0.0;0.0;0.0;;0.0;0.0;0.0;92;30;8;5;201.798
scn_heavy-tight_seed2_P4_pl30.xlsx;hard;base;warning;infeasible;24.737;;inf;inf;0.0;0.0;0.0;0.0;0.0;0.0;0.0;0.0;92;30;8;5;201.798
scn_heavy-tight_seed2_P4_pl30.xlsx;hard;fast;warning;infeasible;25.02;;inf;inf;0.0;0.0;0.0;0.0;0.0;0.0;0.0;0.0;92;30;8;5;201.798
scn_heavy-tight_seed2_P4_pl30.xlsx;hard;feasible;warning;infeasible;26.975;;inf;inf;0.0;0.0;0.0;0.0;0.0;0.0;0.0;0.0;92;30;8;5;201.798
scn_heavy-tight_seed3_P4_pl30.xlsx;soft12;base;warning;infeasible;15.02;;inf;inf;0.0;0.0;0.0;;;0.0;0.0;0.0;86;30;8;5;193.856
scn_heavy-tight_seed3_P4_pl30.xlsx;soft12;fast;warning;infeasible;18.928;;inf;inf;0.0;0.0;0.0;;;0.0;0.0;0.0;86;30;8;5;193.856
scn_heavy-tight_seed3_P4_pl30.xlsx;soft12;feasible;warning;infeasible;18.185;;inf;inf;0.0;0.0;0.0;;;0.0;0.0;0.0;86;30;8;5;193.856
scn_heavy-tight_seed3_P4_pl30.xlsx;soft;base;warning;infeasible;15.757;;inf;inf;0.0;0.0;0.0;;;0.0;0.0;0.0;86;30;8;5;193.856
scn_heavy-tight_seed3_P4_pl30.xlsx;soft;fast;warning;infeasible;21.248;;inf;inf;0.0;0.0;0.0;;;0.0;0.0;0.0;86;30;8;5;193.856
scn_heavy-tight_seed3_P4_pl30.xlsx;soft;feasible;warning;infeasible;17.968;;inf;inf;0.0;0.0;0.0;;;0.0;0.0;0.0;86;30;8;5;193.856
scn_heavy-tight_seed3_P4_pl30.xlsx;medium;base;warning;infeasible;19.052;;inf;inf;0.0;0.0;0.0;0.0;;0.0;0.0;0.0;86;30;8;5;193.856
scn_heavy-tight_seed3_P4_pl30.xlsx;medium;fast;warning;infeasible;29.378;;inf;inf;0.0;0.0;0.0;0.0;;0.0;0.0;0.0;86;30;8;5;193.856
scn_heavy-tight_seed3_P4_pl30.xlsx;medium;feasible;warning;infeasible;24.966;;inf;inf;0.0;0.0;0.0;0.0;;0.0;0.0;0.0;86;30;8;5;193.856
scn_heavy-tight_seed3_P4_pl30.xlsx;hard;base;warning;infeasible;21.043;;inf;inf;0.0;0.0;0.0;0.0;0.0;0.0;0.0;0.0;86;30;8;5;193.856
scn_heavy-tight_seed3_P4_pl30.xlsx;hard;fast;warning;infeasible;24.393;;inf;inf;0.0;0.0;0.0;0.0;0.0;0.0;0.0;0.0;86;30;8;5;193.856
scn_heavy-tight_seed3_P4_pl30.xlsx;hard;feasible;warning;infeasible;24.532;;inf;inf;0.0;0.0;0.0;0.0;0.0;0.0;0.0;0.0;86;30;8;5;193.856
scn_heavy-tight_seed4_P4_pl30.xlsx;soft12;base;warning;infeasible;17.127;;inf;inf;0.0;0.0;0.0;;;0.0;0.0;0.0;86;30;8;5;198.971
scn_heavy-tight_seed4_P4_pl30.xlsx;soft12;fast;warning;infeasible;22.774;;inf;inf;0.0;0.0;0.0;;;0.0;0.0;0.0;86;30;8;5;198.971
scn_heavy-tight_seed4_P4_pl30.xlsx;soft12;feasible;warning;infeasible;18.633;;inf;inf;0.0;0.0;0.0;;;0.0;0.0;0.0;86;30;8;5;198.971
scn_heavy-tight_seed4_P4_pl30.xlsx;soft;base;warning;infeasible;14.708;;inf;inf;0.0;0.0;0.0;;;0.0;0.0;0.0;86;30;8;5;198.971
scn_heavy-tight_seed4_P4_pl30.xlsx;soft;fast;warning;infeasible;19.62;;inf;inf;0.0;0.0;0.0;;;0.0;0.0;0.0;86;30;8;5;198.971
scn_heavy-tight_seed4_P4_pl30.xlsx;soft;feasible;warning;infeasible;20.242;;inf;inf;0.0;0.0;0.0;;;0.0;0.0;0.0;86;30;8;5;198.971
scn_heavy-tight_seed4_P4_pl30.xlsx;medium;base;warning;infeasible;19.912;;inf;inf;0.0;0.0;0.0;0.0;;0.0;0.0;0.0;86;30;8;5;198.971
scn_heavy-tight_seed4_P4_pl30.xlsx;medium;fast;warning;infeasible;26.34;;inf;inf;0.0;0.0;0.0;0.0;;0.0;0.0;0.0;86;30;8;5;198.971
scn_heavy-tight_seed4_P4_pl30.xlsx;medium;feasible;warning;infeasible;27.923;;inf;inf;0.0;0.0;0.0;0.0;;0.0;0.0;0.0;86;30;8;5;198.971
scn_heavy-tight_seed4_P4_pl30.xlsx;hard;base;warning;infeasible;22.237;;inf;inf;0.0;0.0;0.0;0.0;0.0;0.0;0.0;0.0;86;30;8;5;198.971
scn_heavy-tight_seed4_P4_pl30.xlsx;hard;fast;warning;infeasible;25.971;;inf;inf;0.0;0.0;0.0;0.0;0.0;0.0;0.0;0.0;86;30;8;5;198.971
scn_heavy-tight_seed4_P4_pl30.xlsx;hard;feasible;warning;infeasible;24.597;;inf;inf;0.0;0.0;0.0;0.0;0.0;0.0;0.0;0.0;86;30;8;5;198.971
scn_heavy-tight_seed5_P4_pl30.xlsx;soft12;base;warning;infeasible;16.746;;inf;inf;0.0;0.0;0.0;;;0.0;0.0;0.0;90;30;8;5;196.27
scn_heavy-tight_seed5_P4_pl30.xlsx;soft12;fast;warning;infeasible;22.786;;inf;inf;0.0;0.0;0.0;;;0.0;0.0;0.0;90;30;8;5;196.27
scn_heavy-tight_seed5_P4_pl30.xlsx;soft12;feasible;warning;infeasible;20.891;;inf;inf;0.0;0.0;0.0;;;0.0;0.0;0.0;90;30;8;5;196.27
scn_heavy-tight_seed5_P4_pl30.xlsx;soft;base;warning;infeasible;16.594;;inf;inf;0.0;0.0;0.0;;;0.0;0.0;0.0;90;30;8;5;196.27
scn_heavy-tight_seed5_P4_pl30.xlsx;soft;fast;warning;infeasible;22.903;;inf;inf;0.0;0.0;0.0;;;0.0;0.0;0.0;90;30;8;5;196.27
scn_heavy-tight_seed5_P4_pl30.xlsx;soft;feasible;warning;infeasible;20.995;;inf;inf;0.0;0.0;0.0;;;0.0;0.0;0.0;90;30;8;5;196.27
scn_heavy-tight_seed5_P4_pl30.xlsx;medium;base;warning;infeasible;23.641;;inf;inf;0.0;0.0;0.0;0.0;;0.0;0.0;0.0;90;30;8;5;196.27
scn_heavy-tight_seed5_P4_pl30.xlsx;medium;fast;warning;infeasible;27.282;;inf;inf;0.0;0.0;0.0;0.0;;0.0;0.0;0.0;90;30;8;5;196.27
scn_heavy-tight_seed5_P4_pl30.xlsx;medium;feasible;warning;infeasible;26.916;;inf;inf;0.0;0.0;0.0;0.0;;0.0;0.0;0.0;90;30;8;5;196.27
scn_heavy-tight_seed5_P4_pl30.xlsx;hard;base;warning;infeasible;24.122;;inf;inf;0.0;0.0;0.0;0.0;0.0;0.0;0.0;0.0;90;30;8;5;196.27
scn_heavy-tight_seed5_P4_pl30.xlsx;hard;fast;warning;infeasible;33.799;;inf;inf;0.0;0.0;0.0;0.0;0.0;0.0;0.0;0.0;90;30;8;5;196.27
scn_heavy-tight_seed5_P4_pl30.xlsx;hard;feasible;warning;infeasible;26.028;;inf;inf;0.0;0.0;0.0;0.0;0.0;0.0;0.0;0.0;90;30;8;5;196.27
scn_heavy-tight_seed6_P4_pl30.xlsx;soft12;base;warning;infeasible;19.102;;inf;inf;0.0;0.0;0.0;;;0.0;0.0;0.0;96;30;8;5;201.665
scn_heavy-tight_seed6_P4_pl30.xlsx;soft12;fast;warning;infeasible;19.983;;inf;inf;0.0;0.0;0.0;;;0.0;0.0;0.0;96;30;8;5;201.665
scn_heavy-tight_seed6_P4_pl30.xlsx;soft12;feasible;warning;infeasible;23.625;;inf;inf;0.0;0.0;0.0;;;0.0;0.0;0.0;96;30;8;5;201.665
scn_heavy-tight_seed6_P4_pl30.xlsx;soft;base;warning;infeasible;18.303;;inf;inf;0.0;0.0;0.0;;;0.0;0.0;0.0;96;30;8;5;201.665
scn_heavy-tight_seed6_P4_pl30.xlsx;soft;fast;warning;infeasible;22.415;;inf;inf;0.0;0.0;0.0;;;0.0;0.0;0.0;96;30;8;5;201.665
scn_heavy-tight_seed6_P4_pl30.xlsx;soft;feasible;warning;infeasible;21.033;;inf;inf;0.0;0.0;0.0;;;0.0;0.0;0.0;96;30;8;5;201.665
scn_heavy-tight_seed6_P4_pl30.xlsx;medium;base;warning;infeasible;23.882;;inf;inf;0.0;0.0;0.0;0.0;;0.0;0.0;0.0;96;30;8;5;201.665
scn_heavy-tight_seed6_P4_pl30.xlsx;medium;fast;warning;infeasible;29.569;;inf;inf;0.0;0.0;0.0;0.0;;0.0;0.0;0.0;96;30;8;5;201.665
scn_heavy-tight_seed6_P4_pl30.xlsx;medium;feasible;warning;infeasible;35.749;;inf;inf;0.0;0.0;0.0;0.0;;0.0;0.0;0.0;96;30;8;5;201.665
scn_heavy-tight_seed6_P4_pl30.xlsx;hard;base;warning;infeasible;23.034;;inf;inf;0.0;0.0;0.0;0.0;0.0;0.0;0.0;0.0;96;30;8;5;201.665
scn_heavy-tight_seed6_P4_pl30.xlsx;hard;fast;warning;infeasible;27.926;;inf;inf;0.0;0.0;0.0;0.0;0.0;0.0;0.0;0.0;96;30;8;5;201.665
scn_heavy-tight_seed6_P4_pl30.xlsx;hard;feasible;warning;infeasible;28.312;;inf;inf;0.0;0.0;0.0;0.0;0.0;0.0;0.0;0.0;96;30;8;5;201.665
scn_heavy-tight_seed7_P4_pl30.xlsx;soft12;base;warning;infeasible;19.342;;inf;inf;0.0;0.0;0.0;;;0.0;0.0;0.0;90;30;8;5;202.458
scn_heavy-tight_seed7_P4_pl30.xlsx;soft12;fast;warning;infeasible;20.505;;inf;inf;0.0;0.0;0.0;;;0.0;0.0;0.0;90;30;8;5;202.458
scn_heavy-tight_seed7_P4_pl30.xlsx;soft12;feasible;warning;infeasible;24.477;;inf;inf;0.0;0.0;0.0;;;0.0;0.0;0.0;90;30;8;5;202.458
scn_heavy-tight_seed7_P4_pl30.xlsx;soft;base;warning;infeasible;22.876;;inf;inf;0.0;0.0;0.0;;;0.0;0.0;0.0;90;30;8;5;202.458
scn_heavy-tight_seed7_P4_pl30.xlsx;soft;fast;warning;infeasible;22.051;;inf;inf;0.0;0.0;0.0;;;0.0;0.0;0.0;90;30;8;5;202.458
scn_heavy-tight_seed7_P4_pl30.xlsx;soft;feasible;warning;infeasible;23.064;;inf;inf;0.0;0.0;0.0;;;0.0;0.0;0.0;90;30;8;5;202.458
scn_heavy-tight_seed7_P4_pl30.xlsx;medium;base;warning;infeasible;27.648;;inf;inf;0.0;0.0;0.0;0.0;;0.0;0.0;0.0;90;30;8;5;202.458
scn_heavy-tight_seed7_P4_pl30.xlsx;medium;fast;warning;infeasible;25.566;;inf;inf;0.0;0.0;0.0;0.0;;0.0;0.0;0.0;90;30;8;5;202.458
scn_heavy-tight_seed7_P4_pl30.xlsx;medium;feasible;warning;infeasible;25.242;;inf;inf;0.0;0.0;0.0;0.0;;0.0;0.0;0.0;90;30;8;5;202.458
scn_heavy-tight_seed7_P4_pl30.xlsx;hard;base;warning;infeasible;23.225;;inf;inf;0.0;0.0;0.0;0.0;0.0;0.0;0.0;0.0;90;30;8;5;202.458
scn_heavy-tight_seed7_P4_pl30.xlsx;hard;fast;warning;infeasible;30.574;;inf;inf;0.0;0.0;0.0;0.0;0.0;0.0;0.0;0.0;90;30;8;5;202.458
scn_heavy-tight_seed7_P4_pl30.xlsx;hard;feasible;warning;infeasible;29.888;;inf;inf;0.0;0.0;0.0;0.0;0.0;0.0;0.0;0.0;90;30;8;5;202.458
scn_heavy-tight_seed8_P4_pl30.xlsx;soft12;base;warning;infeasible;21.82;;inf;inf;0.0;0.0;0.0;;;0.0;0.0;0.0;89;30;8;5;202.101
scn_heavy-tight_seed8_P4_pl30.xlsx;soft12;fast;warning;infeasible;20.569;;inf;inf;0.0;0.0;0.0;;;0.0;0.0;0.0;89;30;8;5;202.101
scn_heavy-tight_seed8_P4_pl30.xlsx;soft12;feasible;warning;infeasible;20.844;;inf;inf;0.0;0.0;0.0;;;0.0;0.0;0.0;89;30;8;5;202.101
scn_heavy-tight_seed8_P4_pl30.xlsx;soft;base;warning;infeasible;16.263;;inf;inf;0.0;0.0;0.0;;;0.0;0.0;0.0;89;30;8;5;202.101
scn_heavy-tight_seed8_P4_pl30.xlsx;soft;fast;warning;infeasible;23.592;;inf;inf;0.0;0.0;0.0;;;0.0;0.0;0.0;89;30;8;5;202.101
scn_heavy-tight_seed8_P4_pl30.xlsx;soft;feasible;warning;infeasible;20.153;;inf;inf;0.0;0.0;0.0;;;0.0;0.0;0.0;89;30;8;5;202.101
scn_heavy-tight_seed8_P4_pl30.xlsx;medium;base;warning;infeasible;21.975;;inf;inf;0.0;0.0;0.0;0.0;;0.0;0.0;0.0;89;30;8;5;202.101
scn_heavy-tight_seed8_P4_pl30.xlsx;medium;fast;warning;infeasible;23.077;;inf;inf;0.0;0.0;0.0;0.0;;0.0;0.0;0.0;89;30;8;5;202.101
scn_heavy-tight_seed8_P4_pl30.xlsx;medium;feasible;warning;infeasible;29.691;;inf;inf;0.0;0.0;0.0;0.0;;0.0;0.0;0.0;89;30;8;5;202.101
scn_heavy-tight_seed8_P4_pl30.xlsx;hard;base;warning;infeasible;21.517;;inf;inf;0.0;0.0;0.0;0.0;0.0;0.0;0.0;0.0;89;30;8;5;202.101
scn_heavy-tight_seed8_P4_pl30.xlsx;hard;fast;warning;infeasible;23.422;;inf;inf;0.0;0.0;0.0;0.0;0.0;0.0;0.0;0.0;89;30;8;5;202.101
scn_heavy-tight_seed8_P4_pl30.xlsx;hard;feasible;warning;infeasible;23.828;;inf;inf;0.0;0.0;0.0;0.0;0.0;0.0;0.0;0.0;89;30;8;5;202.101
scn_many-medium_seed10_P5_pl20.xlsx;soft12;base;ERROR;Cannot load a SolverResults object with bad status: aborted;;;;;;;;;;;;;;;;;
scn_many-medium_seed10_P5_pl20.xlsx;soft12;fast;ERROR;Cannot load a SolverResults object with bad status: aborted;;;;;;;;;;;;;;;;;
scn_many-medium_seed10_P5_pl20.xlsx;soft12;feasible;ERROR;Cannot load a SolverResults object with bad status: aborted;;;;;;;;;;;;;;;;;
scn_many-medium_seed10_P5_pl20.xlsx;soft;base;ERROR;Cannot load a SolverResults object with bad status: aborted;;;;;;;;;;;;;;;;;
scn_many-medium_seed10_P5_pl20.xlsx;soft;fast;ERROR;Cannot load a SolverResults object with bad status: aborted;;;;;;;;;;;;;;;;;
scn_many-medium_seed10_P5_pl20.xlsx;soft;feasible;ERROR;Cannot load a SolverResults object with bad status: aborted;;;;;;;;;;;;;;;;;
scn_many-medium_seed10_P5_pl20.xlsx;medium;base;ERROR;Cannot load a SolverResults object with bad status: aborted;;;;;;;;;;;;;;;;;
scn_many-medium_seed10_P5_pl20.xlsx;medium;fast;ERROR;Cannot load a SolverResults object with bad status: aborted;;;;;;;;;;;;;;;;;
scn_many-medium_seed10_P5_pl20.xlsx;medium;feasible;ERROR;Cannot load a SolverResults object with bad status: aborted;;;;;;;;;;;;;;;;;
scn_many-medium_seed10_P5_pl20.xlsx;hard;base;ERROR;Cannot load a SolverResults object with bad status: aborted;;;;;;;;;;;;;;;;;
scn_many-medium_seed10_P5_pl20.xlsx;hard;fast;ERROR;Cannot load a SolverResults object with bad status: aborted;;;;;;;;;;;;;;;;;
scn_many-medium_seed10_P5_pl20.xlsx;hard;feasible;ERROR;Cannot load a SolverResults object with bad status: aborted;;;;;;;;;;;;;;;;;
scn_many-medium_seed11_P5_pl20.xlsx;soft12;base;ERROR;Cannot load a SolverResults object with bad status: aborted;;;;;;;;;;;;;;;;;
scn_many-medium_seed11_P5_pl20.xlsx;soft12;fast;ERROR;Cannot load a SolverResults object with bad status: aborted;;;;;;;;;;;;;;;;;
scn_many-medium_seed11_P5_pl20.xlsx;soft12;feasible;ERROR;Cannot load a SolverResults object with bad status: aborted;;;;;;;;;;;;;;;;;
scn_many-medium_seed11_P5_pl20.xlsx;soft;base;ERROR;Cannot load a SolverResults object with bad status: aborted;;;;;;;;;;;;;;;;;
scn_many-medium_seed11_P5_pl20.xlsx;soft;fast;ERROR;Cannot load a SolverResults object with bad status: aborted;;;;;;;;;;;;;;;;;
scn_many-medium_seed11_P5_pl20.xlsx;soft;feasible;ERROR;Cannot load a SolverResults object with bad status: aborted;;;;;;;;;;;;;;;;;
scn_many-medium_seed11_P5_pl20.xlsx;medium;base;ERROR;Cannot load a SolverResults object with bad status: aborted;;;;;;;;;;;;;;;;;
scn_many-medium_seed11_P5_pl20.xlsx;medium;fast;ERROR;Cannot load a SolverResults object with bad status: aborted;;;;;;;;;;;;;;;;;
scn_many-medium_seed11_P5_pl20.xlsx;medium;feasible;ERROR;Cannot load a SolverResults object with bad status: aborted;;;;;;;;;;;;;;;;;
scn_many-medium_seed11_P5_pl20.xlsx;hard;base;warning;infeasible;352.085;;inf;inf;0.0;0.0;0.0;0.0;0.0;0.0;0.0;0.0;44;20;6;5;83.895
scn_many-medium_seed11_P5_pl20.xlsx;hard;fast;warning;infeasible;198.672;;inf;inf;0.0;0.0;0.0;0.0;0.0;0.0;0.0;0.0;44;20;6;5;83.895
scn_many-medium_seed11_P5_pl20.xlsx;hard;feasible;warning;infeasible;464.898;;inf;inf;0.0;0.0;0.0;0.0;0.0;0.0;0.0;0.0;44;20;6;5;83.895
scn_many-medium_seed12_P5_pl20.xlsx;soft12;base;ERROR;Cannot load a SolverResults object with bad status: aborted;;;;;;;;;;;;;;;;;
scn_many-medium_seed12_P5_pl20.xlsx;soft12;fast;ERROR;Cannot load a SolverResults object with bad status: aborted;;;;;;;;;;;;;;;;;
scn_many-medium_seed12_P5_pl20.xlsx;soft12;feasible;ERROR;Cannot load a SolverResults object with bad status: aborted;;;;;;;;;;;;;;;;;
scn_many-medium_seed12_P5_pl20.xlsx;soft;base;ERROR;Cannot load a SolverResults object with bad status: aborted;;;;;;;;;;;;;;;;;
scn_many-medium_seed12_P5_pl20.xlsx;soft;fast;ERROR;Cannot load a SolverResults object with bad status: aborted;;;;;;;;;;;;;;;;;
scn_many-medium_seed12_P5_pl20.xlsx;soft;feasible;ERROR;Cannot load a SolverResults object with bad status: aborted;;;;;;;;;;;;;;;;;
scn_many-medium_seed12_P5_pl20.xlsx;medium;base;ERROR;Cannot load a SolverResults object with bad status: aborted;;;;;;;;;;;;;;;;;
scn_many-medium_seed12_P5_pl20.xlsx;medium;fast;ERROR;Cannot load a SolverResults object with bad status: aborted;;;;;;;;;;;;;;;;;
scn_many-medium_seed12_P5_pl20.xlsx;medium;feasible;ERROR;Cannot load a SolverResults object with bad status: aborted;;;;;;;;;;;;;;;;;
scn_many-medium_seed12_P5_pl20.xlsx;hard;base;warning;infeasible;144.947;;inf;inf;0.0;0.0;0.0;0.0;0.0;0.0;0.0;0.0;42;20;6;5;77.397
scn_many-medium_seed12_P5_pl20.xlsx;hard;fast;warning;infeasible;109.889;;inf;inf;0.0;0.0;0.0;0.0;0.0;0.0;0.0;0.0;42;20;6;5;77.397
