file,mode,solve_time_s,status,termination,gap,best_bound,objective,Tmax,client_delay_sum,viol_C_sum,client_switches,positions_slack_used,switches_slot_sum,presence_sum,idle_sum,n_positions,n_jobs,n_planes,n_clients,H
scn_few-loose_seed101.xlsx,soft12,0.692,ok,optimal,,,199.448,34.448,0.0,0.0,0.0,0.0,0.0,0.0,165.0,5.0,14.0,3.0,2.0,44.658
scn_few-loose_seed101.xlsx,soft,0.634,ok,optimal,,,199.448,34.448,0.0,4.0,0.0,0.0,0.0,0.0,165.0,5.0,14.0,3.0,2.0,44.658
scn_few-loose_seed101.xlsx,medium,0.84,ok,optimal,,,199.448,34.448,0.0,6.0,0.0,0.0,0.0,0.0,165.0,5.0,14.0,3.0,2.0,44.658
scn_few-loose_seed101.xlsx,hard,0.772,ok,optimal,,,199.448,34.448,0.0,2.0,0.0,0.0,0.0,0.0,165.0,5.0,14.0,3.0,2.0,44.658
scn_few-loose_seed102.xlsx,soft12,0.552,ok,optimal,,,186.059,30.059,0.0,0.0,0.0,0.0,0.0,0.0,156.0,5.0,12.0,3.0,2.0,41.311
scn_few-loose_seed102.xlsx,soft,0.556,ok,optimal,,,186.059,30.059,0.0,5.0,0.0,0.0,0.0,156.0,0.0,5.0,12.0,3.0,2.0,41.311
scn_few-loose_seed102.xlsx,medium,0.677,ok,optimal,,,186.059,30.059,0.0,5.0,0.0,0.0,0.0,0.0,156.0,5.0,12.0,3.0,2.0,41.311
scn_few-loose_seed102.xlsx,hard,0.606,ok,optimal,,,186.059,30.059,0.0,3.0,0.0,0.0,0.0,0.0,156.0,5.0,12.0,3.0,2.0,41.311
scn_few-loose_seed103.xlsx,soft12,0.493,ok,optimal,,,196.37,34.370000000000005,0.0,0.0,0.0,0.0,0.0,0.0,162.0,5.0,12.0,3.0,2.0,43.435
scn_few-loose_seed103.xlsx,soft,0.478,ok,optimal,,,196.37,34.370000000000005,0.0,6.0,0.0,0.0,0.0,0.0,162.0,5.0,12.0,3.0,2.0,43.435
scn_few-loose_seed103.xlsx,medium,0.541,ok,optimal,,,196.37,34.37,0.0,5.0,0.0,0.0,0.0,0.0,162.0,5.0,12.0,3.0,2.0,43.435
scn_few-loose_seed103.xlsx,hard,0.575,ok,optimal,,,196.37,34.37,0.0,3.0,0.0,0.0,0.0,0.0,162.0,5.0,12.0,3.0,2.0,43.435
scn_few-loose_seed104.xlsx,soft12,0.487,ok,optimal,,,166.124,28.124,0.0,0.0,0.0,0.0,0.0,0.0,138.0,5.0,10.0,3.0,2.0,35.236
scn_few-loose_seed104.xlsx,soft,0.407,ok,optimal,,,166.124,28.124,0.0,1.0,0.0,0.0,0.0,0.0,138.0,5.0,10.0,3.0,2.0,35.236
scn_few-loose_seed104.xlsx,medium,0.425,ok,optimal,,,166.124,28.124,0.0,2.0,0.0,0.0,0.0,0.0,138.0,5.0,10.0,3.0,2.0,35.236
scn_few-loose_seed104.xlsx,hard,0.378,ok,optimal,,,166.124,28.124,0.0,2.0,0.0,0.0,0.0,0.0,138.0,5.0,10.0,3.0,2.0,35.236
scn_few-loose_seed105.xlsx,soft12,0.502,ok,optimal,,,193.907,34.907000000000004,0.0,0.0,0.0,0.0,0.0,159.0,0.0,5.0,12.0,3.0,2.0,42.243
scn_few-loose_seed105.xlsx,soft,0.519,ok,optimal,,,193.907,34.907000000000004,0.0,5.0,0.0,0.0,0.0,159.0,0.0,5.0,12.0,3.0,2.0,42.243
scn_few-loose_seed105.xlsx,medium,0.622,ok,optimal,,,193.907,34.907000000000004,0.0,4.0,0.0,0.0,0.0,0.0,159.0,5.0,12.0,3.0,2.0,42.243
scn_few-loose_seed105.xlsx,hard,0.688,ok,optimal,,,193.907,34.907000000000004,0.0,2.0,0.0,0.0,0.0,0.0,159.0,5.0,12.0,3.0,2.0,42.243
scn_few-loose_seed106.xlsx,soft12,0.866,ok,optimal,,,191.51299999999986,35.51299999999988,0.0,0.0,0.0,0.0,0.0,156.0,0.0,5.0,12.0,3.0,2.0,41.789
scn_few-loose_seed106.xlsx,soft,0.746,ok,optimal,,,191.51299999999986,35.51299999999988,0.0,6.0,0.0,0.0,0.0,156.0,0.0,5.0,12.0,3.0,2.0,41.789
scn_few-loose_seed106.xlsx,medium,0.716,ok,optimal,,,188.382,32.382,0.0,4.0,0.0,0.0,0.0,0.0,156.0,5.0,12.0,3.0,2.0,41.789
scn_few-loose_seed106.xlsx,hard,0.735,ok,optimal,,,188.382,32.382,0.0,3.0,0.0,0.0,0.0,0.0,156.0,5.0,12.0,3.0,2.0,41.789
scn_few-loose_seed107.xlsx,soft12,0.579,ok,optimal,,,167.707,26.707,0.0,0.0,0.0,0.0,0.0,0.0,141.0,5.0,10.0,3.0,2.0,36.677
scn_few-loose_seed107.xlsx,soft,0.438,ok,optimal,,,167.707,26.707,0.0,5.0,0.0,0.0,0.0,0.0,141.0,5.0,10.0,3.0,2.0,36.677
scn_few-loose_seed107.xlsx,medium,0.516,ok,optimal,,,167.707,26.707,0.0,3.0,0.0,0.0,0.0,0.0,141.0,5.0,10.0,3.0,2.0,36.677
scn_few-loose_seed107.xlsx,hard,0.513,ok,optimal,,,167.707,26.707,0.0,3.0,0.0,0.0,0.0,0.0,141.0,5.0,10.0,3.0,2.0,36.677
scn_few-loose_seed108.xlsx,soft12,0.609,ok,optimal,,,161.036,23.036,0.0,0.0,0.0,0.0,0.0,0.0,138.0,5.0,10.0,3.0,2.0,35.14
scn_few-loose_seed108.xlsx,soft,0.454,ok,optimal,,,161.036,23.036,0.0,3.0,0.0,0.0,0.0,0.0,138.0,5.0,10.0,3.0,2.0,35.14
scn_few-loose_seed108.xlsx,medium,0.516,ok,optimal,,,161.036,23.036,0.0,3.0,0.0,0.0,0.0,0.0,138.0,5.0,10.0,3.0,2.0,35.14
scn_few-loose_seed108.xlsx,hard,0.535,ok,optimal,,,161.036,23.036,0.0,3.0,0.0,0.0,0.0,0.0,138.0,5.0,10.0,3.0,2.0,35.14
scn_few-loose_seed109.xlsx,soft12,0.51,ok,optimal,,,210.704,36.70399999999999,0.0,0.0,0.0,0.0,0.0,0.0,174.0,5.0,12.0,3.0,2.0,47.071
scn_few-loose_seed109.xlsx,soft,0.504,ok,optimal,,,210.704,36.70399999999999,0.0,4.0,0.0,0.0,0.0,174.0,0.0,5.0,12.0,3.0,2.0,47.071
scn_few-loose_seed109.xlsx,medium,0.547,ok,optimal,,,210.704,36.70399999999999,0.0,5.0,0.0,0.0,0.0,0.0,174.0,5.0,12.0,3.0,2.0,47.071
scn_few-loose_seed109.xlsx,hard,0.556,ok,optimal,,,210.704,36.70399999999999,0.0,2.0,0.0,0.0,0.0,0.0,174.0,5.0,12.0,3.0,2.0,47.071
scn_few-loose_seed110.xlsx,soft12,0.617,ok,optimal,,,181.734,28.734,0.0,0.0,0.0,0.0,0.0,0.0,153.0,5.0,14.0,3.0,2.0,40.591
scn_few-loose_seed110.xlsx,soft,0.571,ok,optimal,,,181.734,28.734,0.0,5.0,0.0,0.0,0.0,0.0,153.0,5.0,14.0,3.0,2.0,40.591
scn_few-loose_seed110.xlsx,medium,0.593,ok,optimal,,,181.734,28.734,0.0,3.0,0.0,0.0,0.0,0.0,153.0,5.0,14.0,3.0,2.0,40.591
scn_few-loose_seed110.xlsx,hard,0.603,ok,optimal,,,181.734,28.734,0.0,3.0,0.0,0.0,0.0,0.0,153.0,5.0,14.0,3.0,2.0,40.591
scn_few-tight_seed101.xlsx,soft12,0.475,ok,optimal,,,116.241,20.241000000000003,0.0,0.0,0.0,0.0,0.0,96.0,0.0,5.0,14.0,3.0,2.0,21.641
scn_few-tight_seed101.xlsx,soft,0.444,ok,optimal,,,116.241,20.241000000000003,0.0,5.0,0.0,0.0,0.0,96.0,0.0,5.0,14.0,3.0,2.0,21.641
scn_few-tight_seed101.xlsx,medium,0.641,ok,optimal,,,1000116.241,20.241000000000003,0.0,7.0,1.0,0.0,0.0,0.0,96.0,5.0,14.0,3.0,2.0,21.641
scn_few-tight_seed101.xlsx,hard,0.761,ok,optimal,,,21000116.241,20.241000000000003,0.0,4.0,1.0,1.0,0.0,0.0,96.0,5.0,14.0,3.0,2.0,21.641
scn_few-tight_seed102.xlsx,soft12,0.367,ok,optimal,,,107.87,17.869999999999997,0.0,0.0,0.0,0.0,0.0,90.0,0.0,5.0,12.0,3.0,2.0,19.27
scn_few-tight_seed102.xlsx,soft,0.337,ok,optimal,,,107.87,17.869999999999997,0.0,4.0,0.0,0.0,0.0,90.0,0.0,5.0,12.0,3.0,2.0,19.27
scn_few-tight_seed102.xlsx,medium,0.39,ok,optimal,,,107.87,17.869999999999997,0.0,4.0,0.0,0.0,0.0,0.0,90.0,5.0,12.0,3.0,2.0,19.27
scn_few-tight_seed102.xlsx,hard,0.364,ok,optimal,,,20000107.87,17.869999999999997,0.0,4.0,0.0,1.0,0.0,0.0,90.0,5.0,12.0,3.0,2.0,19.27
scn_few-tight_seed103.xlsx,soft12,0.333,ok,optimal,,,115.602,19.602,0.0,0.0,0.0,0.0,0.0,96.0,0.0,5.0,12.0,3.0,2.0,21.001
scn_few-tight_seed103.xlsx,soft,0.323,ok,optimal,,,115.602,19.602,0.0,6.0,0.0,0.0,0.0,96.0,0.0,5.0,12.0,3.0,2.0,21.001
scn_few-tight_seed103.xlsx,medium,0.343,ok,optimal,,,115.602,19.602,0.0,5.0,0.0,0.0,0.0,0.0,96.0,5.0,12.0,3.0,2.0,21.001
scn_few-tight_seed103.xlsx,hard,0.429,ok,optimal,,,115.602,19.602,0.0,3.0,0.0,0.0,0.0,0.0,96.0,5.0,12.0,3.0,2.0,21.001
scn_few-tight_seed104.xlsx,soft12,0.491,ok,optimal,,,99.696,15.696,0.0,0.0,0.0,0.0,0.0,84.0,0.0,5.0,10.0,3.0,2.0,17.096
scn_few-tight_seed104.xlsx,soft,0.505,ok,optimal,,,99.696,15.696,0.0,4.0,0.0,0.0,0.0,84.0,0.0,5.0,10.0,3.0,2.0,17.096
scn_few-tight_seed104.xlsx,medium,0.277,ok,optimal,,,99.696,15.696,0.0,4.0,0.0,0.0,0.0,84.0,0.0,5.0,10.0,3.0,2.0,17.096
scn_few-tight_seed104.xlsx,hard,0.464,ok,optimal,,,99.696,15.696,0.0,2.0,0.0,0.0,0.0,0.0,84.0,5.0,10.0,3.0,2.0,17.096
scn_few-tight_seed105.xlsx,soft12,0.329,ok,optimal,,,115.617,19.617,0.0,0.0,0.0,0.0,0.0,0.0,96.0,5.0,12.0,3.0,2.0,21.017
scn_few-tight_seed105.xlsx,soft,0.321,ok,optimal,,,115.617,19.617,0.0,5.0,0.0,0.0,0.0,0.0,96.0,5.0,12.0,3.0,2.0,21.017
scn_few-tight_seed105.xlsx,medium,0.366,ok,optimal,,,115.617,19.617,0.0,3.0,0.0,0.0,0.0,0.0,96.0,5.0,12.0,3.0,2.0,21.017
scn_few-tight_seed105.xlsx,hard,0.405,ok,optimal,,,115.617,19.617,0.0,2.0,0.0,0.0,0.0,0.0,96.0,5.0,12.0,3.0,2.0,21.017
scn_few-tight_seed106.xlsx,soft12,0.314,ok,optimal,,,111.613,18.613,0.0,0.0,0.0,0.0,0.0,93.0,0.0,5.0,12.0,3.0,2.0,20.014
scn_few-tight_seed106.xlsx,soft,0.314,ok,optimal,,,111.613,18.613,0.0,6.0,0.0,0.0,0.0,93.0,0.0,5.0,12.0,3.0,2.0,20.014
scn_few-tight_seed106.xlsx,medium,0.378,ok,optimal,,,111.613,18.613,0.0,4.0,0.0,0.0,0.0,0.0,93.0,5.0,12.0,3.0,2.0,20.014
scn_few-tight_seed106.xlsx,hard,0.362,ok,optimal,,,111.613,18.613,0.0,3.0,0.0,0.0,0.0,0.0,93.0,5.0,12.0,3.0,2.0,20.014
scn_few-tight_seed107.xlsx,soft12,0.251,ok,optimal,,,100.37899999999999,16.378999999999998,0.0,0.0,0.0,0.0,0.0,84.0,0.0,5.0,10.0,3.0,2.0,17.779
scn_few-tight_seed107.xlsx,soft,0.245,ok,optimal,,,100.37899999999999,16.378999999999998,0.0,5.0,0.0,0.0,0.0,84.0,0.0,5.0,10.0,3.0,2.0,17.779
scn_few-tight_seed107.xlsx,medium,0.334,ok,optimal,,,100.37899999999999,16.378999999999998,0.0,3.0,0.0,0.0,0.0,0.0,84.0,5.0,10.0,3.0,2.0,17.779
scn_few-tight_seed107.xlsx,hard,0.332,ok,optimal,,,100.37899999999999,16.378999999999998,0.0,3.0,0.0,0.0,0.0,0.0,84.0,5.0,10.0,3.0,2.0,17.779
scn_few-tight_seed108.xlsx,soft12,0.335,ok,optimal,,,96.499,15.498999999999999,0.0,0.0,0.0,0.0,0.0,81.0,0.0,5.0,10.0,3.0,2.0,16.942999999999998
scn_few-tight_seed108.xlsx,soft,0.299,ok,optimal,,,96.499,15.498999999999999,0.0,4.0,0.0,0.0,0.0,81.0,0.0,5.0,10.0,3.0,2.0,16.942999999999998
scn_few-tight_seed108.xlsx,medium,0.327,ok,optimal,,,96.499,15.498999999999999,0.0,3.0,0.0,0.0,0.0,0.0,81.0,5.0,10.0,3.0,2.0,16.942999999999998
scn_few-tight_seed108.xlsx,hard,0.508,ok,optimal,,,96.499,15.498999999999999,0.0,3.0,0.0,0.0,0.0,81.0,0.0,5.0,10.0,3.0,2.0,16.942999999999998
scn_few-tight_seed109.xlsx,soft12,0.37,ok,optimal,,,120.22800000000001,21.228,0.0,0.0,0.0,0.0,0.0,99.0,0.0,5.0,12.0,3.0,2.0,22.628
scn_few-tight_seed109.xlsx,soft,0.332,ok,optimal,,,120.22800000000001,21.228,0.0,5.0,0.0,0.0,0.0,99.0,0.0,5.0,12.0,3.0,2.0,22.628
scn_few-tight_seed109.xlsx,medium,0.349,ok,optimal,,,120.22800000000001,21.228,0.0,6.0,0.0,0.0,0.0,0.0,99.0,5.0,12.0,3.0,2.0,22.628
scn_few-tight_seed109.xlsx,hard,0.362,ok,optimal,,,20000120.228,21.228,0.0,4.0,0.0,1.0,0.0,0.0,99.0,5.0,12.0,3.0,2.0,22.628
scn_few-tight_seed110.xlsx,soft12,0.392,ok,optimal,,,104.479,17.479,0.0,0.0,0.0,0.0,0.0,87.0,0.0,5.0,14.0,3.0,2.0,18.907
scn_few-tight_seed110.xlsx,soft,0.368,ok,optimal,,,104.479,17.479,0.0,7.0,0.0,0.0,0.0,87.0,0.0,5.0,14.0,3.0,2.0,18.907
scn_few-tight_seed110.xlsx,medium,0.44,ok,optimal,,,104.479,17.479,0.0,5.0,0.0,0.0,0.0,0.0,87.0,5.0,14.0,3.0,2.0,18.907
scn_few-tight_seed110.xlsx,hard,0.41,ok,optimal,,,104.479,17.479,0.0,3.0,0.0,0.0,0.0,0.0,87.0,5.0,14.0,3.0,2.0,18.907
scn_heavy-mix_seed101.xlsx,soft12,20.719,warning,infeasible,,,,,,,,,,,,5.0,99.0,14.0,6.0,50.534
scn_heavy-mix_seed101.xlsx,soft,21.721,warning,infeasible,,,,,,,,,,,,5.0,99.0,14.0,6.0,50.534
scn_heavy-mix_seed101.xlsx,medium,33.417,warning,infeasible,,,,,,,,,,,,5.0,99.0,14.0,6.0,50.534
scn_heavy-mix_seed101.xlsx,hard,29.866,warning,infeasible,,,,,,,,,,,,5.0,99.0,14.0,6.0,50.534
scn_heavy-mix_seed102.xlsx,soft12,18.292,warning,infeasible,,,,,,,,,,,,5.0,99.0,14.0,6.0,47.94
scn_heavy-mix_seed102.xlsx,soft,16.174,warning,infeasible,,,,,,,,,,,,5.0,99.0,14.0,6.0,47.94
scn_heavy-mix_seed102.xlsx,medium,26.663,warning,infeasible,,,,,,,,,,,,5.0,99.0,14.0,6.0,47.94
scn_heavy-mix_seed102.xlsx,hard,26.503,warning,infeasible,,,,,,,,,,,,5.0,99.0,14.0,6.0,47.94
scn_heavy-mix_seed103.xlsx,soft12,19.4,warning,infeasible,,,,,,,,,,,,5.0,99.0,14.0,6.0,43.781
scn_heavy-mix_seed103.xlsx,soft,20.215,warning,infeasible,,,,,,,,,,,,5.0,99.0,14.0,6.0,43.781
scn_heavy-mix_seed103.xlsx,medium,28.146,warning,infeasible,,,,,,,,,,,,5.0,99.0,14.0,6.0,43.781
scn_heavy-mix_seed103.xlsx,hard,36.42,warning,infeasible,,,,,,,,,,,,5.0,99.0,14.0,6.0,43.781
scn_heavy-mix_seed104.xlsx,soft12,13.656,warning,infeasible,,,,,,,,,,,,5.0,90.0,14.0,6.0,41.321
scn_heavy-mix_seed104.xlsx,soft,18.039,warning,infeasible,,,,,,,,,,,,5.0,90.0,14.0,6.0,41.321
scn_heavy-mix_seed104.xlsx,medium,24.69,warning,infeasible,,,,,,,,,,,,5.0,90.0,14.0,6.0,41.321
scn_heavy-mix_seed104.xlsx,hard,27.72,warning,infeasible,,,,,,,,,,,,5.0,90.0,14.0,6.0,41.321
scn_heavy-mix_seed105.xlsx,soft12,20.685,warning,infeasible,,,,,,,,,,,,5.0,94.0,14.0,6.0,50.303
scn_heavy-mix_seed105.xlsx,soft,23.61,warning,infeasible,,,,,,,,,,,,5.0,94.0,14.0,6.0,50.303
scn_heavy-mix_seed105.xlsx,medium,34.562,warning,infeasible,,,,,,,,,,,,5.0,94.0,14.0,6.0,50.303
scn_heavy-mix_seed105.xlsx,hard,28.727,warning,infeasible,,,,,,,,,,,,5.0,94.0,14.0,6.0,50.303
scn_heavy-mix_seed106.xlsx,soft12,20.495,warning,infeasible,,,,,,,,,,,,5.0,96.0,14.0,6.0,47.828
scn_heavy-mix_seed106.xlsx,soft,19.639,warning,infeasible,,,,,,,,,,,,5.0,96.0,14.0,6.0,47.828
scn_heavy-mix_seed106.xlsx,medium,38.601,warning,infeasible,,,,,,,,,,,,5.0,96.0,14.0,6.0,47.828
scn_heavy-mix_seed106.xlsx,hard,29.882,warning,infeasible,,,,,,,,,,,,5.0,96.0,14.0,6.0,47.828
scn_heavy-mix_seed107.xlsx,soft12,18.099,warning,infeasible,,,,,,,,,,,,5.0,96.0,14.0,6.0,44.706
scn_heavy-mix_seed107.xlsx,soft,17.7,warning,infeasible,,,,,,,,,,,,5.0,96.0,14.0,6.0,44.706
scn_heavy-mix_seed107.xlsx,medium,21.621,warning,infeasible,,,,,,,,,,,,5.0,96.0,14.0,6.0,44.706
scn_heavy-mix_seed107.xlsx,hard,21.417,warning,infeasible,,,,,,,,,,,,5.0,96.0,14.0,6.0,44.706
scn_heavy-mix_seed108.xlsx,soft12,14.766,warning,infeasible,,,,,,,,,,,,5.0,94.0,14.0,6.0,50.932
scn_heavy-mix_seed108.xlsx,soft,14.144,warning,infeasible,,,,,,,,,,,,5.0,94.0,14.0,6.0,50.932
scn_heavy-mix_seed108.xlsx,medium,20.904,warning,infeasible,,,,,,,,,,,,5.0,94.0,14.0,6.0,50.932
scn_heavy-mix_seed108.xlsx,hard,18.879,warning,infeasible,,,,,,,,,,,,5.0,94.0,14.0,6.0,50.932
scn_heavy-mix_seed109.xlsx,soft12,17.661,warning,infeasible,,,,,,,,,,,,5.0,105.0,14.0,6.0,48.421
scn_heavy-mix_seed109.xlsx,soft,16.713,warning,infeasible,,,,,,,,,,,,5.0,105.0,14.0,6.0,48.421
scn_heavy-mix_seed109.xlsx,medium,22.39,warning,infeasible,,,,,,,,,,,,5.0,105.0,14.0,6.0,48.421
scn_heavy-mix_seed109.xlsx,hard,22.623,warning,infeasible,,,,,,,,,,,,5.0,105.0,14.0,6.0,48.421
scn_heavy-mix_seed110.xlsx,soft12,15.683,warning,infeasible,,,,,,,,,,,,5.0,97.0,14.0,6.0,57.077
scn_heavy-mix_seed110.xlsx,soft,16.924,warning,infeasible,,,,,,,,,,,,5.0,97.0,14.0,6.0,57.077
scn_heavy-mix_seed110.xlsx,medium,22.136,warning,infeasible,,,,,,,,,,,,5.0,97.0,14.0,6.0,57.077
scn_heavy-mix_seed110.xlsx,hard,23.323,warning,infeasible,,,,,,,,,,,,5.0,97.0,14.0,6.0,57.077
scn_many-medium_seed101.xlsx,soft12,264.332,ok,optimal,,,444.6860000000001,36.6860000000001,0.0,0.0,0.0,0.0,0.0,0.0,408.0,5.0,38.0,8.0,4.0,40.49
scn_many-medium_seed101.xlsx,soft,273.515,ok,optimal,,,444.6860000000001,36.6860000000001,0.0,13.0,0.0,0.0,0.0,0.0,408.0,5.0,38.0,8.0,4.0,40.49
scn_many-medium_seed101.xlsx,medium,,ERROR,Cannot load a SolverResults object with bad status: aborted,,,,,,,,,,,,,,,,
scn_many-medium_seed101.xlsx,hard,,ERROR,Cannot load a SolverResults object with bad status: aborted,,,,,,,,,,,,,,,,
scn_many-medium_seed102.xlsx,soft12,54.49,ok,optimal,,,471.222,39.222,0.0,0.0,0.0,0.0,0.0,0.0,432.0,5.0,39.0,8.0,4.0,43.631
scn_many-medium_seed102.xlsx,soft,56.518,ok,optimal,,,471.222,39.222,0.0,13.0,0.0,0.0,0.0,0.0,432.0,5.0,39.0,8.0,4.0,43.631
scn_many-medium_seed102.xlsx,medium,,ERROR,Cannot load a SolverResults object with bad status: aborted,,,,,,,,,,,,,,,,
scn_many-medium_seed102.xlsx,hard,,ERROR,Cannot load a SolverResults object with bad status: aborted,,,,,,,,,,,,,,,,
scn_many-medium_seed103.xlsx,soft12,14.841,ok,optimal,,,417.938,33.937999999999974,0.0,0.0,0.0,0.0,0.0,0.0,384.0,5.0,40.0,8.0,4.0,37.145
scn_many-medium_seed103.xlsx,soft,15.79,ok,optimal,,,417.938,33.937999999999974,0.0,15.0,0.0,0.0,0.0,0.0,384.0,5.0,40.0,8.0,4.0,37.145
scn_many-medium_seed103.xlsx,medium,303.109,aborted,maxTimeLimit,,,,,,,,,,,,5.0,40.0,8.0,4.0,37.145
scn_many-medium_seed103.xlsx,hard,,ERROR,Cannot load a SolverResults object with bad status: aborted,,,,,,,,,,,,,,,,
scn_many-medium_seed104.xlsx,soft12,9.874,ok,optimal,,,436.895,36.89500000000001,0.0,0.0,0.0,0.0,0.0,0.0,400.0,5.0,38.0,8.0,4.0,39.692
scn_many-medium_seed104.xlsx,soft,10.299,ok,optimal,,,436.895,36.89500000000001,0.0,11.0,0.0,0.0,0.0,0.0,400.0,5.0,38.0,8.0,4.0,39.692
scn_many-medium_seed104.xlsx,medium,302.777,aborted,maxTimeLimit,,,,,,,,,,,,5.0,38.0,8.0,4.0,39.692
scn_many-medium_seed104.xlsx,hard,303.036,aborted,maxTimeLimit,,,,,,,,,,,,5.0,38.0,8.0,4.0,39.692
scn_many-medium_seed105.xlsx,soft12,29.16,ok,optimal,,,461.76900000000006,37.769000000000084,0.0,0.0,0.0,0.0,0.0,0.0,424.0,5.0,44.0,8.0,4.0,42.347
scn_many-medium_seed105.xlsx,soft,36.155,ok,optimal,,,461.76900000000006,37.769000000000084,0.0,12.0,0.0,0.0,0.0,0.0,424.0,5.0,44.0,8.0,4.0,42.347
scn_many-medium_seed105.xlsx,medium,,ERROR,Cannot load a SolverResults object with bad status: aborted,,,,,,,,,,,,,,,,
scn_many-medium_seed105.xlsx,hard,,ERROR,Cannot load a SolverResults object with bad status: aborted,,,,,,,,,,,,,,,,
scn_many-medium_seed106.xlsx,soft12,19.381,ok,optimal,,,463.369,39.369,0.0,0.0,0.0,0.0,0.0,0.0,424.0,5.0,40.0,8.0,4.0,42.793
scn_many-medium_seed106.xlsx,soft,18.192,ok,optimal,,,463.369,39.369,0.0,15.0,0.0,0.0,0.0,0.0,424.0,5.0,40.0,8.0,4.0,42.793
scn_many-medium_seed106.xlsx,medium,303.609,aborted,maxTimeLimit,,,,,,,,,,,,5.0,40.0,8.0,4.0,42.793
scn_many-medium_seed106.xlsx,hard,306.244,aborted,maxTimeLimit,,,,,,,,,,,,5.0,40.0,8.0,4.0,42.793
scn_many-medium_seed107.xlsx,soft12,10.829,ok,optimal,,,390.873,30.873,0.0,0.0,0.0,0.0,0.0,0.0,360.0,5.0,36.0,8.0,4.0,34.121
scn_many-medium_seed107.xlsx,soft,11.752,ok,optimal,,,390.873,30.873,0.0,12.0,0.0,0.0,0.0,0.0,360.0,5.0,36.0,8.0,4.0,34.121
scn_many-medium_seed107.xlsx,medium,303.456,aborted,maxTimeLimit,,,,,,,,,,,,5.0,36.0,8.0,4.0,34.121
scn_many-medium_seed107.xlsx,hard,302.241,aborted,maxTimeLimit,,,,,,,,,,,,5.0,36.0,8.0,4.0,34.121
scn_many-medium_seed108.xlsx,soft12,20.058,ok,optimal,,,452.221,36.221,0.0,0.0,0.0,0.0,0.0,0.0,416.0,5.0,35.0,8.0,4.0,41.311
scn_many-medium_seed108.xlsx,soft,20.167,ok,optimal,,,452.221,36.221,0.0,12.0,0.0,0.0,0.0,0.0,416.0,5.0,35.0,8.0,4.0,41.311
scn_many-medium_seed108.xlsx,medium,302.294,aborted,maxTimeLimit,,,,,,,,,,,,5.0,35.0,8.0,4.0,41.311
scn_many-medium_seed108.xlsx,hard,,ERROR,Cannot load a SolverResults object with bad status: aborted,,,,,,,,,,,,,,,,
scn_many-medium_seed109.xlsx,soft12,18.44,ok,optimal,,,400.41599999999994,32.41599999999991,0.0,0.0,0.0,0.0,0.0,0.0,368.0,5.0,37.0,8.0,4.0,35.286
scn_many-medium_seed109.xlsx,soft,18.989,ok,optimal,,,400.41599999999994,32.41599999999991,0.0,14.0,0.0,0.0,0.0,0.0,368.0,5.0,37.0,8.0,4.0,35.286
scn_many-medium_seed109.xlsx,medium,302.333,aborted,maxTimeLimit,,,,,,,,,,,,5.0,37.0,8.0,4.0,35.286
scn_many-medium_seed109.xlsx,hard,,ERROR,Cannot load a SolverResults object with bad status: aborted,,,,,,,,,,,,,,,,
scn_many-medium_seed110.xlsx,soft12,6.759,ok,optimal,,,463.01099999999997,39.010999999999996,0.0,0.0,0.0,0.0,0.0,0.0,424.0,5.0,40.0,8.0,4.0,42.866
scn_many-medium_seed110.xlsx,soft,6.649,ok,optimal,,,463.01099999999997,39.010999999999996,0.0,13.0,0.0,0.0,0.0,0.0,424.0,5.0,40.0,8.0,4.0,42.866
scn_many-medium_seed110.xlsx,medium,302.2,aborted,maxTimeLimit,,,,,,,,,,,,5.0,40.0,8.0,4.0,42.866
scn_many-medium_seed110.xlsx,hard,302.169,aborted,maxTimeLimit,,,,,,,,,,,,5.0,40.0,8.0,4.0,42.866
scn_many-tight_seed101.xlsx,soft12,5.954,warning,infeasible,,,,,,,,,,,,5.0,69.0,12.0,6.0,38.14
scn_many-tight_seed101.xlsx,soft,5.755,warning,infeasible,,,,,,,,,,,,5.0,69.0,12.0,6.0,38.14
scn_many-tight_seed101.xlsx,medium,7.378,warning,infeasible,,,,,,,,,,,,5.0,69.0,12.0,6.0,38.14
scn_many-tight_seed101.xlsx,hard,7.145,warning,infeasible,,,,,,,,,,,,5.0,69.0,12.0,6.0,38.14
scn_many-tight_seed102.xlsx,soft12,6.023,warning,infeasible,,,,,,,,,,,,5.0,71.0,12.0,6.0,40.264
scn_many-tight_seed102.xlsx,soft,8.067,warning,infeasible,,,,,,,,,,,,5.0,71.0,12.0,6.0,40.264
scn_many-tight_seed102.xlsx,medium,9.471,warning,infeasible,,,,,,,,,,,,5.0,71.0,12.0,6.0,40.264
scn_many-tight_seed102.xlsx,hard,8.439,warning,infeasible,,,,,,,,,,,,5.0,71.0,12.0,6.0,40.264
scn_many-tight_seed103.xlsx,soft12,7.699,warning,infeasible,,,,,,,,,,,,5.0,74.0,12.0,6.0,37.232
scn_many-tight_seed103.xlsx,soft,7.474,warning,infeasible,,,,,,,,,,,,5.0,74.0,12.0,6.0,37.232
scn_many-tight_seed103.xlsx,medium,9.805,warning,infeasible,,,,,,,,,,,,5.0,74.0,12.0,6.0,37.232
scn_many-tight_seed103.xlsx,hard,10.074,warning,infeasible,,,,,,,,,,,,5.0,74.0,12.0,6.0,37.232
scn_many-tight_seed104.xlsx,soft12,5.713,warning,infeasible,,,,,,,,,,,,5.0,67.0,12.0,6.0,38.062
scn_many-tight_seed104.xlsx,soft,6.501,warning,infeasible,,,,,,,,,,,,5.0,67.0,12.0,6.0,38.062
scn_many-tight_seed104.xlsx,medium,6.921,warning,infeasible,,,,,,,,,,,,5.0,67.0,12.0,6.0,38.062
scn_many-tight_seed104.xlsx,hard,7.316,warning,infeasible,,,,,,,,,,,,5.0,67.0,12.0,6.0,38.062
scn_many-tight_seed105.xlsx,soft12,7.672,warning,infeasible,,,,,,,,,,,,5.0,78.0,12.0,6.0,38.31
scn_many-tight_seed105.xlsx,soft,7.7,warning,infeasible,,,,,,,,,,,,5.0,78.0,12.0,6.0,38.31
scn_many-tight_seed105.xlsx,medium,9.442,warning,infeasible,,,,,,,,,,,,5.0,78.0,12.0,6.0,38.31
scn_many-tight_seed105.xlsx,hard,9.673,warning,infeasible,,,,,,,,,,,,5.0,78.0,12.0,6.0,38.31
scn_many-tight_seed106.xlsx,soft12,7.245,warning,infeasible,,,,,,,,,,,,5.0,77.0,12.0,6.0,41.098
scn_many-tight_seed106.xlsx,soft,7.183,warning,infeasible,,,,,,,,,,,,5.0,77.0,12.0,6.0,41.098
scn_many-tight_seed106.xlsx,medium,9.363,warning,infeasible,,,,,,,,,,,,5.0,77.0,12.0,6.0,41.098
scn_many-tight_seed106.xlsx,hard,9.092,warning,infeasible,,,,,,,,,,,,5.0,77.0,12.0,6.0,41.098
scn_many-tight_seed107.xlsx,soft12,6.072,warning,infeasible,,,,,,,,,,,,5.0,71.0,12.0,6.0,40.743
scn_many-tight_seed107.xlsx,soft,6.481,warning,infeasible,,,,,,,,,,,,5.0,71.0,12.0,6.0,40.743
scn_many-tight_seed107.xlsx,medium,7.517,warning,infeasible,,,,,,,,,,,,5.0,71.0,12.0,6.0,40.743
scn_many-tight_seed107.xlsx,hard,7.588,warning,infeasible,,,,,,,,,,,,5.0,71.0,12.0,6.0,40.743
scn_many-tight_seed108.xlsx,soft12,7.081,warning,infeasible,,,,,,,,,,,,5.0,75.0,12.0,6.0,44.313
scn_many-tight_seed108.xlsx,soft,6.806,warning,infeasible,,,,,,,,,,,,5.0,75.0,12.0,6.0,44.313
scn_many-tight_seed108.xlsx,medium,8.433,warning,infeasible,,,,,,,,,,,,5.0,75.0,12.0,6.0,44.313
scn_many-tight_seed108.xlsx,hard,8.834,warning,infeasible,,,,,,,,,,,,5.0,75.0,12.0,6.0,44.313
scn_many-tight_seed109.xlsx,soft12,6.932,warning,infeasible,,,,,,,,,,,,5.0,72.0,12.0,6.0,39.722
scn_many-tight_seed109.xlsx,soft,6.545,warning,infeasible,,,,,,,,,,,,5.0,72.0,12.0,6.0,39.722
scn_many-tight_seed109.xlsx,medium,8.566,warning,infeasible,,,,,,,,,,,,5.0,72.0,12.0,6.0,39.722
scn_many-tight_seed109.xlsx,hard,8.638,warning,infeasible,,,,,,,,,,,,5.0,72.0,12.0,6.0,39.722
scn_many-tight_seed110.xlsx,soft12,6.666,warning,infeasible,,,,,,,,,,,,5.0,73.0,12.0,6.0,42.021
scn_many-tight_seed110.xlsx,soft,6.536,warning,infeasible,,,,,,,,,,,,5.0,73.0,12.0,6.0,42.021
scn_many-tight_seed110.xlsx,medium,8.244,warning,infeasible,,,,,,,,,,,,5.0,73.0,12.0,6.0,42.021
scn_many-tight_seed110.xlsx,hard,8.411,warning,infeasible,,,,,,,,,,,,5.0,73.0,12.0,6.0,42.021
